eventID	eventDate	decimalLatitude	decimalLongitude	geodeticDatum	country	countryCode	habitat	samplingProtocol	basisOfRecord	locality	verbatimLocality
LIFE4POLL2	2021-05-17	45.138143	10.441288	WGS84	Italy	IT	lowland, riverside	"visual observation|photograph|Barberis et al. (in press) ""Insect-flower interactions in the Mediterranean area: a Citizen Science dataset collated within the LIFE 4 Pollinators project"". https://doi.org/xxxxx"	HumanObservation	IT20B0401|IT20A0004	observation located in Natura 2000 sites with codes IT20B0401|IT20A0004
LIFE4POLL3	2021-05-17	45.138514	10.441639	WGS84	Italy	IT	lowland, riverside	"visual observation|photograph|Barberis et al. (in press) ""Insect-flower interactions in the Mediterranean area: a Citizen Science dataset collated within the LIFE 4 Pollinators project"". https://doi.org/xxxxx"	HumanObservation	IT20B0401|IT20A0005	observation located in Natura 2000 sites with codes IT20B0401|IT20A0005
LIFE4POLL5	2021-05-20*	39.254287	9.154183	WGS84	Italy	IT	island, urban	"visual observation|photograph|Barberis et al. (in press) ""Insect-flower interactions in the Mediterranean area: a Citizen Science dataset collated within the LIFE 4 Pollinators project"". https://doi.org/xxxxx"	HumanObservation	OutsideNatura2000	observation located outside Natura 2000 sites
LIFE4POLL6	2021-05-21*	44.499658	11.353598	WGS84	Italy	IT	urban	"visual observation|photograph|Barberis et al. (in press) ""Insect-flower interactions in the Mediterranean area: a Citizen Science dataset collated within the LIFE 4 Pollinators project"". https://doi.org/xxxxx"	HumanObservation	OutsideNatura2000	observation located outside Natura 2000 sites
LIFE4POLL7	2021-05-22	45.140532	10.43848	WGS84	Italy	IT	lowland, riverside	"visual observation|photograph|Barberis et al. (in press) ""Insect-flower interactions in the Mediterranean area: a Citizen Science dataset collated within the LIFE 4 Pollinators project"". https://doi.org/xxxxx"	HumanObservation	IT20B0401|IT20A0005	observation located in Natura 2000 sites with codes IT20B0401|IT20A0005
LIFE4POLL8	2021-05-21	45.140532	10.43848	WGS84	Italy	IT	lowland, riverside	"visual observation|photograph|Barberis et al. (in press) ""Insect-flower interactions in the Mediterranean area: a Citizen Science dataset collated within the LIFE 4 Pollinators project"". https://doi.org/xxxxx"	HumanObservation	IT20B0401|IT20A0005	observation located in Natura 2000 sites with codes IT20B0401|IT20A0005
LIFE4POLL9	2021-06-10	44.465228	11.287229	WGS84	Italy	IT	hills	"visual observation|photograph|Barberis et al. (in press) ""Insect-flower interactions in the Mediterranean area: a Citizen Science dataset collated within the LIFE 4 Pollinators project"". https://doi.org/xxxxx"	HumanObservation	IT4050029	observation located in Natura 2000 site with code IT4050029
LIFE4POLL10	2021-06-10	44.465212	11.287143	WGS84	Italy	IT	hills	"visual observation|photograph|Barberis et al. (in press) ""Insect-flower interactions in the Mediterranean area: a Citizen Science dataset collated within the LIFE 4 Pollinators project"". https://doi.org/xxxxx"	HumanObservation	IT4050029	observation located in Natura 2000 site with code IT4050029
LIFE4POLL11	2021-06-12*	44.499284	11.354288	WGS84	Italy	IT	urban	"visual observation|photograph|Barberis et al. (in press) ""Insect-flower interactions in the Mediterranean area: a Citizen Science dataset collated within the LIFE 4 Pollinators project"". https://doi.org/xxxxx"	HumanObservation	OutsideNatura2000	observation located outside Natura 2000 sites
LIFE4POLL12	2021-06-13*	na	na	na	na	na	lowland, riverside	"visual observation|photograph|Barberis et al. (in press) ""Insect-flower interactions in the Mediterranean area: a Citizen Science dataset collated within the LIFE 4 Pollinators project"". https://doi.org/xxxxx"	HumanObservation	na	observation without coordinates
LIFE4POLL14	2021-06-13*	45.111727	10.79988	WGS84	Italy	IT	periurban	"visual observation|photograph|Barberis et al. (in press) ""Insect-flower interactions in the Mediterranean area: a Citizen Science dataset collated within the LIFE 4 Pollinators project"". https://doi.org/xxxxx"	HumanObservation	OutsideNatura2000	observation located outside Natura 2000 sites
LIFE4POLL15	2021-06-16	45.140494	10.4386	WGS84	Italy	IT	lowland, riverside	"visual observation|photograph|Barberis et al. (in press) ""Insect-flower interactions in the Mediterranean area: a Citizen Science dataset collated within the LIFE 4 Pollinators project"". https://doi.org/xxxxx"	HumanObservation	IT20B0401|IT20A0004	observation located in Natura 2000 sites with codes IT20B0401|IT20A0004
LIFE4POLL17	2021-06-13	45.541255	9.209332	WGS84	Italy	IT	urban	"visual observation|photograph|Barberis et al. (in press) ""Insect-flower interactions in the Mediterranean area: a Citizen Science dataset collated within the LIFE 4 Pollinators project"". https://doi.org/xxxxx"	HumanObservation	OutsideNatura2000	observation located outside Natura 2000 sites
LIFE4POLL18	2021-06-13	45.541285	9.209118	WGS84	Italy	IT	urban	"visual observation|photograph|Barberis et al. (in press) ""Insect-flower interactions in the Mediterranean area: a Citizen Science dataset collated within the LIFE 4 Pollinators project"". https://doi.org/xxxxx"	HumanObservation	OutsideNatura2000	observation located outside Natura 2000 sites
LIFE4POLL19	2021-06-08	45.565146	10.220203	WGS84	Italy	IT	urban	"visual observation|photograph|Barberis et al. (in press) ""Insect-flower interactions in the Mediterranean area: a Citizen Science dataset collated within the LIFE 4 Pollinators project"". https://doi.org/xxxxx"	HumanObservation	OutsideNatura2000	observation located outside Natura 2000 sites
LIFE4POLL20	2021-06-30*	44.500474	11.353292	WGS84	Italy	IT	urban	"visual observation|photograph|Barberis et al. (in press) ""Insect-flower interactions in the Mediterranean area: a Citizen Science dataset collated within the LIFE 4 Pollinators project"". https://doi.org/xxxxx"	HumanObservation	OutsideNatura2000	observation located outside Natura 2000 sites
LIFE4POLL21	2021-06-30*	44.500474	11.353292	WGS84	Italy	IT	urban	"visual observation|photograph|Barberis et al. (in press) ""Insect-flower interactions in the Mediterranean area: a Citizen Science dataset collated within the LIFE 4 Pollinators project"". https://doi.org/xxxxx"	HumanObservation	OutsideNatura2000	observation located outside Natura 2000 sites
LIFE4POLL23	2021-08-18*	na	na	na	na	na	riverside	"visual observation|photograph|Barberis et al. (in press) ""Insect-flower interactions in the Mediterranean area: a Citizen Science dataset collated within the LIFE 4 Pollinators project"". https://doi.org/xxxxx"	HumanObservation	na	observation without coordinates
LIFE4POLL24	2021-08-18*	na	na	na	na	na	na	"visual observation|photograph|Barberis et al. (in press) ""Insect-flower interactions in the Mediterranean area: a Citizen Science dataset collated within the LIFE 4 Pollinators project"". https://doi.org/xxxxx"	HumanObservation	na	observation without coordinates
LIFE4POLL25	2021-08-12	42.925006	13.898392	WGS84	Italy	IT	seaside	"visual observation|photograph|Barberis et al. (in press) ""Insect-flower interactions in the Mediterranean area: a Citizen Science dataset collated within the LIFE 4 Pollinators project"". https://doi.org/xxxxx"	HumanObservation	OutsideNatura2000	observation located outside Natura 2000 sites
LIFE4POLL27	2021-09-02	44.480755	11.322684	WGS84	Italy	IT	hills	"visual observation|photograph|Barberis et al. (in press) ""Insect-flower interactions in the Mediterranean area: a Citizen Science dataset collated within the LIFE 4 Pollinators project"". https://doi.org/xxxxx"	HumanObservation	OutsideNatura2000	observation located outside Natura 2000 sites
LIFE4POLL28	2021-09-02	44.480747	11.322681	WGS84	Italy	IT	hills	"visual observation|photograph|Barberis et al. (in press) ""Insect-flower interactions in the Mediterranean area: a Citizen Science dataset collated within the LIFE 4 Pollinators project"". https://doi.org/xxxxx"	HumanObservation	OutsideNatura2000	observation located outside Natura 2000 sites
LIFE4POLL29	2021-09-13*	na	na	na	na	na	na	"visual observation|photograph|Barberis et al. (in press) ""Insect-flower interactions in the Mediterranean area: a Citizen Science dataset collated within the LIFE 4 Pollinators project"". https://doi.org/xxxxx"	HumanObservation	na	observation without coordinates
LIFE4POLL31	2021-08-25	37.478	15.081396	WGS84	Italy	IT	urban	"visual observation|photograph|Barberis et al. (in press) ""Insect-flower interactions in the Mediterranean area: a Citizen Science dataset collated within the LIFE 4 Pollinators project"". https://doi.org/xxxxx"	HumanObservation	OutsideNatura2000	observation located outside Natura 2000 sites
LIFE4POLL32	2021-11-15	37.504262	15.052772	WGS84	Italy	IT	urban	"visual observation|photograph|Barberis et al. (in press) ""Insect-flower interactions in the Mediterranean area: a Citizen Science dataset collated within the LIFE 4 Pollinators project"". https://doi.org/xxxxx"	HumanObservation	OutsideNatura2000	observation located outside Natura 2000 sites
LIFE4POLL33	2021-11-14	37.504266	15.052772	WGS84	Italy	IT	urban	"visual observation|photograph|Barberis et al. (in press) ""Insect-flower interactions in the Mediterranean area: a Citizen Science dataset collated within the LIFE 4 Pollinators project"". https://doi.org/xxxxx"	HumanObservation	OutsideNatura2000	observation located outside Natura 2000 sites
LIFE4POLL34	2021-11-16	37.504253	15.05289	WGS84	Italy	IT	urban	"visual observation|photograph|Barberis et al. (in press) ""Insect-flower interactions in the Mediterranean area: a Citizen Science dataset collated within the LIFE 4 Pollinators project"". https://doi.org/xxxxx"	HumanObservation	OutsideNatura2000	observation located outside Natura 2000 sites
LIFE4POLL35	2021-11-16	37.504258	15.052696	WGS84	Italy	IT	urban	"visual observation|photograph|Barberis et al. (in press) ""Insect-flower interactions in the Mediterranean area: a Citizen Science dataset collated within the LIFE 4 Pollinators project"". https://doi.org/xxxxx"	HumanObservation	OutsideNatura2000	observation located outside Natura 2000 sites
LIFE4POLL36	2021-11-18*	44.168415	11.260986	WGS84	Italy	IT	mountain	"visual observation|photograph|Barberis et al. (in press) ""Insect-flower interactions in the Mediterranean area: a Citizen Science dataset collated within the LIFE 4 Pollinators project"". https://doi.org/xxxxx"	HumanObservation	IT4050032	observation located in Natura 2000 site with code IT4050032
LIFE4POLL37	2021-05-27	44.562946	11.463863	WGS84	Italy	IT	lowland	"visual observation|photograph|Barberis et al. (in press) ""Insect-flower interactions in the Mediterranean area: a Citizen Science dataset collated within the LIFE 4 Pollinators project"". https://doi.org/xxxxx"	HumanObservation	OutsideNatura2000	observation located outside Natura 2000 sites
LIFE4POLL38	2021-05-27	44.562509	11.453929	WGS84	Italy	IT	lowland	"visual observation|photograph|Barberis et al. (in press) ""Insect-flower interactions in the Mediterranean area: a Citizen Science dataset collated within the LIFE 4 Pollinators project"". https://doi.org/xxxxx"	HumanObservation	OutsideNatura2000	observation located outside Natura 2000 sites
LIFE4POLL39	2021-05-07	44.572936	11.469291	WGS84	Italy	IT	lowland	"visual observation|photograph|Barberis et al. (in press) ""Insect-flower interactions in the Mediterranean area: a Citizen Science dataset collated within the LIFE 4 Pollinators project"". https://doi.org/xxxxx"	HumanObservation	OutsideNatura2000	observation located outside Natura 2000 sites
LIFE4POLL40	2021-11-18	37.504262	15.052868	WGS84	Italy	IT	urban	"visual observation|photograph|Barberis et al. (in press) ""Insect-flower interactions in the Mediterranean area: a Citizen Science dataset collated within the LIFE 4 Pollinators project"". https://doi.org/xxxxx"	HumanObservation	OutsideNatura2000	observation located outside Natura 2000 sites
LIFE4POLL41	2021-11-18	37.504266	15.052782	WGS84	Italy	IT	urban	"visual observation|photograph|Barberis et al. (in press) ""Insect-flower interactions in the Mediterranean area: a Citizen Science dataset collated within the LIFE 4 Pollinators project"". https://doi.org/xxxxx"	HumanObservation	OutsideNatura2000	observation located outside Natura 2000 sites
LIFE4POLL44	2021-11-30	37.511036	15.083606	WGS84	Italy	IT	urban	"visual observation|photograph|Barberis et al. (in press) ""Insect-flower interactions in the Mediterranean area: a Citizen Science dataset collated within the LIFE 4 Pollinators project"". https://doi.org/xxxxx"	HumanObservation	OutsideNatura2000	observation located outside Natura 2000 sites
LIFE4POLL45	2021-11-30	37.510815	15.083284	WGS84	Italy	IT	urban	"visual observation|photograph|Barberis et al. (in press) ""Insect-flower interactions in the Mediterranean area: a Citizen Science dataset collated within the LIFE 4 Pollinators project"". https://doi.org/xxxxx"	HumanObservation	OutsideNatura2000	observation located outside Natura 2000 sites
LIFE4POLL46	2021-11-30*	44.205563	7.26849	WGS84	Italy	IT	mountain	"visual observation|photograph|Barberis et al. (in press) ""Insect-flower interactions in the Mediterranean area: a Citizen Science dataset collated within the LIFE 4 Pollinators project"". https://doi.org/xxxxx"	HumanObservation	IT1160056	observation located in Natura 2000 site with code IT1160056
LIFE4POLL47	2021-12-02	37.504253	15.052825	WGS84	Italy	IT	urban	"visual observation|photograph|Barberis et al. (in press) ""Insect-flower interactions in the Mediterranean area: a Citizen Science dataset collated within the LIFE 4 Pollinators project"". https://doi.org/xxxxx"	HumanObservation	OutsideNatura2000	observation located outside Natura 2000 sites
LIFE4POLL48	2021-12-02	37.504143	15.0526	WGS84	Italy	IT	urban	"visual observation|photograph|Barberis et al. (in press) ""Insect-flower interactions in the Mediterranean area: a Citizen Science dataset collated within the LIFE 4 Pollinators project"". https://doi.org/xxxxx"	HumanObservation	OutsideNatura2000	observation located outside Natura 2000 sites
LIFE4POLL49	2021-12-02	37.504177	15.05275	WGS84	Italy	IT	urban	"visual observation|photograph|Barberis et al. (in press) ""Insect-flower interactions in the Mediterranean area: a Citizen Science dataset collated within the LIFE 4 Pollinators project"". https://doi.org/xxxxx"	HumanObservation	OutsideNatura2000	observation located outside Natura 2000 sites
LIFE4POLL50	2021-12-02	37.504109	15.052772	WGS84	Italy	IT	urban	"visual observation|photograph|Barberis et al. (in press) ""Insect-flower interactions in the Mediterranean area: a Citizen Science dataset collated within the LIFE 4 Pollinators project"". https://doi.org/xxxxx"	HumanObservation	OutsideNatura2000	observation located outside Natura 2000 sites
LIFE4POLL51	2021-12-02	37.50433	15.052782	WGS84	Italy	IT	urban	"visual observation|photograph|Barberis et al. (in press) ""Insect-flower interactions in the Mediterranean area: a Citizen Science dataset collated within the LIFE 4 Pollinators project"". https://doi.org/xxxxx"	HumanObservation	OutsideNatura2000	observation located outside Natura 2000 sites
LIFE4POLL52	2021-12-02	37.504092	15.052664	WGS84	Italy	IT	urban	"visual observation|photograph|Barberis et al. (in press) ""Insect-flower interactions in the Mediterranean area: a Citizen Science dataset collated within the LIFE 4 Pollinators project"". https://doi.org/xxxxx"	HumanObservation	OutsideNatura2000	observation located outside Natura 2000 sites
LIFE4POLL53	2021-12-02	37.504841	15.052643	WGS84	Italy	IT	urban	"visual observation|photograph|Barberis et al. (in press) ""Insect-flower interactions in the Mediterranean area: a Citizen Science dataset collated within the LIFE 4 Pollinators project"". https://doi.org/xxxxx"	HumanObservation	OutsideNatura2000	observation located outside Natura 2000 sites
LIFE4POLL54	2021-12-02	37.504194	15.052686	WGS84	Italy	IT	urban	"visual observation|photograph|Barberis et al. (in press) ""Insect-flower interactions in the Mediterranean area: a Citizen Science dataset collated within the LIFE 4 Pollinators project"". https://doi.org/xxxxx"	HumanObservation	OutsideNatura2000	observation located outside Natura 2000 sites
LIFE4POLL55	2021-12-02	37.503972	15.052772	WGS84	Italy	IT	urban	"visual observation|photograph|Barberis et al. (in press) ""Insect-flower interactions in the Mediterranean area: a Citizen Science dataset collated within the LIFE 4 Pollinators project"". https://doi.org/xxxxx"	HumanObservation	OutsideNatura2000	observation located outside Natura 2000 sites
LIFE4POLL56	2021-12-02	37.5045	15.052536	WGS84	Italy	IT	urban	"visual observation|photograph|Barberis et al. (in press) ""Insect-flower interactions in the Mediterranean area: a Citizen Science dataset collated within the LIFE 4 Pollinators project"". https://doi.org/xxxxx"	HumanObservation	OutsideNatura2000	observation located outside Natura 2000 sites
LIFE4POLL57	2021-12-02	37.504279	15.052814	WGS84	Italy	IT	urban	"visual observation|photograph|Barberis et al. (in press) ""Insect-flower interactions in the Mediterranean area: a Citizen Science dataset collated within the LIFE 4 Pollinators project"". https://doi.org/xxxxx"	HumanObservation	OutsideNatura2000	observation located outside Natura 2000 sites
LIFE4POLL58	2021-12-02	37.504279	15.0526	WGS84	Italy	IT	urban	"visual observation|photograph|Barberis et al. (in press) ""Insect-flower interactions in the Mediterranean area: a Citizen Science dataset collated within the LIFE 4 Pollinators project"". https://doi.org/xxxxx"	HumanObservation	OutsideNatura2000	observation located outside Natura 2000 sites
LIFE4POLL59	2021-12-02	37.504211	15.052536	WGS84	Italy	IT	urban	"visual observation|photograph|Barberis et al. (in press) ""Insect-flower interactions in the Mediterranean area: a Citizen Science dataset collated within the LIFE 4 Pollinators project"". https://doi.org/xxxxx"	HumanObservation	OutsideNatura2000	observation located outside Natura 2000 sites
LIFE4POLL60	2021-12-02	37.503887	15.05275	WGS84	Italy	IT	urban	"visual observation|photograph|Barberis et al. (in press) ""Insect-flower interactions in the Mediterranean area: a Citizen Science dataset collated within the LIFE 4 Pollinators project"". https://doi.org/xxxxx"	HumanObservation	OutsideNatura2000	observation located outside Natura 2000 sites
LIFE4POLL61	2021-12-02	37.504092	15.0526	WGS84	Italy	IT	urban	"visual observation|photograph|Barberis et al. (in press) ""Insect-flower interactions in the Mediterranean area: a Citizen Science dataset collated within the LIFE 4 Pollinators project"". https://doi.org/xxxxx"	HumanObservation	OutsideNatura2000	observation located outside Natura 2000 sites
LIFE4POLL62	2021-12-02	37.504313	15.05245	WGS84	Italy	IT	urban	"visual observation|photograph|Barberis et al. (in press) ""Insect-flower interactions in the Mediterranean area: a Citizen Science dataset collated within the LIFE 4 Pollinators project"". https://doi.org/xxxxx"	HumanObservation	OutsideNatura2000	observation located outside Natura 2000 sites
LIFE4POLL63	2021-12-14	37.500636	15.069187	WGS84	Italy	IT	urban	"visual observation|photograph|Barberis et al. (in press) ""Insect-flower interactions in the Mediterranean area: a Citizen Science dataset collated within the LIFE 4 Pollinators project"". https://doi.org/xxxxx"	HumanObservation	OutsideNatura2000	observation located outside Natura 2000 sites
LIFE4POLL64	2021-12-27	37.523537	15.087887	WGS84	Italy	IT	urban	"visual observation|photograph|Barberis et al. (in press) ""Insect-flower interactions in the Mediterranean area: a Citizen Science dataset collated within the LIFE 4 Pollinators project"". https://doi.org/xxxxx"	HumanObservation	OutsideNatura2000	observation located outside Natura 2000 sites
LIFE4POLL65	2021-12-26	37.505453	15.052664	WGS84	Italy	IT	urban	"visual observation|photograph|Barberis et al. (in press) ""Insect-flower interactions in the Mediterranean area: a Citizen Science dataset collated within the LIFE 4 Pollinators project"". https://doi.org/xxxxx"	HumanObservation	OutsideNatura2000	observation located outside Natura 2000 sites
LIFE4POLL66	2021-12-26	37.504721	15.052814	WGS84	Italy	IT	urban	"visual observation|photograph|Barberis et al. (in press) ""Insect-flower interactions in the Mediterranean area: a Citizen Science dataset collated within the LIFE 4 Pollinators project"". https://doi.org/xxxxx"	HumanObservation	OutsideNatura2000	observation located outside Natura 2000 sites
LIFE4POLL67	2022-01-12	37.505798	15.052975	WGS84	Italy	IT	urban	"visual observation|photograph|Barberis et al. (in press) ""Insect-flower interactions in the Mediterranean area: a Citizen Science dataset collated within the LIFE 4 Pollinators project"". https://doi.org/xxxxx"	HumanObservation	OutsideNatura2000	observation located outside Natura 2000 sites
LIFE4POLL68	2022-01-12	37.505777	15.053303	WGS84	Italy	IT	urban	"visual observation|photograph|Barberis et al. (in press) ""Insect-flower interactions in the Mediterranean area: a Citizen Science dataset collated within the LIFE 4 Pollinators project"". https://doi.org/xxxxx"	HumanObservation	OutsideNatura2000	observation located outside Natura 2000 sites
LIFE4POLL69	2021-08-25	37.478979	15.080752	WGS84	Italy	IT	urban	"visual observation|photograph|Barberis et al. (in press) ""Insect-flower interactions in the Mediterranean area: a Citizen Science dataset collated within the LIFE 4 Pollinators project"". https://doi.org/xxxxx"	HumanObservation	OutsideNatura2000	observation located outside Natura 2000 sites
LIFE4POLL70	2022-01-14*	45.846882	8.6313159	WGS84	Italy	IT	lowland	"visual observation|photograph|Barberis et al. (in press) ""Insect-flower interactions in the Mediterranean area: a Citizen Science dataset collated within the LIFE 4 Pollinators project"". https://doi.org/xxxxx"	HumanObservation	OutsideNatura2000	observation located outside Natura 2000 sites
LIFE4POLL72	2022-02-07*	37.984666	23.632282	WGS84	Greece	GR	urban	"visual observation|photograph|Barberis et al. (in press) ""Insect-flower interactions in the Mediterranean area: a Citizen Science dataset collated within the LIFE 4 Pollinators project"". https://doi.org/xxxxx"	HumanObservation	OutsideNatura2000	observation located outside Natura 2000 sites
LIFE4POLL73	2022-01-03	36.848462	-2.464237	WGS84	Spain	ES	urban	"visual observation|photograph|Barberis et al. (in press) ""Insect-flower interactions in the Mediterranean area: a Citizen Science dataset collated within the LIFE 4 Pollinators project"". https://doi.org/xxxxx"	HumanObservation	OutsideNatura2000	observation located outside Natura 2000 sites
LIFE4POLL74	2022-02-16	37.50519	15.052375	WGS84	Italy	IT	urban	"visual observation|photograph|Barberis et al. (in press) ""Insect-flower interactions in the Mediterranean area: a Citizen Science dataset collated within the LIFE 4 Pollinators project"". https://doi.org/xxxxx"	HumanObservation	OutsideNatura2000	observation located outside Natura 2000 sites
LIFE4POLL76	2022-02-20	41.407106	2.136181	WGS84	Spain	ES	urban, hills	"visual observation|photograph|Barberis et al. (in press) ""Insect-flower interactions in the Mediterranean area: a Citizen Science dataset collated within the LIFE 4 Pollinators project"". https://doi.org/xxxxx"	HumanObservation	OutsideNatura2000	observation located outside Natura 2000 sites
LIFE4POLL77	2022-02-23	37.50393	15.0526	WGS84	Italy	IT	urban	"visual observation|photograph|Barberis et al. (in press) ""Insect-flower interactions in the Mediterranean area: a Citizen Science dataset collated within the LIFE 4 Pollinators project"". https://doi.org/xxxxx"	HumanObservation	OutsideNatura2000	observation located outside Natura 2000 sites
LIFE4POLL78	2022-02-23	37.504041	15.052707	WGS84	Italy	IT	urban	"visual observation|photograph|Barberis et al. (in press) ""Insect-flower interactions in the Mediterranean area: a Citizen Science dataset collated within the LIFE 4 Pollinators project"". https://doi.org/xxxxx"	HumanObservation	OutsideNatura2000	observation located outside Natura 2000 sites
LIFE4POLL79	2022-02-23	37.504211	15.052471	WGS84	Italy	IT	urban	"visual observation|photograph|Barberis et al. (in press) ""Insect-flower interactions in the Mediterranean area: a Citizen Science dataset collated within the LIFE 4 Pollinators project"". https://doi.org/xxxxx"	HumanObservation	OutsideNatura2000	observation located outside Natura 2000 sites
LIFE4POLL81	2022-02-26	37.50479	15.052643	WGS84	Italy	IT	urban	"visual observation|photograph|Barberis et al. (in press) ""Insect-flower interactions in the Mediterranean area: a Citizen Science dataset collated within the LIFE 4 Pollinators project"". https://doi.org/xxxxx"	HumanObservation	OutsideNatura2000	observation located outside Natura 2000 sites
LIFE4POLL82	2022-02-26	37.503989	15.052686	WGS84	Italy	IT	urban	"visual observation|photograph|Barberis et al. (in press) ""Insect-flower interactions in the Mediterranean area: a Citizen Science dataset collated within the LIFE 4 Pollinators project"". https://doi.org/xxxxx"	HumanObservation	OutsideNatura2000	observation located outside Natura 2000 sites
LIFE4POLL83	2022-02-26	37.504415	15.052772	WGS84	Italy	IT	urban	"visual observation|photograph|Barberis et al. (in press) ""Insect-flower interactions in the Mediterranean area: a Citizen Science dataset collated within the LIFE 4 Pollinators project"". https://doi.org/xxxxx"	HumanObservation	OutsideNatura2000	observation located outside Natura 2000 sites
LIFE4POLL84	2022-03-02	37.503785	15.053051	WGS84	Italy	IT	urban	"visual observation|photograph|Barberis et al. (in press) ""Insect-flower interactions in the Mediterranean area: a Citizen Science dataset collated within the LIFE 4 Pollinators project"". https://doi.org/xxxxx"	HumanObservation	OutsideNatura2000	observation located outside Natura 2000 sites
LIFE4POLL85	2022-03-02	37.503649	15.053029	WGS84	Italy	IT	urban	"visual observation|photograph|Barberis et al. (in press) ""Insect-flower interactions in the Mediterranean area: a Citizen Science dataset collated within the LIFE 4 Pollinators project"". https://doi.org/xxxxx"	HumanObservation	OutsideNatura2000	observation located outside Natura 2000 sites
LIFE4POLL86	2022-03-02	37.503717	15.052879	WGS84	Italy	IT	urban	"visual observation|photograph|Barberis et al. (in press) ""Insect-flower interactions in the Mediterranean area: a Citizen Science dataset collated within the LIFE 4 Pollinators project"". https://doi.org/xxxxx"	HumanObservation	OutsideNatura2000	observation located outside Natura 2000 sites
LIFE4POLL87	2022-03-02	37.503547	15.0529	WGS84	Italy	IT	urban	"visual observation|photograph|Barberis et al. (in press) ""Insect-flower interactions in the Mediterranean area: a Citizen Science dataset collated within the LIFE 4 Pollinators project"". https://doi.org/xxxxx"	HumanObservation	OutsideNatura2000	observation located outside Natura 2000 sites
LIFE4POLL88	2022-03-02	37.504143	15.05275	WGS84	Italy	IT	urban	"visual observation|photograph|Barberis et al. (in press) ""Insect-flower interactions in the Mediterranean area: a Citizen Science dataset collated within the LIFE 4 Pollinators project"". https://doi.org/xxxxx"	HumanObservation	OutsideNatura2000	observation located outside Natura 2000 sites
LIFE4POLL89	2022-03-02	37.504228	15.0526	WGS84	Italy	IT	urban	"visual observation|photograph|Barberis et al. (in press) ""Insect-flower interactions in the Mediterranean area: a Citizen Science dataset collated within the LIFE 4 Pollinators project"". https://doi.org/xxxxx"	HumanObservation	OutsideNatura2000	observation located outside Natura 2000 sites
LIFE4POLL90	2022-03-02	37.504143	15.052578	WGS84	Italy	IT	urban	"visual observation|photograph|Barberis et al. (in press) ""Insect-flower interactions in the Mediterranean area: a Citizen Science dataset collated within the LIFE 4 Pollinators project"". https://doi.org/xxxxx"	HumanObservation	OutsideNatura2000	observation located outside Natura 2000 sites
LIFE4POLL91	2022-03-03	37.506977	15.067985	WGS84	Italy	IT	urban	"visual observation|photograph|Barberis et al. (in press) ""Insect-flower interactions in the Mediterranean area: a Citizen Science dataset collated within the LIFE 4 Pollinators project"". https://doi.org/xxxxx"	HumanObservation	OutsideNatura2000	observation located outside Natura 2000 sites
LIFE4POLL92	2022-03-03	37.506909	15.067593	WGS84	Italy	IT	urban	"visual observation|photograph|Barberis et al. (in press) ""Insect-flower interactions in the Mediterranean area: a Citizen Science dataset collated within the LIFE 4 Pollinators project"". https://doi.org/xxxxx"	HumanObservation	OutsideNatura2000	observation located outside Natura 2000 sites
LIFE4POLL93	2022-03-04	37.512505	15.082968	WGS84	Italy	IT	urban	"visual observation|photograph|Barberis et al. (in press) ""Insect-flower interactions in the Mediterranean area: a Citizen Science dataset collated within the LIFE 4 Pollinators project"". https://doi.org/xxxxx"	HumanObservation	OutsideNatura2000	observation located outside Natura 2000 sites
LIFE4POLL94	2022-02-16	37.495988	15.049875	WGS84	Italy	IT	urban	"visual observation|photograph|Barberis et al. (in press) ""Insect-flower interactions in the Mediterranean area: a Citizen Science dataset collated within the LIFE 4 Pollinators project"". https://doi.org/xxxxx"	HumanObservation	OutsideNatura2000	observation located outside Natura 2000 sites
LIFE4POLL95	2022-03-07	37.504041	15.052643	WGS84	Italy	IT	urban	"visual observation|photograph|Barberis et al. (in press) ""Insect-flower interactions in the Mediterranean area: a Citizen Science dataset collated within the LIFE 4 Pollinators project"". https://doi.org/xxxxx"	HumanObservation	OutsideNatura2000	observation located outside Natura 2000 sites
LIFE4POLL96	2022-03-07	37.504109	15.052621	WGS84	Italy	IT	urban	"visual observation|photograph|Barberis et al. (in press) ""Insect-flower interactions in the Mediterranean area: a Citizen Science dataset collated within the LIFE 4 Pollinators project"". https://doi.org/xxxxx"	HumanObservation	OutsideNatura2000	observation located outside Natura 2000 sites
LIFE4POLL97	2022-03-07	37.503768	15.052943	WGS84	Italy	IT	urban	"visual observation|photograph|Barberis et al. (in press) ""Insect-flower interactions in the Mediterranean area: a Citizen Science dataset collated within the LIFE 4 Pollinators project"". https://doi.org/xxxxx"	HumanObservation	OutsideNatura2000	observation located outside Natura 2000 sites
LIFE4POLL98	2022-03-07	37.503274	15.053136	WGS84	Italy	IT	urban	"visual observation|photograph|Barberis et al. (in press) ""Insect-flower interactions in the Mediterranean area: a Citizen Science dataset collated within the LIFE 4 Pollinators project"". https://doi.org/xxxxx"	HumanObservation	OutsideNatura2000	observation located outside Natura 2000 sites
LIFE4POLL99	2022-03-07	37.50416	15.052686	WGS84	Italy	IT	urban	"visual observation|photograph|Barberis et al. (in press) ""Insect-flower interactions in the Mediterranean area: a Citizen Science dataset collated within the LIFE 4 Pollinators project"". https://doi.org/xxxxx"	HumanObservation	OutsideNatura2000	observation located outside Natura 2000 sites
LIFE4POLL100	2022-03-07	37.50416	15.052536	WGS84	Italy	IT	urban	"visual observation|photograph|Barberis et al. (in press) ""Insect-flower interactions in the Mediterranean area: a Citizen Science dataset collated within the LIFE 4 Pollinators project"". https://doi.org/xxxxx"	HumanObservation	OutsideNatura2000	observation located outside Natura 2000 sites
LIFE4POLL101	2022-03-10	37.525137	15.086524	WGS84	Italy	IT	urban	"visual observation|photograph|Barberis et al. (in press) ""Insect-flower interactions in the Mediterranean area: a Citizen Science dataset collated within the LIFE 4 Pollinators project"". https://doi.org/xxxxx"	HumanObservation	OutsideNatura2000	observation located outside Natura 2000 sites
LIFE4POLL102	2022-03-11	37.503734	15.052707	WGS84	Italy	IT	urban	"visual observation|photograph|Barberis et al. (in press) ""Insect-flower interactions in the Mediterranean area: a Citizen Science dataset collated within the LIFE 4 Pollinators project"". https://doi.org/xxxxx"	HumanObservation	OutsideNatura2000	observation located outside Natura 2000 sites
LIFE4POLL103	2022-03-11	37.503683	15.052857	WGS84	Italy	IT	urban	"visual observation|photograph|Barberis et al. (in press) ""Insect-flower interactions in the Mediterranean area: a Citizen Science dataset collated within the LIFE 4 Pollinators project"". https://doi.org/xxxxx"	HumanObservation	OutsideNatura2000	observation located outside Natura 2000 sites
LIFE4POLL104	2022-03-11	37.504109	15.052729	WGS84	Italy	IT	urban	"visual observation|photograph|Barberis et al. (in press) ""Insect-flower interactions in the Mediterranean area: a Citizen Science dataset collated within the LIFE 4 Pollinators project"". https://doi.org/xxxxx"	HumanObservation	OutsideNatura2000	observation located outside Natura 2000 sites
LIFE4POLL105	2022-03-11	37.503666	15.052729	WGS84	Italy	IT	urban	"visual observation|photograph|Barberis et al. (in press) ""Insect-flower interactions in the Mediterranean area: a Citizen Science dataset collated within the LIFE 4 Pollinators project"". https://doi.org/xxxxx"	HumanObservation	OutsideNatura2000	observation located outside Natura 2000 sites
LIFE4POLL106	2022-03-11	37.50353	15.052943	WGS84	Italy	IT	urban	"visual observation|photograph|Barberis et al. (in press) ""Insect-flower interactions in the Mediterranean area: a Citizen Science dataset collated within the LIFE 4 Pollinators project"". https://doi.org/xxxxx"	HumanObservation	OutsideNatura2000	observation located outside Natura 2000 sites
LIFE4POLL107	2022-03-20*	43.825115	12.938461	WGS84	Italy	IT	lowland, seaside	"visual observation|photograph|Barberis et al. (in press) ""Insect-flower interactions in the Mediterranean area: a Citizen Science dataset collated within the LIFE 4 Pollinators project"". https://doi.org/xxxxx"	HumanObservation	OutsideNatura2000	observation located outside Natura 2000 sites
LIFE4POLL108	2022-03-20*	43.82517	12.938804	WGS84	Italy	IT	lowland, seaside	"visual observation|photograph|Barberis et al. (in press) ""Insect-flower interactions in the Mediterranean area: a Citizen Science dataset collated within the LIFE 4 Pollinators project"". https://doi.org/xxxxx"	HumanObservation	OutsideNatura2000	observation located outside Natura 2000 sites
LIFE4POLL110	2022-03-21	44.49976	11.35306	WGS84	Italy	IT	urban	"visual observation|photograph|Barberis et al. (in press) ""Insect-flower interactions in the Mediterranean area: a Citizen Science dataset collated within the LIFE 4 Pollinators project"". https://doi.org/xxxxx"	HumanObservation	OutsideNatura2000	observation located outside Natura 2000 sites
LIFE4POLL111	2022-03-21	44.49976	11.35306	WGS84	Italy	IT	urban	"visual observation|photograph|Barberis et al. (in press) ""Insect-flower interactions in the Mediterranean area: a Citizen Science dataset collated within the LIFE 4 Pollinators project"". https://doi.org/xxxxx"	HumanObservation	OutsideNatura2000	observation located outside Natura 2000 sites
LIFE4POLL112	2022-03-26	37.504211	15.052793	WGS84	Italy	IT	urban	"visual observation|photograph|Barberis et al. (in press) ""Insect-flower interactions in the Mediterranean area: a Citizen Science dataset collated within the LIFE 4 Pollinators project"". https://doi.org/xxxxx"	HumanObservation	OutsideNatura2000	observation located outside Natura 2000 sites
LIFE4POLL113	2022-03-26	37.503326	15.053093	WGS84	Italy	IT	urban	"visual observation|photograph|Barberis et al. (in press) ""Insect-flower interactions in the Mediterranean area: a Citizen Science dataset collated within the LIFE 4 Pollinators project"". https://doi.org/xxxxx"	HumanObservation	OutsideNatura2000	observation located outside Natura 2000 sites
LIFE4POLL114	2022-03-26	37.504143	15.052621	WGS84	Italy	IT	urban	"visual observation|photograph|Barberis et al. (in press) ""Insect-flower interactions in the Mediterranean area: a Citizen Science dataset collated within the LIFE 4 Pollinators project"". https://doi.org/xxxxx"	HumanObservation	OutsideNatura2000	observation located outside Natura 2000 sites
LIFE4POLL115	2022-03-26	37.504313	15.052664	WGS84	Italy	IT	urban	"visual observation|photograph|Barberis et al. (in press) ""Insect-flower interactions in the Mediterranean area: a Citizen Science dataset collated within the LIFE 4 Pollinators project"". https://doi.org/xxxxx"	HumanObservation	OutsideNatura2000	observation located outside Natura 2000 sites
LIFE4POLL116	2022-03-26	37.503819	15.052857	WGS84	Italy	IT	urban	"visual observation|photograph|Barberis et al. (in press) ""Insect-flower interactions in the Mediterranean area: a Citizen Science dataset collated within the LIFE 4 Pollinators project"". https://doi.org/xxxxx"	HumanObservation	OutsideNatura2000	observation located outside Natura 2000 sites
LIFE4POLL117	2022-03-26	37.503734	15.052857	WGS84	Italy	IT	urban	"visual observation|photograph|Barberis et al. (in press) ""Insect-flower interactions in the Mediterranean area: a Citizen Science dataset collated within the LIFE 4 Pollinators project"". https://doi.org/xxxxx"	HumanObservation	OutsideNatura2000	observation located outside Natura 2000 sites
LIFE4POLL118	2022-03-26	37.504023	15.052729	WGS84	Italy	IT	urban	"visual observation|photograph|Barberis et al. (in press) ""Insect-flower interactions in the Mediterranean area: a Citizen Science dataset collated within the LIFE 4 Pollinators project"". https://doi.org/xxxxx"	HumanObservation	OutsideNatura2000	observation located outside Natura 2000 sites
LIFE4POLL119	2022-03-26	37.504023	15.052707	WGS84	Italy	IT	urban	"visual observation|photograph|Barberis et al. (in press) ""Insect-flower interactions in the Mediterranean area: a Citizen Science dataset collated within the LIFE 4 Pollinators project"". https://doi.org/xxxxx"	HumanObservation	OutsideNatura2000	observation located outside Natura 2000 sites
LIFE4POLL120	2022-03-26	37.503377	15.052836	WGS84	Italy	IT	urban	"visual observation|photograph|Barberis et al. (in press) ""Insect-flower interactions in the Mediterranean area: a Citizen Science dataset collated within the LIFE 4 Pollinators project"". https://doi.org/xxxxx"	HumanObservation	OutsideNatura2000	observation located outside Natura 2000 sites
LIFE4POLL121	2022-03-26	37.503853	15.052793	WGS84	Italy	IT	urban	"visual observation|photograph|Barberis et al. (in press) ""Insect-flower interactions in the Mediterranean area: a Citizen Science dataset collated within the LIFE 4 Pollinators project"". https://doi.org/xxxxx"	HumanObservation	OutsideNatura2000	observation located outside Natura 2000 sites
LIFE4POLL122	2022-03-26	37.504381	15.052707	WGS84	Italy	IT	urban	"visual observation|photograph|Barberis et al. (in press) ""Insect-flower interactions in the Mediterranean area: a Citizen Science dataset collated within the LIFE 4 Pollinators project"". https://doi.org/xxxxx"	HumanObservation	OutsideNatura2000	observation located outside Natura 2000 sites
LIFE4POLL123	2022-03-26	37.504092	15.052729	WGS84	Italy	IT	urban	"visual observation|photograph|Barberis et al. (in press) ""Insect-flower interactions in the Mediterranean area: a Citizen Science dataset collated within the LIFE 4 Pollinators project"". https://doi.org/xxxxx"	HumanObservation	OutsideNatura2000	observation located outside Natura 2000 sites
LIFE4POLL124	2022-03-26	37.503989	15.05275	WGS84	Italy	IT	urban	"visual observation|photograph|Barberis et al. (in press) ""Insect-flower interactions in the Mediterranean area: a Citizen Science dataset collated within the LIFE 4 Pollinators project"". https://doi.org/xxxxx"	HumanObservation	OutsideNatura2000	observation located outside Natura 2000 sites
LIFE4POLL125	2022-03-26	37.504109	15.052729	WGS84	Italy	IT	urban	"visual observation|photograph|Barberis et al. (in press) ""Insect-flower interactions in the Mediterranean area: a Citizen Science dataset collated within the LIFE 4 Pollinators project"". https://doi.org/xxxxx"	HumanObservation	OutsideNatura2000	observation located outside Natura 2000 sites
LIFE4POLL126	2022-03-27*	41.900904	12.307949	WGS84	Italy	IT	lowland, seaside	"visual observation|photograph|Barberis et al. (in press) ""Insect-flower interactions in the Mediterranean area: a Citizen Science dataset collated within the LIFE 4 Pollinators project"". https://doi.org/xxxxx"	HumanObservation	OutsideNatura2000	observation located outside Natura 2000 sites
LIFE4POLL127	2022-03-27*	na	na	na	na	na	na	"visual observation|photograph|Barberis et al. (in press) ""Insect-flower interactions in the Mediterranean area: a Citizen Science dataset collated within the LIFE 4 Pollinators project"". https://doi.org/xxxxx"	HumanObservation	na	observation without coordinates
LIFE4POLL128	2022-03-27*	na	na	na	na	na	na	"visual observation|photograph|Barberis et al. (in press) ""Insect-flower interactions in the Mediterranean area: a Citizen Science dataset collated within the LIFE 4 Pollinators project"". https://doi.org/xxxxx"	HumanObservation	na	observation without coordinates
LIFE4POLL129	2022-03-26	37.504006	15.052686	WGS84	Italy	IT	urban	"visual observation|photograph|Barberis et al. (in press) ""Insect-flower interactions in the Mediterranean area: a Citizen Science dataset collated within the LIFE 4 Pollinators project"". https://doi.org/xxxxx"	HumanObservation	OutsideNatura2000	observation located outside Natura 2000 sites
LIFE4POLL130	2022-03-27	43.547024	12.647195	WGS84	Italy	IT	hills	"visual observation|photograph|Barberis et al. (in press) ""Insect-flower interactions in the Mediterranean area: a Citizen Science dataset collated within the LIFE 4 Pollinators project"". https://doi.org/xxxxx"	HumanObservation	OutsideNatura2000	observation located outside Natura 2000 sites
LIFE4POLL131	2022-03-29	37.498865	15.049231	WGS84	Italy	IT	urban	"visual observation|photograph|Barberis et al. (in press) ""Insect-flower interactions in the Mediterranean area: a Citizen Science dataset collated within the LIFE 4 Pollinators project"". https://doi.org/xxxxx"	HumanObservation	OutsideNatura2000	observation located outside Natura 2000 sites
LIFE4POLL132	2022-03-29	37.503972	15.052643	WGS84	Italy	IT	urban	"visual observation|photograph|Barberis et al. (in press) ""Insect-flower interactions in the Mediterranean area: a Citizen Science dataset collated within the LIFE 4 Pollinators project"". https://doi.org/xxxxx"	HumanObservation	OutsideNatura2000	observation located outside Natura 2000 sites
LIFE4POLL133	2022-03-29	37.503972	15.052536	WGS84	Italy	IT	urban	"visual observation|photograph|Barberis et al. (in press) ""Insect-flower interactions in the Mediterranean area: a Citizen Science dataset collated within the LIFE 4 Pollinators project"". https://doi.org/xxxxx"	HumanObservation	OutsideNatura2000	observation located outside Natura 2000 sites
LIFE4POLL134	2022-03-29	37.504364	15.052686	WGS84	Italy	IT	urban	"visual observation|photograph|Barberis et al. (in press) ""Insect-flower interactions in the Mediterranean area: a Citizen Science dataset collated within the LIFE 4 Pollinators project"". https://doi.org/xxxxx"	HumanObservation	OutsideNatura2000	observation located outside Natura 2000 sites
LIFE4POLL135	2022-03-29	37.503717	15.052793	WGS84	Italy	IT	urban	"visual observation|photograph|Barberis et al. (in press) ""Insect-flower interactions in the Mediterranean area: a Citizen Science dataset collated within the LIFE 4 Pollinators project"". https://doi.org/xxxxx"	HumanObservation	OutsideNatura2000	observation located outside Natura 2000 sites
LIFE4POLL136	2022-03-29	37.504211	15.052493	WGS84	Italy	IT	urban	"visual observation|photograph|Barberis et al. (in press) ""Insect-flower interactions in the Mediterranean area: a Citizen Science dataset collated within the LIFE 4 Pollinators project"". https://doi.org/xxxxx"	HumanObservation	OutsideNatura2000	observation located outside Natura 2000 sites
LIFE4POLL137	2022-03-29	37.504296	15.052707	WGS84	Italy	IT	urban	"visual observation|photograph|Barberis et al. (in press) ""Insect-flower interactions in the Mediterranean area: a Citizen Science dataset collated within the LIFE 4 Pollinators project"". https://doi.org/xxxxx"	HumanObservation	OutsideNatura2000	observation located outside Natura 2000 sites
LIFE4POLL138	2022-03-29	37.503853	15.0526	WGS84	Italy	IT	urban	"visual observation|photograph|Barberis et al. (in press) ""Insect-flower interactions in the Mediterranean area: a Citizen Science dataset collated within the LIFE 4 Pollinators project"". https://doi.org/xxxxx"	HumanObservation	OutsideNatura2000	observation located outside Natura 2000 sites
LIFE4POLL139	2022-04-01	37.504424	15.052675	WGS84	Italy	IT	urban	"visual observation|photograph|Barberis et al. (in press) ""Insect-flower interactions in the Mediterranean area: a Citizen Science dataset collated within the LIFE 4 Pollinators project"". https://doi.org/xxxxx"	HumanObservation	OutsideNatura2000	observation located outside Natura 2000 sites
LIFE4POLL141	2022-04-02	44.501097	11.353726	WGS84	Italy	IT	urban	"visual observation|photograph|Barberis et al. (in press) ""Insect-flower interactions in the Mediterranean area: a Citizen Science dataset collated within the LIFE 4 Pollinators project"". https://doi.org/xxxxx"	HumanObservation	OutsideNatura2000	observation located outside Natura 2000 sites
LIFE4POLL142	2022-04-03	37.49775	15.048668	WGS84	Italy	IT	urban	"visual observation|photograph|Barberis et al. (in press) ""Insect-flower interactions in the Mediterranean area: a Citizen Science dataset collated within the LIFE 4 Pollinators project"". https://doi.org/xxxxx"	HumanObservation	OutsideNatura2000	observation located outside Natura 2000 sites
LIFE4POLL143	2022-04-03	37.497776	15.048834	WGS84	Italy	IT	urban	"visual observation|photograph|Barberis et al. (in press) ""Insect-flower interactions in the Mediterranean area: a Citizen Science dataset collated within the LIFE 4 Pollinators project"". https://doi.org/xxxxx"	HumanObservation	OutsideNatura2000	observation located outside Natura 2000 sites
LIFE4POLL144	2022-04-03	37.498006	15.048695	WGS84	Italy	IT	urban	"visual observation|photograph|Barberis et al. (in press) ""Insect-flower interactions in the Mediterranean area: a Citizen Science dataset collated within the LIFE 4 Pollinators project"". https://doi.org/xxxxx"	HumanObservation	OutsideNatura2000	observation located outside Natura 2000 sites
LIFE4POLL145	2022-04-03	37.501704	15.053367	WGS84	Italy	IT	urban	"visual observation|photograph|Barberis et al. (in press) ""Insect-flower interactions in the Mediterranean area: a Citizen Science dataset collated within the LIFE 4 Pollinators project"". https://doi.org/xxxxx"	HumanObservation	OutsideNatura2000	observation located outside Natura 2000 sites
LIFE4POLL147	2022-04-05	37.482146	15.080452	WGS84	Italy	IT	urban	"visual observation|photograph|Barberis et al. (in press) ""Insect-flower interactions in the Mediterranean area: a Citizen Science dataset collated within the LIFE 4 Pollinators project"". https://doi.org/xxxxx"	HumanObservation	OutsideNatura2000	observation located outside Natura 2000 sites
LIFE4POLL148	2022-04-05	37.560066	15.157979	WGS84	Italy	IT	urban	"visual observation|photograph|Barberis et al. (in press) ""Insect-flower interactions in the Mediterranean area: a Citizen Science dataset collated within the LIFE 4 Pollinators project"". https://doi.org/xxxxx"	HumanObservation	OutsideNatura2000	observation located outside Natura 2000 sites
LIFE4POLL151	2022-04-05	37.479286	15.080795	WGS84	Italy	IT	urban	"visual observation|photograph|Barberis et al. (in press) ""Insect-flower interactions in the Mediterranean area: a Citizen Science dataset collated within the LIFE 4 Pollinators project"". https://doi.org/xxxxx"	HumanObservation	OutsideNatura2000	observation located outside Natura 2000 sites
LIFE4POLL152	2022-04-05	37.478741	15.080538	WGS84	Italy	IT	urban	"visual observation|photograph|Barberis et al. (in press) ""Insect-flower interactions in the Mediterranean area: a Citizen Science dataset collated within the LIFE 4 Pollinators project"". https://doi.org/xxxxx"	HumanObservation	OutsideNatura2000	observation located outside Natura 2000 sites
LIFE4POLL153	2022-04-06	37.510628	15.083864	WGS84	Italy	IT	urban	"visual observation|photograph|Barberis et al. (in press) ""Insect-flower interactions in the Mediterranean area: a Citizen Science dataset collated within the LIFE 4 Pollinators project"". https://doi.org/xxxxx"	HumanObservation	OutsideNatura2000	observation located outside Natura 2000 sites
LIFE4POLL154	2022-04-06	44.458321	11.382265	WGS84	Italy	IT	periurban	"visual observation|photograph|Barberis et al. (in press) ""Insect-flower interactions in the Mediterranean area: a Citizen Science dataset collated within the LIFE 4 Pollinators project"". https://doi.org/xxxxx"	HumanObservation	OutsideNatura2000	observation located outside Natura 2000 sites
LIFE4POLL155	2022-04-06	44.458772	11.382395	WGS84	Italy	IT	periurban	"visual observation|photograph|Barberis et al. (in press) ""Insect-flower interactions in the Mediterranean area: a Citizen Science dataset collated within the LIFE 4 Pollinators project"". https://doi.org/xxxxx"	HumanObservation	OutsideNatura2000	observation located outside Natura 2000 sites
LIFE4POLL156	2022-04-08	37.530519	15.112327	WGS84	Italy	IT	urban	"visual observation|photograph|Barberis et al. (in press) ""Insect-flower interactions in the Mediterranean area: a Citizen Science dataset collated within the LIFE 4 Pollinators project"". https://doi.org/xxxxx"	HumanObservation	OutsideNatura2000	observation located outside Natura 2000 sites
LIFE4POLL158	2022-04-10	37.526218	15.113089	WGS84	Italy	IT	urban	"visual observation|photograph|Barberis et al. (in press) ""Insect-flower interactions in the Mediterranean area: a Citizen Science dataset collated within the LIFE 4 Pollinators project"". https://doi.org/xxxxx"	HumanObservation	OutsideNatura2000	observation located outside Natura 2000 sites
LIFE4POLL159	2022-04-10	37.525945	15.113282	WGS84	Italy	IT	urban	"visual observation|photograph|Barberis et al. (in press) ""Insect-flower interactions in the Mediterranean area: a Citizen Science dataset collated within the LIFE 4 Pollinators project"". https://doi.org/xxxxx"	HumanObservation	OutsideNatura2000	observation located outside Natura 2000 sites
LIFE4POLL160	2022-04-11	37.503581	15.052943	WGS84	Italy	IT	urban	"visual observation|photograph|Barberis et al. (in press) ""Insect-flower interactions in the Mediterranean area: a Citizen Science dataset collated within the LIFE 4 Pollinators project"". https://doi.org/xxxxx"	HumanObservation	OutsideNatura2000	observation located outside Natura 2000 sites
LIFE4POLL162	2022-04-10	37.526167	15.113196	WGS84	Italy	IT	urban	"visual observation|photograph|Barberis et al. (in press) ""Insect-flower interactions in the Mediterranean area: a Citizen Science dataset collated within the LIFE 4 Pollinators project"". https://doi.org/xxxxx"	HumanObservation	OutsideNatura2000	observation located outside Natura 2000 sites
LIFE4POLL163	2022-04-13	45.712721	11.136181	WGS84	Italy	IT	mountain	"visual observation|photograph|Barberis et al. (in press) ""Insect-flower interactions in the Mediterranean area: a Citizen Science dataset collated within the LIFE 4 Pollinators project"". https://doi.org/xxxxx"	HumanObservation	IT3120017	observation located in Natura 2000 site with code IT3120017
LIFE4POLL164	2022-04-13	37.515913	15.073666	WGS84	Italy	IT	urban	"visual observation|photograph|Barberis et al. (in press) ""Insect-flower interactions in the Mediterranean area: a Citizen Science dataset collated within the LIFE 4 Pollinators project"". https://doi.org/xxxxx"	HumanObservation	OutsideNatura2000	observation located outside Natura 2000 sites
LIFE4POLL166	2022-04-16	45.532971	7.9238893	WGS84	Italy	IT	mountain	"visual observation|photograph|Barberis et al. (in press) ""Insect-flower interactions in the Mediterranean area: a Citizen Science dataset collated within the LIFE 4 Pollinators project"". https://doi.org/xxxxx"	HumanObservation	OutsideNatura2000	observation located outside Natura 2000 sites
LIFE4POLL167	2022-04-21	39.111049	26.563718	WGS84	Greece	GR	island, archaeological site	"visual observation|photograph|Barberis et al. (in press) ""Insect-flower interactions in the Mediterranean area: a Citizen Science dataset collated within the LIFE 4 Pollinators project"". https://doi.org/xxxxx"	HumanObservation	OutsideNatura2000	observation located outside Natura 2000 sites
LIFE4POLL168	2022-04-21	39.111199	26.56257	WGS84	Greece	GR	island, archaeological site	"visual observation|photograph|Barberis et al. (in press) ""Insect-flower interactions in the Mediterranean area: a Citizen Science dataset collated within the LIFE 4 Pollinators project"". https://doi.org/xxxxx"	HumanObservation	OutsideNatura2000	observation located outside Natura 2000 sites
LIFE4POLL169	2022-04-21	39.111407	26.563616	WGS84	Greece	GR	island, archaeological site	"visual observation|photograph|Barberis et al. (in press) ""Insect-flower interactions in the Mediterranean area: a Citizen Science dataset collated within the LIFE 4 Pollinators project"". https://doi.org/xxxxx"	HumanObservation	OutsideNatura2000	observation located outside Natura 2000 sites
LIFE4POLL170	2022-04-21*	na	na	na	na	na	na	"visual observation|photograph|Barberis et al. (in press) ""Insect-flower interactions in the Mediterranean area: a Citizen Science dataset collated within the LIFE 4 Pollinators project"". https://doi.org/xxxxx"	HumanObservation	na	observation without coordinates
LIFE4POLL171	2022-04-21*	na	na	na	na	na	na	"visual observation|photograph|Barberis et al. (in press) ""Insect-flower interactions in the Mediterranean area: a Citizen Science dataset collated within the LIFE 4 Pollinators project"". https://doi.org/xxxxx"	HumanObservation	na	observation without coordinates
LIFE4POLL172	2022-04-21*	na	na	na	na	na	na	"visual observation|photograph|Barberis et al. (in press) ""Insect-flower interactions in the Mediterranean area: a Citizen Science dataset collated within the LIFE 4 Pollinators project"". https://doi.org/xxxxx"	HumanObservation	na	observation without coordinates
LIFE4POLL173	2022-04-21	na	na	na	na	na	na	"visual observation|photograph|Barberis et al. (in press) ""Insect-flower interactions in the Mediterranean area: a Citizen Science dataset collated within the LIFE 4 Pollinators project"". https://doi.org/xxxxx"	HumanObservation	na	observation without coordinates
LIFE4POLL174	2022-04-21*	na	na	na	na	na	na	"visual observation|photograph|Barberis et al. (in press) ""Insect-flower interactions in the Mediterranean area: a Citizen Science dataset collated within the LIFE 4 Pollinators project"". https://doi.org/xxxxx"	HumanObservation	na	observation without coordinates
LIFE4POLL175	2022-04-21*	na	na	na	na	na	na	"visual observation|photograph|Barberis et al. (in press) ""Insect-flower interactions in the Mediterranean area: a Citizen Science dataset collated within the LIFE 4 Pollinators project"". https://doi.org/xxxxx"	HumanObservation	na	observation without coordinates
LIFE4POLL176	2022-04-21*	na	na	na	na	na	na	"visual observation|photograph|Barberis et al. (in press) ""Insect-flower interactions in the Mediterranean area: a Citizen Science dataset collated within the LIFE 4 Pollinators project"". https://doi.org/xxxxx"	HumanObservation	na	observation without coordinates
LIFE4POLL177	2022-04-21*	na	na	na	na	na	na	"visual observation|photograph|Barberis et al. (in press) ""Insect-flower interactions in the Mediterranean area: a Citizen Science dataset collated within the LIFE 4 Pollinators project"". https://doi.org/xxxxx"	HumanObservation	na	observation without coordinates
LIFE4POLL178	2022-04-21*	41.9	12.3	WGS84	Italy	IT	periurban	"visual observation|photograph|Barberis et al. (in press) ""Insect-flower interactions in the Mediterranean area: a Citizen Science dataset collated within the LIFE 4 Pollinators project"". https://doi.org/xxxxx"	HumanObservation	OutsideNatura2000	observation located outside Natura 2000 sites
LIFE4POLL179	2022-04-21*	na	na	na	na	na	na	"visual observation|photograph|Barberis et al. (in press) ""Insect-flower interactions in the Mediterranean area: a Citizen Science dataset collated within the LIFE 4 Pollinators project"". https://doi.org/xxxxx"	HumanObservation	na	observation without coordinates
LIFE4POLL180	2022-04-21*	na	na	na	na	na	na	"visual observation|photograph|Barberis et al. (in press) ""Insect-flower interactions in the Mediterranean area: a Citizen Science dataset collated within the LIFE 4 Pollinators project"". https://doi.org/xxxxx"	HumanObservation	na	observation without coordinates
LIFE4POLL181	2022-04-21*	na	na	na	na	na	na	"visual observation|photograph|Barberis et al. (in press) ""Insect-flower interactions in the Mediterranean area: a Citizen Science dataset collated within the LIFE 4 Pollinators project"". https://doi.org/xxxxx"	HumanObservation	na	observation without coordinates
LIFE4POLL182	2022-04-21*	na	na	na	na	na	na	"visual observation|photograph|Barberis et al. (in press) ""Insect-flower interactions in the Mediterranean area: a Citizen Science dataset collated within the LIFE 4 Pollinators project"". https://doi.org/xxxxx"	HumanObservation	na	observation without coordinates
LIFE4POLL183	2022-04-21*	na	na	na	na	na	urban	"visual observation|photograph|Barberis et al. (in press) ""Insect-flower interactions in the Mediterranean area: a Citizen Science dataset collated within the LIFE 4 Pollinators project"". https://doi.org/xxxxx"	HumanObservation	na	observation without coordinates
LIFE4POLL184	2022-04-21*	na	na	na	na	na	na	"visual observation|photograph|Barberis et al. (in press) ""Insect-flower interactions in the Mediterranean area: a Citizen Science dataset collated within the LIFE 4 Pollinators project"". https://doi.org/xxxxx"	HumanObservation	na	observation without coordinates
LIFE4POLL185	2022-04-21*	na	na	na	na	na	na	"visual observation|photograph|Barberis et al. (in press) ""Insect-flower interactions in the Mediterranean area: a Citizen Science dataset collated within the LIFE 4 Pollinators project"". https://doi.org/xxxxx"	HumanObservation	na	observation without coordinates
LIFE4POLL187	2022-04-21*	39.110778	26.563311	WGS84	Greece	GR	island, archaeological site	"visual observation|photograph|Barberis et al. (in press) ""Insect-flower interactions in the Mediterranean area: a Citizen Science dataset collated within the LIFE 4 Pollinators project"". https://doi.org/xxxxx"	HumanObservation	OutsideNatura2000	observation located outside Natura 2000 sites
LIFE4POLL188	2022-04-21*	na	na	na	na	na	na	"visual observation|photograph|Barberis et al. (in press) ""Insect-flower interactions in the Mediterranean area: a Citizen Science dataset collated within the LIFE 4 Pollinators project"". https://doi.org/xxxxx"	HumanObservation	na	observation without coordinates
LIFE4POLL189	2022-04-21*	na	na	na	na	na	na	"visual observation|photograph|Barberis et al. (in press) ""Insect-flower interactions in the Mediterranean area: a Citizen Science dataset collated within the LIFE 4 Pollinators project"". https://doi.org/xxxxx"	HumanObservation	na	observation without coordinates
LIFE4POLL190	2022-04-21*	na	na	na	na	na	na	"visual observation|photograph|Barberis et al. (in press) ""Insect-flower interactions in the Mediterranean area: a Citizen Science dataset collated within the LIFE 4 Pollinators project"". https://doi.org/xxxxx"	HumanObservation	na	observation without coordinates
LIFE4POLL191	2022-04-21*	na	na	na	na	na	na	"visual observation|photograph|Barberis et al. (in press) ""Insect-flower interactions in the Mediterranean area: a Citizen Science dataset collated within the LIFE 4 Pollinators project"". https://doi.org/xxxxx"	HumanObservation	na	observation without coordinates
LIFE4POLL192	2022-04-21*	na	na	na	na	na	na	"visual observation|photograph|Barberis et al. (in press) ""Insect-flower interactions in the Mediterranean area: a Citizen Science dataset collated within the LIFE 4 Pollinators project"". https://doi.org/xxxxx"	HumanObservation	na	observation without coordinates
LIFE4POLL193	2022-04-23	44.596816	10.988764	WGS84	Italy	IT	lowland	"visual observation|photograph|Barberis et al. (in press) ""Insect-flower interactions in the Mediterranean area: a Citizen Science dataset collated within the LIFE 4 Pollinators project"". https://doi.org/xxxxx"	HumanObservation	OutsideNatura2000	observation located outside Natura 2000 sites
LIFE4POLL194	2022-04-23	44.596808	10.988742	WGS84	Italy	IT	lowland	"visual observation|photograph|Barberis et al. (in press) ""Insect-flower interactions in the Mediterranean area: a Citizen Science dataset collated within the LIFE 4 Pollinators project"". https://doi.org/xxxxx"	HumanObservation	OutsideNatura2000	observation located outside Natura 2000 sites
LIFE4POLL195	2022-04-23	44.596847	10.988764	WGS84	Italy	IT	lowland	"visual observation|photograph|Barberis et al. (in press) ""Insect-flower interactions in the Mediterranean area: a Citizen Science dataset collated within the LIFE 4 Pollinators project"". https://doi.org/xxxxx"	HumanObservation	OutsideNatura2000	observation located outside Natura 2000 sites
LIFE4POLL196	2022-04-27*	44.523408	11.352168	WGS84	Italy	IT	urban	"visual observation|photograph|Barberis et al. (in press) ""Insect-flower interactions in the Mediterranean area: a Citizen Science dataset collated within the LIFE 4 Pollinators project"". https://doi.org/xxxxx"	HumanObservation	OutsideNatura2000	observation located outside Natura 2000 sites
LIFE4POLL197	2022-04-27*	44.523132	11.351936	WGS84	Italy	IT	urban	"visual observation|photograph|Barberis et al. (in press) ""Insect-flower interactions in the Mediterranean area: a Citizen Science dataset collated within the LIFE 4 Pollinators project"". https://doi.org/xxxxx"	HumanObservation	OutsideNatura2000	observation located outside Natura 2000 sites
LIFE4POLL198	2022-04-27*	na	na	na	na	na	na	"visual observation|photograph|Barberis et al. (in press) ""Insect-flower interactions in the Mediterranean area: a Citizen Science dataset collated within the LIFE 4 Pollinators project"". https://doi.org/xxxxx"	HumanObservation	na	observation without coordinates
LIFE4POLL199	2022-04-27*	na	na	na	na	na	na	"visual observation|photograph|Barberis et al. (in press) ""Insect-flower interactions in the Mediterranean area: a Citizen Science dataset collated within the LIFE 4 Pollinators project"". https://doi.org/xxxxx"	HumanObservation	na	observation without coordinates
LIFE4POLL200	2022-04-27*	na	na	na	na	na	na	"visual observation|photograph|Barberis et al. (in press) ""Insect-flower interactions in the Mediterranean area: a Citizen Science dataset collated within the LIFE 4 Pollinators project"". https://doi.org/xxxxx"	HumanObservation	na	observation without coordinates
LIFE4POLL201	2022-04-27	37.530344	15.112912	WGS84	Italy	IT	urban	"visual observation|photograph|Barberis et al. (in press) ""Insect-flower interactions in the Mediterranean area: a Citizen Science dataset collated within the LIFE 4 Pollinators project"". https://doi.org/xxxxx"	HumanObservation	OutsideNatura2000	observation located outside Natura 2000 sites
LIFE4POLL202	2022-04-27	37.530434	15.112907	WGS84	Italy	IT	urban	"visual observation|photograph|Barberis et al. (in press) ""Insect-flower interactions in the Mediterranean area: a Citizen Science dataset collated within the LIFE 4 Pollinators project"". https://doi.org/xxxxx"	HumanObservation	OutsideNatura2000	observation located outside Natura 2000 sites
LIFE4POLL203	2022-04-21	39.11112	26.56256	WGS84	Greece	GR	island, archaeological site	"visual observation|photograph|Barberis et al. (in press) ""Insect-flower interactions in the Mediterranean area: a Citizen Science dataset collated within the LIFE 4 Pollinators project"". https://doi.org/xxxxx"	HumanObservation	OutsideNatura2000	observation located outside Natura 2000 sites
LIFE4POLL204	2022-04-30*	43.671721	6.571455	WGS84	France	FR	mountain	"visual observation|photograph|Barberis et al. (in press) ""Insect-flower interactions in the Mediterranean area: a Citizen Science dataset collated within the LIFE 4 Pollinators project"". https://doi.org/xxxxx"	HumanObservation	OutsideNatura2000	observation located outside Natura 2000 sites
LIFE4POLL205	2022-04-30	na	na	na	na	na	na	"visual observation|photograph|Barberis et al. (in press) ""Insect-flower interactions in the Mediterranean area: a Citizen Science dataset collated within the LIFE 4 Pollinators project"". https://doi.org/xxxxx"	HumanObservation	na	observation without coordinates
LIFE4POLL206	2022-04-30	39.352848	3.187891	WGS84	Spain	ES	island	"visual observation|photograph|Barberis et al. (in press) ""Insect-flower interactions in the Mediterranean area: a Citizen Science dataset collated within the LIFE 4 Pollinators project"". https://doi.org/xxxxx"	HumanObservation	ES0000145	observation located in Natura 2000 site with code ES0000145
LIFE4POLL207	2022-04-30*	39.35707	3.19106	WGS84	Spain	ES	seaside	"visual observation|photograph|Barberis et al. (in press) ""Insect-flower interactions in the Mediterranean area: a Citizen Science dataset collated within the LIFE 4 Pollinators project"". https://doi.org/xxxxx"	HumanObservation	ES0000145	observation located in Natura 2000 site with code ES0000145
LIFE4POLL208	2022-04-30*	39.35707	3.19106	WGS84	Spain	ES	seaside	"visual observation|photograph|Barberis et al. (in press) ""Insect-flower interactions in the Mediterranean area: a Citizen Science dataset collated within the LIFE 4 Pollinators project"". https://doi.org/xxxxx"	HumanObservation	ES0000145	observation located in Natura 2000 site with code ES0000145
LIFE4POLL209	2022-04-30*	39.354941	3.184662	WGS84	Spain	ES	seaside	"visual observation|photograph|Barberis et al. (in press) ""Insect-flower interactions in the Mediterranean area: a Citizen Science dataset collated within the LIFE 4 Pollinators project"". https://doi.org/xxxxx"	HumanObservation	ES0000145	observation located in Natura 2000 site with code ES0000145
LIFE4POLL210	2022-04-30*	39.354675	3.186121	WGS84	Spain	ES	seaside	"visual observation|photograph|Barberis et al. (in press) ""Insect-flower interactions in the Mediterranean area: a Citizen Science dataset collated within the LIFE 4 Pollinators project"". https://doi.org/xxxxx"	HumanObservation	ES0000145	observation located in Natura 2000 site with code ES0000145
LIFE4POLL211	2022-04-30	37.50416	15.052557	WGS84	Italy	IT	urban	"visual observation|photograph|Barberis et al. (in press) ""Insect-flower interactions in the Mediterranean area: a Citizen Science dataset collated within the LIFE 4 Pollinators project"". https://doi.org/xxxxx"	HumanObservation	OutsideNatura2000	observation located outside Natura 2000 sites
LIFE4POLL212	2022-04-30	37.503104	15.053029	WGS84	Italy	IT	urban	"visual observation|photograph|Barberis et al. (in press) ""Insect-flower interactions in the Mediterranean area: a Citizen Science dataset collated within the LIFE 4 Pollinators project"". https://doi.org/xxxxx"	HumanObservation	OutsideNatura2000	observation located outside Natura 2000 sites
LIFE4POLL213	2022-04-30	37.503343	15.052965	WGS84	Italy	IT	urban	"visual observation|photograph|Barberis et al. (in press) ""Insect-flower interactions in the Mediterranean area: a Citizen Science dataset collated within the LIFE 4 Pollinators project"". https://doi.org/xxxxx"	HumanObservation	OutsideNatura2000	observation located outside Natura 2000 sites
LIFE4POLL214	2022-04-30	37.503394	15.052943	WGS84	Italy	IT	urban	"visual observation|photograph|Barberis et al. (in press) ""Insect-flower interactions in the Mediterranean area: a Citizen Science dataset collated within the LIFE 4 Pollinators project"". https://doi.org/xxxxx"	HumanObservation	OutsideNatura2000	observation located outside Natura 2000 sites
LIFE4POLL215	2022-04-30	37.503377	15.052922	WGS84	Italy	IT	urban	"visual observation|photograph|Barberis et al. (in press) ""Insect-flower interactions in the Mediterranean area: a Citizen Science dataset collated within the LIFE 4 Pollinators project"". https://doi.org/xxxxx"	HumanObservation	OutsideNatura2000	observation located outside Natura 2000 sites
LIFE4POLL216	2022-04-30	37.50324	15.053136	WGS84	Italy	IT	urban	"visual observation|photograph|Barberis et al. (in press) ""Insect-flower interactions in the Mediterranean area: a Citizen Science dataset collated within the LIFE 4 Pollinators project"". https://doi.org/xxxxx"	HumanObservation	OutsideNatura2000	observation located outside Natura 2000 sites
LIFE4POLL217	2022-04-30	37.503904	15.052621	WGS84	Italy	IT	urban	"visual observation|photograph|Barberis et al. (in press) ""Insect-flower interactions in the Mediterranean area: a Citizen Science dataset collated within the LIFE 4 Pollinators project"". https://doi.org/xxxxx"	HumanObservation	OutsideNatura2000	observation located outside Natura 2000 sites
LIFE4POLL218	2022-04-30	37.503649	15.052922	WGS84	Italy	IT	urban	"visual observation|photograph|Barberis et al. (in press) ""Insect-flower interactions in the Mediterranean area: a Citizen Science dataset collated within the LIFE 4 Pollinators project"". https://doi.org/xxxxx"	HumanObservation	OutsideNatura2000	observation located outside Natura 2000 sites
LIFE4POLL219	2022-04-30	37.503683	15.052793	WGS84	Italy	IT	urban	"visual observation|photograph|Barberis et al. (in press) ""Insect-flower interactions in the Mediterranean area: a Citizen Science dataset collated within the LIFE 4 Pollinators project"". https://doi.org/xxxxx"	HumanObservation	OutsideNatura2000	observation located outside Natura 2000 sites
LIFE4POLL220	2022-04-30	37.503564	15.053051	WGS84	Italy	IT	urban	"visual observation|photograph|Barberis et al. (in press) ""Insect-flower interactions in the Mediterranean area: a Citizen Science dataset collated within the LIFE 4 Pollinators project"". https://doi.org/xxxxx"	HumanObservation	OutsideNatura2000	observation located outside Natura 2000 sites
LIFE4POLL221	2022-04-30	37.503938	15.052729	WGS84	Italy	IT	urban	"visual observation|photograph|Barberis et al. (in press) ""Insect-flower interactions in the Mediterranean area: a Citizen Science dataset collated within the LIFE 4 Pollinators project"". https://doi.org/xxxxx"	HumanObservation	OutsideNatura2000	observation located outside Natura 2000 sites
LIFE4POLL222	2022-04-30	37.503632	15.052879	WGS84	Italy	IT	urban	"visual observation|photograph|Barberis et al. (in press) ""Insect-flower interactions in the Mediterranean area: a Citizen Science dataset collated within the LIFE 4 Pollinators project"". https://doi.org/xxxxx"	HumanObservation	OutsideNatura2000	observation located outside Natura 2000 sites
LIFE4POLL223	2022-04-30	37.503309	15.053072	WGS84	Italy	IT	urban	"visual observation|photograph|Barberis et al. (in press) ""Insect-flower interactions in the Mediterranean area: a Citizen Science dataset collated within the LIFE 4 Pollinators project"". https://doi.org/xxxxx"	HumanObservation	OutsideNatura2000	observation located outside Natura 2000 sites
LIFE4POLL224	2022-04-30	37.50336	15.052943	WGS84	Italy	IT	urban	"visual observation|photograph|Barberis et al. (in press) ""Insect-flower interactions in the Mediterranean area: a Citizen Science dataset collated within the LIFE 4 Pollinators project"". https://doi.org/xxxxx"	HumanObservation	OutsideNatura2000	observation located outside Natura 2000 sites
LIFE4POLL225	2022-05-01	37.303173	15.059477	WGS84	Italy	IT	urban	"visual observation|photograph|Barberis et al. (in press) ""Insect-flower interactions in the Mediterranean area: a Citizen Science dataset collated within the LIFE 4 Pollinators project"". https://doi.org/xxxxx"	HumanObservation	OutsideNatura2000	observation located outside Natura 2000 sites
LIFE4POLL226	2022-05-01	37.303177	15.059461	WGS84	Italy	IT	urban	"visual observation|photograph|Barberis et al. (in press) ""Insect-flower interactions in the Mediterranean area: a Citizen Science dataset collated within the LIFE 4 Pollinators project"". https://doi.org/xxxxx"	HumanObservation	OutsideNatura2000	observation located outside Natura 2000 sites
LIFE4POLL227	2022-05-01	37.303173	15.059477	WGS84	Italy	IT	urban	"visual observation|photograph|Barberis et al. (in press) ""Insect-flower interactions in the Mediterranean area: a Citizen Science dataset collated within the LIFE 4 Pollinators project"". https://doi.org/xxxxx"	HumanObservation	OutsideNatura2000	observation located outside Natura 2000 sites
LIFE4POLL228	2022-05-01	37.303194	15.059466	WGS84	Italy	IT	urban	"visual observation|photograph|Barberis et al. (in press) ""Insect-flower interactions in the Mediterranean area: a Citizen Science dataset collated within the LIFE 4 Pollinators project"". https://doi.org/xxxxx"	HumanObservation	OutsideNatura2000	observation located outside Natura 2000 sites
LIFE4POLL229	2022-05-01	37.30316	15.059488	WGS84	Italy	IT	urban	"visual observation|photograph|Barberis et al. (in press) ""Insect-flower interactions in the Mediterranean area: a Citizen Science dataset collated within the LIFE 4 Pollinators project"". https://doi.org/xxxxx"	HumanObservation	OutsideNatura2000	observation located outside Natura 2000 sites
LIFE4POLL230	2022-05-01	44.347898	11.055937	WGS84	Italy	IT	mountain	"visual observation|photograph|Barberis et al. (in press) ""Insect-flower interactions in the Mediterranean area: a Citizen Science dataset collated within the LIFE 4 Pollinators project"". https://doi.org/xxxxx"	HumanObservation	OutsideNatura2000	observation located outside Natura 2000 sites
LIFE4POLL231	2022-05-01	37.504143	15.052578	WGS84	Italy	IT	urban	"visual observation|photograph|Barberis et al. (in press) ""Insect-flower interactions in the Mediterranean area: a Citizen Science dataset collated within the LIFE 4 Pollinators project"". https://doi.org/xxxxx"	HumanObservation	OutsideNatura2000	observation located outside Natura 2000 sites
LIFE4POLL232	2022-05-02	37.503887	15.052686	WGS84	Italy	IT	urban	"visual observation|photograph|Barberis et al. (in press) ""Insect-flower interactions in the Mediterranean area: a Citizen Science dataset collated within the LIFE 4 Pollinators project"". https://doi.org/xxxxx"	HumanObservation	OutsideNatura2000	observation located outside Natura 2000 sites
LIFE4POLL233	2022-05-02	37.503904	15.052836	WGS84	Italy	IT	urban	"visual observation|photograph|Barberis et al. (in press) ""Insect-flower interactions in the Mediterranean area: a Citizen Science dataset collated within the LIFE 4 Pollinators project"". https://doi.org/xxxxx"	HumanObservation	OutsideNatura2000	observation located outside Natura 2000 sites
LIFE4POLL234	2022-05-03	37.504075	15.052621	WGS84	Italy	IT	urban	"visual observation|photograph|Barberis et al. (in press) ""Insect-flower interactions in the Mediterranean area: a Citizen Science dataset collated within the LIFE 4 Pollinators project"". https://doi.org/xxxxx"	HumanObservation	OutsideNatura2000	observation located outside Natura 2000 sites
LIFE4POLL235	2022-05-03	37.503972	15.052686	WGS84	Italy	IT	urban	"visual observation|photograph|Barberis et al. (in press) ""Insect-flower interactions in the Mediterranean area: a Citizen Science dataset collated within the LIFE 4 Pollinators project"". https://doi.org/xxxxx"	HumanObservation	OutsideNatura2000	observation located outside Natura 2000 sites
LIFE4POLL236	2022-05-03	37.503785	15.0529	WGS84	Italy	IT	urban	"visual observation|photograph|Barberis et al. (in press) ""Insect-flower interactions in the Mediterranean area: a Citizen Science dataset collated within the LIFE 4 Pollinators project"". https://doi.org/xxxxx"	HumanObservation	OutsideNatura2000	observation located outside Natura 2000 sites
LIFE4POLL237	2022-05-03	37.503819	15.052814	WGS84	Italy	IT	urban	"visual observation|photograph|Barberis et al. (in press) ""Insect-flower interactions in the Mediterranean area: a Citizen Science dataset collated within the LIFE 4 Pollinators project"". https://doi.org/xxxxx"	HumanObservation	OutsideNatura2000	observation located outside Natura 2000 sites
LIFE4POLL238	2022-05-03	37.504109	15.052772	WGS84	Italy	IT	urban	"visual observation|photograph|Barberis et al. (in press) ""Insect-flower interactions in the Mediterranean area: a Citizen Science dataset collated within the LIFE 4 Pollinators project"". https://doi.org/xxxxx"	HumanObservation	OutsideNatura2000	observation located outside Natura 2000 sites
LIFE4POLL239	2022-05-03	37.503785	15.052943	WGS84	Italy	IT	urban	"visual observation|photograph|Barberis et al. (in press) ""Insect-flower interactions in the Mediterranean area: a Citizen Science dataset collated within the LIFE 4 Pollinators project"". https://doi.org/xxxxx"	HumanObservation	OutsideNatura2000	observation located outside Natura 2000 sites
LIFE4POLL240	2022-05-03	37.503598	15.052857	WGS84	Italy	IT	urban	"visual observation|photograph|Barberis et al. (in press) ""Insect-flower interactions in the Mediterranean area: a Citizen Science dataset collated within the LIFE 4 Pollinators project"". https://doi.org/xxxxx"	HumanObservation	OutsideNatura2000	observation located outside Natura 2000 sites
LIFE4POLL241	2022-05-03	37.503479	15.0529	WGS84	Italy	IT	urban	"visual observation|photograph|Barberis et al. (in press) ""Insect-flower interactions in the Mediterranean area: a Citizen Science dataset collated within the LIFE 4 Pollinators project"". https://doi.org/xxxxx"	HumanObservation	OutsideNatura2000	observation located outside Natura 2000 sites
LIFE4POLL242	2022-05-01	37.303207	15.059477	WGS84	Italy	IT	urban	"visual observation|photograph|Barberis et al. (in press) ""Insect-flower interactions in the Mediterranean area: a Citizen Science dataset collated within the LIFE 4 Pollinators project"". https://doi.org/xxxxx"	HumanObservation	OutsideNatura2000	observation located outside Natura 2000 sites
LIFE4POLL243	2022-05-01	37.303177	15.059466	WGS84	Italy	IT	island	"visual observation|photograph|Barberis et al. (in press) ""Insect-flower interactions in the Mediterranean area: a Citizen Science dataset collated within the LIFE 4 Pollinators project"". https://doi.org/xxxxx"	HumanObservation	OutsideNatura2000	observation located outside Natura 2000 sites
LIFE4POLL244	2022-05-01	37.303181	15.059461	WGS84	Italy	IT	urban	"visual observation|photograph|Barberis et al. (in press) ""Insect-flower interactions in the Mediterranean area: a Citizen Science dataset collated within the LIFE 4 Pollinators project"". https://doi.org/xxxxx"	HumanObservation	OutsideNatura2000	observation located outside Natura 2000 sites
LIFE4POLL245	2022-05-03	37.503479	15.052772	WGS84	Italy	IT	urban	"visual observation|photograph|Barberis et al. (in press) ""Insect-flower interactions in the Mediterranean area: a Citizen Science dataset collated within the LIFE 4 Pollinators project"". https://doi.org/xxxxx"	HumanObservation	OutsideNatura2000	observation located outside Natura 2000 sites
LIFE4POLL246	2022-05-03	37.503989	15.052686	WGS84	Italy	IT	urban	"visual observation|photograph|Barberis et al. (in press) ""Insect-flower interactions in the Mediterranean area: a Citizen Science dataset collated within the LIFE 4 Pollinators project"". https://doi.org/xxxxx"	HumanObservation	OutsideNatura2000	observation located outside Natura 2000 sites
LIFE4POLL247	2022-05-03	37.503666	15.052943	WGS84	Italy	IT	urban	"visual observation|photograph|Barberis et al. (in press) ""Insect-flower interactions in the Mediterranean area: a Citizen Science dataset collated within the LIFE 4 Pollinators project"". https://doi.org/xxxxx"	HumanObservation	OutsideNatura2000	observation located outside Natura 2000 sites
LIFE4POLL248	2022-05-03	37.503513	15.052857	WGS84	Italy	IT	urban	"visual observation|photograph|Barberis et al. (in press) ""Insect-flower interactions in the Mediterranean area: a Citizen Science dataset collated within the LIFE 4 Pollinators project"". https://doi.org/xxxxx"	HumanObservation	OutsideNatura2000	observation located outside Natura 2000 sites
LIFE4POLL249	2022-04-30	na	na	na	na	na	seaside	"visual observation|photograph|Barberis et al. (in press) ""Insect-flower interactions in the Mediterranean area: a Citizen Science dataset collated within the LIFE 4 Pollinators project"". https://doi.org/xxxxx"	HumanObservation	na	observation without coordinates
LIFE4POLL250	2022-04-30	na	na	na	na	na	seaside	"visual observation|photograph|Barberis et al. (in press) ""Insect-flower interactions in the Mediterranean area: a Citizen Science dataset collated within the LIFE 4 Pollinators project"". https://doi.org/xxxxx"	HumanObservation	na	observation without coordinates
LIFE4POLL251	2022-05-03	37.503853	15.052879	WGS84	Italy	IT	urban	"visual observation|photograph|Barberis et al. (in press) ""Insect-flower interactions in the Mediterranean area: a Citizen Science dataset collated within the LIFE 4 Pollinators project"". https://doi.org/xxxxx"	HumanObservation	OutsideNatura2000	observation located outside Natura 2000 sites
LIFE4POLL252	2022-05-05	37.503972	15.052772	WGS84	Italy	IT	urban	"visual observation|photograph|Barberis et al. (in press) ""Insect-flower interactions in the Mediterranean area: a Citizen Science dataset collated within the LIFE 4 Pollinators project"". https://doi.org/xxxxx"	HumanObservation	OutsideNatura2000	observation located outside Natura 2000 sites
LIFE4POLL253	2022-05-07*	35.25347	25.601234	WGS84	Greece	GR	island, periurban	"visual observation|photograph|Barberis et al. (in press) ""Insect-flower interactions in the Mediterranean area: a Citizen Science dataset collated within the LIFE 4 Pollinators project"". https://doi.org/xxxxx"	HumanObservation	OutsideNatura2000	observation located outside Natura 2000 sites
LIFE4POLL254	2022-05-07	40.591731	23.795185	WGS84	Greece	GR	seaside	"visual observation|photograph|Barberis et al. (in press) ""Insect-flower interactions in the Mediterranean area: a Citizen Science dataset collated within the LIFE 4 Pollinators project"". https://doi.org/xxxxx"	HumanObservation	GR1270005	observation located in Natura 2000 site with code GR1270005
LIFE4POLL255	2022-05-07*	40.590101	23.794756	WGS84	Greece	GR	seaside	"visual observation|photograph|Barberis et al. (in press) ""Insect-flower interactions in the Mediterranean area: a Citizen Science dataset collated within the LIFE 4 Pollinators project"". https://doi.org/xxxxx"	HumanObservation	GR1270005	observation located in Natura 2000 site with code GR1270005
LIFE4POLL256	2022-05-07*	40.589246	23.794026	WGS84	Greece	GR	seaside	"visual observation|photograph|Barberis et al. (in press) ""Insect-flower interactions in the Mediterranean area: a Citizen Science dataset collated within the LIFE 4 Pollinators project"". https://doi.org/xxxxx"	HumanObservation	GR1270005	observation located in Natura 2000 site with code GR1270005
LIFE4POLL257	2022-05-07*	40.58945	23.794713	WGS84	Greece	GR	seaside	"visual observation|photograph|Barberis et al. (in press) ""Insect-flower interactions in the Mediterranean area: a Citizen Science dataset collated within the LIFE 4 Pollinators project"". https://doi.org/xxxxx"	HumanObservation	GR1270005	observation located in Natura 2000 site with code GR1270005
LIFE4POLL258	2022-05-07	40.588695	23.793111	WGS84	Greece	GR	island, archaeological site	"visual observation|photograph|Barberis et al. (in press) ""Insect-flower interactions in the Mediterranean area: a Citizen Science dataset collated within the LIFE 4 Pollinators project"". https://doi.org/xxxxx"	HumanObservation	GR1270005	observation located in Natura 2000 site with code GR1270005
LIFE4POLL259	2022-05-07*	35.25347	25.601234	WGS84	Greece	GR	periurban	"visual observation|photograph|Barberis et al. (in press) ""Insect-flower interactions in the Mediterranean area: a Citizen Science dataset collated within the LIFE 4 Pollinators project"". https://doi.org/xxxxx"	HumanObservation	GR1270005	observation located in Natura 2000 site with code GR1270005
LIFE4POLL260	2022-05-07*	40.591789	23.795044	WGS84	Greece	GR	seaside, archaeological site	"visual observation|photograph|Barberis et al. (in press) ""Insect-flower interactions in the Mediterranean area: a Citizen Science dataset collated within the LIFE 4 Pollinators project"". https://doi.org/xxxxx"	HumanObservation	GR1270005	observation located in Natura 2000 site with code GR1270005
LIFE4POLL261	2022-05-07*	40.591473	23.795343	WGS84	Greece	GR	seaside, archaeological site	"visual observation|photograph|Barberis et al. (in press) ""Insect-flower interactions in the Mediterranean area: a Citizen Science dataset collated within the LIFE 4 Pollinators project"". https://doi.org/xxxxx"	HumanObservation	GR1270005	observation located in Natura 2000 site with code GR1270005
LIFE4POLL262	2019-10-07	38.994239	20.735557	WGS84	Greece	GR	lowland	"visual observation|photograph|Barberis et al. (in press) ""Insect-flower interactions in the Mediterranean area: a Citizen Science dataset collated within the LIFE 4 Pollinators project"". https://doi.org/xxxxx"	HumanObservation	OutsideNatura2000	observation located outside Natura 2000 sites
LIFE4POLL263	2022-05-07	40.589156	23.794777	WGS84	Greece	GR	seaside, hills	"visual observation|photograph|Barberis et al. (in press) ""Insect-flower interactions in the Mediterranean area: a Citizen Science dataset collated within the LIFE 4 Pollinators project"". https://doi.org/xxxxx"	HumanObservation	GR1270005	observation located in Natura 2000 site with code GR1270005
LIFE4POLL264	2022-05-07*	39.056517	26.371994	WGS84	Greece	GR	island	"visual observation|photograph|Barberis et al. (in press) ""Insect-flower interactions in the Mediterranean area: a Citizen Science dataset collated within the LIFE 4 Pollinators project"". https://doi.org/xxxxx"	HumanObservation	GR4110005	observation located in Natura 2000 site with code GR4110005
LIFE4POLL265	2022-05-07	40.591988	23.794904	WGS84	Greece	GR	seaside, archaeological site	"visual observation|photograph|Barberis et al. (in press) ""Insect-flower interactions in the Mediterranean area: a Citizen Science dataset collated within the LIFE 4 Pollinators project"". https://doi.org/xxxxx"	HumanObservation	GR1270005	observation located in Natura 2000 site with code GR1270005
LIFE4POLL267	2022-05-07	39.057051	26.381607	WGS84	Greece	GR	mountain	"visual observation|photograph|Barberis et al. (in press) ""Insect-flower interactions in the Mediterranean area: a Citizen Science dataset collated within the LIFE 4 Pollinators project"". https://doi.org/xxxxx"	HumanObservation	GR4110005	observation located in Natura 2000 site with code GR4110005
LIFE4POLL269	2022-05-07	40.592024	23.794198	WGS84	Greece	GR	island, archaeological site	"visual observation|photograph|Barberis et al. (in press) ""Insect-flower interactions in the Mediterranean area: a Citizen Science dataset collated within the LIFE 4 Pollinators project"". https://doi.org/xxxxx"	HumanObservation	GR1270005	observation located in Natura 2000 site with code GR1270005
LIFE4POLL270	2022-05-07	40.592184	23.795975	WGS84	Greece	GR	island, archaeological site	"visual observation|photograph|Barberis et al. (in press) ""Insect-flower interactions in the Mediterranean area: a Citizen Science dataset collated within the LIFE 4 Pollinators project"". https://doi.org/xxxxx"	HumanObservation	GR1270005	observation located in Natura 2000 site with code GR1270005
LIFE4POLL271	2022-05-07*	38.8913	22.70668	WGS84	Greece	GR	periurban	"visual observation|photograph|Barberis et al. (in press) ""Insect-flower interactions in the Mediterranean area: a Citizen Science dataset collated within the LIFE 4 Pollinators project"". https://doi.org/xxxxx"	HumanObservation	OutsideNatura2000	observation located outside Natura 2000 sites
LIFE4POLL272	2022-05-07	40.591682	23.795571	WGS84	Greece	GR	seaside, hills	"visual observation|photograph|Barberis et al. (in press) ""Insect-flower interactions in the Mediterranean area: a Citizen Science dataset collated within the LIFE 4 Pollinators project"". https://doi.org/xxxxx"	HumanObservation	GR1270005	observation located in Natura 2000 site with code GR1270005
LIFE4POLL274	2022-05-07	40.592114	23.794917	WGS84	Greece	GR	island, archaeological site	"visual observation|photograph|Barberis et al. (in press) ""Insect-flower interactions in the Mediterranean area: a Citizen Science dataset collated within the LIFE 4 Pollinators project"". https://doi.org/xxxxx"	HumanObservation	GR1270005	observation located in Natura 2000 site with code GR1270005
LIFE4POLL275	2022-05-07	40.5916	23.796184	WGS84	Greece	GR	seaside, archaeological site	"visual observation|photograph|Barberis et al. (in press) ""Insect-flower interactions in the Mediterranean area: a Citizen Science dataset collated within the LIFE 4 Pollinators project"". https://doi.org/xxxxx"	HumanObservation	GR1270005	observation located in Natura 2000 site with code GR1270005
LIFE4POLL276	2022-05-07	40.592236	23.795292	WGS84	Greece	GR	seaside, hills	"visual observation|photograph|Barberis et al. (in press) ""Insect-flower interactions in the Mediterranean area: a Citizen Science dataset collated within the LIFE 4 Pollinators project"". https://doi.org/xxxxx"	HumanObservation	GR1270005	observation located in Natura 2000 site with code GR1270005
LIFE4POLL278	2022-05-07	40.591959	23.795357	WGS84	Greece	GR	island, archaeological site	"visual observation|photograph|Barberis et al. (in press) ""Insect-flower interactions in the Mediterranean area: a Citizen Science dataset collated within the LIFE 4 Pollinators project"". https://doi.org/xxxxx"	HumanObservation	GR1270005	observation located in Natura 2000 site with code GR1270005
LIFE4POLL279	2022-05-07	40.590053	23.794885	WGS84	Greece	GR	island	"visual observation|photograph|Barberis et al. (in press) ""Insect-flower interactions in the Mediterranean area: a Citizen Science dataset collated within the LIFE 4 Pollinators project"". https://doi.org/xxxxx"	HumanObservation	GR1270005	observation located in Natura 2000 site with code GR1270005
LIFE4POLL280	2022-05-07	40.592024	23.797411	WGS84	Greece	GR	island, seaside	"visual observation|photograph|Barberis et al. (in press) ""Insect-flower interactions in the Mediterranean area: a Citizen Science dataset collated within the LIFE 4 Pollinators project"". https://doi.org/xxxxx"	HumanObservation	GR1270005	observation located in Natura 2000 site with code GR1270005
LIFE4POLL283	2022-05-10*	44.480402	11.372223	WGS84	Italy	IT	urban	"visual observation|photograph|Barberis et al. (in press) ""Insect-flower interactions in the Mediterranean area: a Citizen Science dataset collated within the LIFE 4 Pollinators project"". https://doi.org/xxxxx"	HumanObservation	OutsideNatura2000	observation located outside Natura 2000 sites
LIFE4POLL284	2022-05-10*	44.474919	11.363787	WGS84	Italy	IT	urban	"visual observation|photograph|Barberis et al. (in press) ""Insect-flower interactions in the Mediterranean area: a Citizen Science dataset collated within the LIFE 4 Pollinators project"". https://doi.org/xxxxx"	HumanObservation	OutsideNatura2000	observation located outside Natura 2000 sites
LIFE4POLL285	2021-07-07	38.01963	23.81537	WGS84	Greece	GR	urban	"visual observation|photograph|Barberis et al. (in press) ""Insect-flower interactions in the Mediterranean area: a Citizen Science dataset collated within the LIFE 4 Pollinators project"". https://doi.org/xxxxx"	HumanObservation	OutsideNatura2000	observation located outside Natura 2000 sites
LIFE4POLL286	2022-05-10	37.415164	15.071365	WGS84	Italy	IT	urban	"visual observation|photograph|Barberis et al. (in press) ""Insect-flower interactions in the Mediterranean area: a Citizen Science dataset collated within the LIFE 4 Pollinators project"". https://doi.org/xxxxx"	HumanObservation	ITA070029|ITA070001	observation located in Natura 2000 sites with codes ITA070029|ITA070001
LIFE4POLL287	2022-05-10	37.401358	15.089936	WGS84	Italy	IT	island, seaside	"visual observation|photograph|Barberis et al. (in press) ""Insect-flower interactions in the Mediterranean area: a Citizen Science dataset collated within the LIFE 4 Pollinators project"". https://doi.org/xxxxx"	HumanObservation	ITA070029|ITA070001	observation located in Natura 2000 sites with codes ITA070029|ITA070001
LIFE4POLL288	2022-05-10	37.401733	15.089765	WGS84	Italy	IT	island, seaside	"visual observation|photograph|Barberis et al. (in press) ""Insect-flower interactions in the Mediterranean area: a Citizen Science dataset collated within the LIFE 4 Pollinators project"". https://doi.org/xxxxx"	HumanObservation	ITA070029|ITA070001	observation located in Natura 2000 sites with codes ITA070029|ITA070001
LIFE4POLL289	2022-05-10	37.401733	15.089765	WGS84	Italy	IT	island, seaside	"visual observation|photograph|Barberis et al. (in press) ""Insect-flower interactions in the Mediterranean area: a Citizen Science dataset collated within the LIFE 4 Pollinators project"". https://doi.org/xxxxx"	HumanObservation	ITA070029|ITA070001	observation located in Natura 2000 sites with codes ITA070029|ITA070001
LIFE4POLL290	2022-05-11	41.21763	23.082918	WGS84	Greece	GR	riverside	"visual observation|photograph|Barberis et al. (in press) ""Insect-flower interactions in the Mediterranean area: a Citizen Science dataset collated within the LIFE 4 Pollinators project"". https://doi.org/xxxxx"	HumanObservation	GR1260001	observation located in Natura 2000 site with code GR1260001
LIFE4POLL291	2022-05-11	37.512296	15.083306	WGS84	Italy	IT	urban	"visual observation|photograph|Barberis et al. (in press) ""Insect-flower interactions in the Mediterranean area: a Citizen Science dataset collated within the LIFE 4 Pollinators project"". https://doi.org/xxxxx"	HumanObservation	OutsideNatura2000	observation located outside Natura 2000 sites
LIFE4POLL292	2022-05-12	37.510645	15.083719	WGS84	Italy	IT	urban	"visual observation|photograph|Barberis et al. (in press) ""Insect-flower interactions in the Mediterranean area: a Citizen Science dataset collated within the LIFE 4 Pollinators project"". https://doi.org/xxxxx"	HumanObservation	OutsideNatura2000	observation located outside Natura 2000 sites
LIFE4POLL293	2022-05-12	37.503921	15.052643	WGS84	Italy	IT	urban	"visual observation|photograph|Barberis et al. (in press) ""Insect-flower interactions in the Mediterranean area: a Citizen Science dataset collated within the LIFE 4 Pollinators project"". https://doi.org/xxxxx"	HumanObservation	OutsideNatura2000	observation located outside Natura 2000 sites
LIFE4POLL294	2022-05-13	37.616216	15.06092	WGS84	Italy	IT	urban	"visual observation|photograph|Barberis et al. (in press) ""Insect-flower interactions in the Mediterranean area: a Citizen Science dataset collated within the LIFE 4 Pollinators project"". https://doi.org/xxxxx"	HumanObservation	OutsideNatura2000	observation located outside Natura 2000 sites
LIFE4POLL295	2022-05-13	37.616203	15.060947	WGS84	Italy	IT	urban	"visual observation|photograph|Barberis et al. (in press) ""Insect-flower interactions in the Mediterranean area: a Citizen Science dataset collated within the LIFE 4 Pollinators project"". https://doi.org/xxxxx"	HumanObservation	OutsideNatura2000	observation located outside Natura 2000 sites
LIFE4POLL296	2022-05-13	37.616292	15.061918	WGS84	Italy	IT	urban	"visual observation|photograph|Barberis et al. (in press) ""Insect-flower interactions in the Mediterranean area: a Citizen Science dataset collated within the LIFE 4 Pollinators project"". https://doi.org/xxxxx"	HumanObservation	OutsideNatura2000	observation located outside Natura 2000 sites
LIFE4POLL297	2022-05-14*	40.110107	22.4991	WGS84	Greece	GR	periurban	"visual observation|photograph|Barberis et al. (in press) ""Insect-flower interactions in the Mediterranean area: a Citizen Science dataset collated within the LIFE 4 Pollinators project"". https://doi.org/xxxxx"	HumanObservation	OutsideNatura2000	observation located outside Natura 2000 sites
LIFE4POLL298	2022-05-14*	40.110107	22.4991	WGS84	Greece	GR	periurban	"visual observation|photograph|Barberis et al. (in press) ""Insect-flower interactions in the Mediterranean area: a Citizen Science dataset collated within the LIFE 4 Pollinators project"". https://doi.org/xxxxx"	HumanObservation	OutsideNatura2000	observation located outside Natura 2000 sites
LIFE4POLL299	2022-05-14*	40.110107	22.4991	WGS84	Greece	GR	periurban	"visual observation|photograph|Barberis et al. (in press) ""Insect-flower interactions in the Mediterranean area: a Citizen Science dataset collated within the LIFE 4 Pollinators project"". https://doi.org/xxxxx"	HumanObservation	OutsideNatura2000	observation located outside Natura 2000 sites
LIFE4POLL300	2022-05-14*	40.110107	22.4991	WGS84	Greece	GR	periurban	"visual observation|photograph|Barberis et al. (in press) ""Insect-flower interactions in the Mediterranean area: a Citizen Science dataset collated within the LIFE 4 Pollinators project"". https://doi.org/xxxxx"	HumanObservation	OutsideNatura2000	observation located outside Natura 2000 sites
LIFE4POLL301	2022-05-14*	40.110107	22.4991	WGS84	Greece	GR	periurban	"visual observation|photograph|Barberis et al. (in press) ""Insect-flower interactions in the Mediterranean area: a Citizen Science dataset collated within the LIFE 4 Pollinators project"". https://doi.org/xxxxx"	HumanObservation	OutsideNatura2000	observation located outside Natura 2000 sites
LIFE4POLL302	2022-05-14	40.110031	22.499442	WGS84	Greece	GR	periurban	"visual observation|photograph|Barberis et al. (in press) ""Insect-flower interactions in the Mediterranean area: a Citizen Science dataset collated within the LIFE 4 Pollinators project"". https://doi.org/xxxxx"	HumanObservation	OutsideNatura2000	observation located outside Natura 2000 sites
LIFE4POLL303	2022-05-14	40.11005	22.4991	WGS84	Greece	GR	periurban	"visual observation|photograph|Barberis et al. (in press) ""Insect-flower interactions in the Mediterranean area: a Citizen Science dataset collated within the LIFE 4 Pollinators project"". https://doi.org/xxxxx"	HumanObservation	OutsideNatura2000	observation located outside Natura 2000 sites
LIFE4POLL304	2022-05-14*	40.11005	22.4991	WGS84	Greece	GR	periurban	"visual observation|photograph|Barberis et al. (in press) ""Insect-flower interactions in the Mediterranean area: a Citizen Science dataset collated within the LIFE 4 Pollinators project"". https://doi.org/xxxxx"	HumanObservation	OutsideNatura2000	observation located outside Natura 2000 sites
LIFE4POLL305	2022-05-14*	40.11005	22.4991	WGS84	Greece	GR	periurban	"visual observation|photograph|Barberis et al. (in press) ""Insect-flower interactions in the Mediterranean area: a Citizen Science dataset collated within the LIFE 4 Pollinators project"". https://doi.org/xxxxx"	HumanObservation	OutsideNatura2000	observation located outside Natura 2000 sites
LIFE4POLL306	2022-05-11	41.094052	23.558207	WGS84	Greece	GR	riverside	"visual observation|photograph|Barberis et al. (in press) ""Insect-flower interactions in the Mediterranean area: a Citizen Science dataset collated within the LIFE 4 Pollinators project"". https://doi.org/xxxxx"	HumanObservation	OutsideNatura2000	observation located outside Natura 2000 sites
LIFE4POLL307	2022-05-14	37.503377	15.053201	WGS84	Italy	IT	urban	"visual observation|photograph|Barberis et al. (in press) ""Insect-flower interactions in the Mediterranean area: a Citizen Science dataset collated within the LIFE 4 Pollinators project"". https://doi.org/xxxxx"	HumanObservation	OutsideNatura2000	observation located outside Natura 2000 sites
LIFE4POLL308	2022-05-07	40.591975	23.796279	WGS84	Greece	GR	hills	"visual observation|photograph|Barberis et al. (in press) ""Insect-flower interactions in the Mediterranean area: a Citizen Science dataset collated within the LIFE 4 Pollinators project"". https://doi.org/xxxxx"	HumanObservation	GR1270005	observation located in Natura 2000 site with code GR1270005
LIFE4POLL309	2022-05-07	40.591796	23.796043	WGS84	Greece	GR	island, archaeological site	"visual observation|photograph|Barberis et al. (in press) ""Insect-flower interactions in the Mediterranean area: a Citizen Science dataset collated within the LIFE 4 Pollinators project"". https://doi.org/xxxxx"	HumanObservation	GR1270005	observation located in Natura 2000 site with code GR1270005
LIFE4POLL310	2022-05-07	40.591796	23.796043	WGS84	Greece	GR	island, archaeological site	"visual observation|photograph|Barberis et al. (in press) ""Insect-flower interactions in the Mediterranean area: a Citizen Science dataset collated within the LIFE 4 Pollinators project"". https://doi.org/xxxxx"	HumanObservation	GR1270005	observation located in Natura 2000 site with code GR1270005
LIFE4POLL311	2022-05-07	40.592317	23.795872	WGS84	Greece	GR	island, archaeological site	"visual observation|photograph|Barberis et al. (in press) ""Insect-flower interactions in the Mediterranean area: a Citizen Science dataset collated within the LIFE 4 Pollinators project"". https://doi.org/xxxxx"	HumanObservation	GR1270005	observation located in Natura 2000 site with code GR1270005
LIFE4POLL312	2022-05-07	40.592252	23.795786	WGS84	Greece	GR	island, archaeological site	"visual observation|photograph|Barberis et al. (in press) ""Insect-flower interactions in the Mediterranean area: a Citizen Science dataset collated within the LIFE 4 Pollinators project"". https://doi.org/xxxxx"	HumanObservation	GR1270005	observation located in Natura 2000 site with code GR1270005
LIFE4POLL313	2022-05-07	40.592839	23.795357	WGS84	Greece	GR	island, archaeological site	"visual observation|photograph|Barberis et al. (in press) ""Insect-flower interactions in the Mediterranean area: a Citizen Science dataset collated within the LIFE 4 Pollinators project"". https://doi.org/xxxxx"	HumanObservation	GR1270005	observation located in Natura 2000 site with code GR1270005
LIFE4POLL314	2022-05-07	40.592448	23.795614	WGS84	Greece	GR	island, archaeological site	"visual observation|photograph|Barberis et al. (in press) ""Insect-flower interactions in the Mediterranean area: a Citizen Science dataset collated within the LIFE 4 Pollinators project"". https://doi.org/xxxxx"	HumanObservation	GR1270005	observation located in Natura 2000 site with code GR1270005
LIFE4POLL315	2022-05-15	37.303279	15.059445	WGS84	Italy	IT	urban	"visual observation|photograph|Barberis et al. (in press) ""Insect-flower interactions in the Mediterranean area: a Citizen Science dataset collated within the LIFE 4 Pollinators project"". https://doi.org/xxxxx"	HumanObservation	IT4050016	observation located in Natura 2000 site with code IT4050016
LIFE4POLL316	2022-05-16	37.504041	15.052814	WGS84	Italy	IT	urban	"visual observation|photograph|Barberis et al. (in press) ""Insect-flower interactions in the Mediterranean area: a Citizen Science dataset collated within the LIFE 4 Pollinators project"". https://doi.org/xxxxx"	HumanObservation	ES1120001	observation located in Natura 2000 site with code ES1120001
LIFE4POLL317	2022-05-16	37.504126	15.0526	WGS84	Italy	IT	urban	"visual observation|photograph|Barberis et al. (in press) ""Insect-flower interactions in the Mediterranean area: a Citizen Science dataset collated within the LIFE 4 Pollinators project"". https://doi.org/xxxxx"	HumanObservation	OutsideNatura2000	observation located outside Natura 2000 sites
LIFE4POLL318	2022-05-16	37.503955	15.0529	WGS84	Italy	IT	urban	"visual observation|photograph|Barberis et al. (in press) ""Insect-flower interactions in the Mediterranean area: a Citizen Science dataset collated within the LIFE 4 Pollinators project"". https://doi.org/xxxxx"	HumanObservation	OutsideNatura2000	observation located outside Natura 2000 sites
LIFE4POLL320	2022-05-18*	44.481351	11.371493	WGS84	Italy	IT	urban	"visual observation|photograph|Barberis et al. (in press) ""Insect-flower interactions in the Mediterranean area: a Citizen Science dataset collated within the LIFE 4 Pollinators project"". https://doi.org/xxxxx"	HumanObservation	OutsideNatura2000	observation located outside Natura 2000 sites
LIFE4POLL322	2022-05-19*	44.464883	11.059448	WGS84	Italy	IT	hills	"visual observation|photograph|Barberis et al. (in press) ""Insect-flower interactions in the Mediterranean area: a Citizen Science dataset collated within the LIFE 4 Pollinators project"". https://doi.org/xxxxx"	HumanObservation	IT4050016	observation located in Natura 2000 site with code IT4050016
LIFE4POLL323	2022-05-19	37.50416	15.052793	WGS84	Italy	IT	urban	"visual observation|photograph|Barberis et al. (in press) ""Insect-flower interactions in the Mediterranean area: a Citizen Science dataset collated within the LIFE 4 Pollinators project"". https://doi.org/xxxxx"	HumanObservation	ES1120001	observation located in Natura 2000 site with code ES1120001
LIFE4POLL324	2022-05-19	37.503921	15.05275	WGS84	Italy	IT	urban	"visual observation|photograph|Barberis et al. (in press) ""Insect-flower interactions in the Mediterranean area: a Citizen Science dataset collated within the LIFE 4 Pollinators project"". https://doi.org/xxxxx"	HumanObservation	OutsideNatura2000	observation located outside Natura 2000 sites
LIFE4POLL325	2022-05-19	37.504177	15.052814	WGS84	Italy	IT	urban	"visual observation|photograph|Barberis et al. (in press) ""Insect-flower interactions in the Mediterranean area: a Citizen Science dataset collated within the LIFE 4 Pollinators project"". https://doi.org/xxxxx"	HumanObservation	OutsideNatura2000	observation located outside Natura 2000 sites
LIFE4POLL326	2022-05-19	37.50479	15.052536	WGS84	Italy	IT	urban	"visual observation|photograph|Barberis et al. (in press) ""Insect-flower interactions in the Mediterranean area: a Citizen Science dataset collated within the LIFE 4 Pollinators project"". https://doi.org/xxxxx"	HumanObservation	OutsideNatura2000	observation located outside Natura 2000 sites
LIFE4POLL327	2022-05-19	37.503343	15.052772	WGS84	Italy	IT	urban	"visual observation|photograph|Barberis et al. (in press) ""Insect-flower interactions in the Mediterranean area: a Citizen Science dataset collated within the LIFE 4 Pollinators project"". https://doi.org/xxxxx"	HumanObservation	OutsideNatura2000	observation located outside Natura 2000 sites
LIFE4POLL328	2022-05-19	42.613056	-7.104639	WGS84	Spain	ES	mountain	"visual observation|photograph|Barberis et al. (in press) ""Insect-flower interactions in the Mediterranean area: a Citizen Science dataset collated within the LIFE 4 Pollinators project"". https://doi.org/xxxxx"	HumanObservation	ES1120001	observation located in Natura 2000 site with code ES1120001
LIFE4POLL329	2022-05-20*	44.480302	11.372223	WGS84	Italy	IT	urban	"visual observation|photograph|Barberis et al. (in press) ""Insect-flower interactions in the Mediterranean area: a Citizen Science dataset collated within the LIFE 4 Pollinators project"". https://doi.org/xxxxx"	HumanObservation	OutsideNatura2000	observation located outside Natura 2000 sites
LIFE4POLL330	2022-05-20*	44.481045	11.372309	WGS84	Italy	IT	lowland	"visual observation|photograph|Barberis et al. (in press) ""Insect-flower interactions in the Mediterranean area: a Citizen Science dataset collated within the LIFE 4 Pollinators project"". https://doi.org/xxxxx"	HumanObservation	OutsideNatura2000	observation located outside Natura 2000 sites
LIFE4POLL331	2022-05-20*	44.500941	11.354164	WGS84	Italy	IT	urban	"visual observation|photograph|Barberis et al. (in press) ""Insect-flower interactions in the Mediterranean area: a Citizen Science dataset collated within the LIFE 4 Pollinators project"". https://doi.org/xxxxx"	HumanObservation	OutsideNatura2000	observation located outside Natura 2000 sites
LIFE4POLL332	2022-05-21	37.507964	15.083413	WGS84	Italy	IT	urban	"visual observation|photograph|Barberis et al. (in press) ""Insect-flower interactions in the Mediterranean area: a Citizen Science dataset collated within the LIFE 4 Pollinators project"". https://doi.org/xxxxx"	HumanObservation	OutsideNatura2000	observation located outside Natura 2000 sites
LIFE4POLL333	2022-05-20	37.503802	15.052879	WGS84	Italy	IT	urban	"visual observation|photograph|Barberis et al. (in press) ""Insect-flower interactions in the Mediterranean area: a Citizen Science dataset collated within the LIFE 4 Pollinators project"". https://doi.org/xxxxx"	HumanObservation	OutsideNatura2000	observation located outside Natura 2000 sites
LIFE4POLL334	2022-05-21	44.499413	11.38072	WGS84	Italy	IT	lowland	"visual observation|photograph|Barberis et al. (in press) ""Insect-flower interactions in the Mediterranean area: a Citizen Science dataset collated within the LIFE 4 Pollinators project"". https://doi.org/xxxxx"	HumanObservation	OutsideNatura2000	observation located outside Natura 2000 sites
LIFE4POLL335	2022-05-21	44.498954	11.380463	WGS84	Italy	IT	lowland	"visual observation|photograph|Barberis et al. (in press) ""Insect-flower interactions in the Mediterranean area: a Citizen Science dataset collated within the LIFE 4 Pollinators project"". https://doi.org/xxxxx"	HumanObservation	OutsideNatura2000	observation located outside Natura 2000 sites
LIFE4POLL336	2022-05-10	44.480145	11.371949	WGS84	Italy	IT	periurban	"visual observation|photograph|Barberis et al. (in press) ""Insect-flower interactions in the Mediterranean area: a Citizen Science dataset collated within the LIFE 4 Pollinators project"". https://doi.org/xxxxx"	HumanObservation	OutsideNatura2000	observation located outside Natura 2000 sites
LIFE4POLL337	2022-05-22	37.504058	15.052836	WGS84	Italy	IT	urban	"visual observation|photograph|Barberis et al. (in press) ""Insect-flower interactions in the Mediterranean area: a Citizen Science dataset collated within the LIFE 4 Pollinators project"". https://doi.org/xxxxx"	HumanObservation	OutsideNatura2000	observation located outside Natura 2000 sites
LIFE4POLL338	2022-05-22	37.481125	15.080967	WGS84	Italy	IT	urban	"visual observation|photograph|Barberis et al. (in press) ""Insect-flower interactions in the Mediterranean area: a Citizen Science dataset collated within the LIFE 4 Pollinators project"". https://doi.org/xxxxx"	HumanObservation	OutsideNatura2000	observation located outside Natura 2000 sites
LIFE4POLL340	2022-05-23*	39.740299	22.36047	WGS84	Greece	GR	periurban	"visual observation|photograph|Barberis et al. (in press) ""Insect-flower interactions in the Mediterranean area: a Citizen Science dataset collated within the LIFE 4 Pollinators project"". https://doi.org/xxxxx"	HumanObservation	OutsideNatura2000	observation located outside Natura 2000 sites
LIFE4POLL342	2022-05-25	44.474189	11.405392	WGS84	Italy	IT	urban	"visual observation|photograph|Barberis et al. (in press) ""Insect-flower interactions in the Mediterranean area: a Citizen Science dataset collated within the LIFE 4 Pollinators project"". https://doi.org/xxxxx"	HumanObservation	OutsideNatura2000	observation located outside Natura 2000 sites
LIFE4POLL343	2022-05-25*	na	na	na	na	na	na	"visual observation|photograph|Barberis et al. (in press) ""Insect-flower interactions in the Mediterranean area: a Citizen Science dataset collated within the LIFE 4 Pollinators project"". https://doi.org/xxxxx"	HumanObservation	na	observation without coordinates
LIFE4POLL344	2022-05-25*	na	na	na	na	na	na	"visual observation|photograph|Barberis et al. (in press) ""Insect-flower interactions in the Mediterranean area: a Citizen Science dataset collated within the LIFE 4 Pollinators project"". https://doi.org/xxxxx"	HumanObservation	na	observation without coordinates
LIFE4POLL345	2022-05-28*	39.869028	2.966666	WGS84	Spain	ES	island	"visual observation|photograph|Barberis et al. (in press) ""Insect-flower interactions in the Mediterranean area: a Citizen Science dataset collated within the LIFE 4 Pollinators project"". https://doi.org/xxxxx"	HumanObservation	OutsideNatura2000	observation located outside Natura 2000 sites
LIFE4POLL346	2022-05-28*	39.869028	2.966666	WGS84	Spain	ES	island	"visual observation|photograph|Barberis et al. (in press) ""Insect-flower interactions in the Mediterranean area: a Citizen Science dataset collated within the LIFE 4 Pollinators project"". https://doi.org/xxxxx"	HumanObservation	OutsideNatura2000	observation located outside Natura 2000 sites
LIFE4POLL347	2022-05-28*	39.869028	2.966666	WGS84	Spain	ES	island	"visual observation|photograph|Barberis et al. (in press) ""Insect-flower interactions in the Mediterranean area: a Citizen Science dataset collated within the LIFE 4 Pollinators project"". https://doi.org/xxxxx"	HumanObservation	OutsideNatura2000	observation located outside Natura 2000 sites
LIFE4POLL348	2022-05-28*	39.869028	2.966666	WGS84	Spain	ES	island	"visual observation|photograph|Barberis et al. (in press) ""Insect-flower interactions in the Mediterranean area: a Citizen Science dataset collated within the LIFE 4 Pollinators project"". https://doi.org/xxxxx"	HumanObservation	OutsideNatura2000	observation located outside Natura 2000 sites
LIFE4POLL349	2022-05-28*	39.869028	2.966666	WGS84	Spain	ES	island	"visual observation|photograph|Barberis et al. (in press) ""Insect-flower interactions in the Mediterranean area: a Citizen Science dataset collated within the LIFE 4 Pollinators project"". https://doi.org/xxxxx"	HumanObservation	OutsideNatura2000	observation located outside Natura 2000 sites
LIFE4POLL350	2022-05-28*	39.869028	2.966666	WGS84	Spain	ES	island	"visual observation|photograph|Barberis et al. (in press) ""Insect-flower interactions in the Mediterranean area: a Citizen Science dataset collated within the LIFE 4 Pollinators project"". https://doi.org/xxxxx"	HumanObservation	OutsideNatura2000	observation located outside Natura 2000 sites
LIFE4POLL351	2022-05-28*	39.869028	2.966666	WGS84	Spain	ES	island	"visual observation|photograph|Barberis et al. (in press) ""Insect-flower interactions in the Mediterranean area: a Citizen Science dataset collated within the LIFE 4 Pollinators project"". https://doi.org/xxxxx"	HumanObservation	OutsideNatura2000	observation located outside Natura 2000 sites
LIFE4POLL352	2022-05-28*	39.754644	3.182764	WGS84	Spain	ES	island, seaside	"visual observation|photograph|Barberis et al. (in press) ""Insect-flower interactions in the Mediterranean area: a Citizen Science dataset collated within the LIFE 4 Pollinators project"". https://doi.org/xxxxx"	HumanObservation	ES0000544|ES5310095	observation located in Natura 2000 sites with codes ES0000544|ES5310095
LIFE4POLL353	2022-05-28*	39.754529	3.183884	WGS84	Spain	ES	island, seaside	"visual observation|photograph|Barberis et al. (in press) ""Insect-flower interactions in the Mediterranean area: a Citizen Science dataset collated within the LIFE 4 Pollinators project"". https://doi.org/xxxxx"	HumanObservation	ES0000544|ES5310095	observation located in Natura 2000 sites with codes ES0000544|ES5310095
LIFE4POLL355	2022-05-28*	39.754529	3.183884	WGS84	Spain	ES	island, seaside	"visual observation|photograph|Barberis et al. (in press) ""Insect-flower interactions in the Mediterranean area: a Citizen Science dataset collated within the LIFE 4 Pollinators project"". https://doi.org/xxxxx"	HumanObservation	ES0000544|ES5310095	observation located in Natura 2000 sites with codes ES0000544|ES5310095
LIFE4POLL356	2022-05-28	37.50387	15.052793	WGS84	Italy	IT	urban	"visual observation|photograph|Barberis et al. (in press) ""Insect-flower interactions in the Mediterranean area: a Citizen Science dataset collated within the LIFE 4 Pollinators project"". https://doi.org/xxxxx"	HumanObservation	OutsideNatura2000	observation located outside Natura 2000 sites
LIFE4POLL357	2022-05-25	37.511675	15.083574	WGS84	Italy	IT	urban	"visual observation|photograph|Barberis et al. (in press) ""Insect-flower interactions in the Mediterranean area: a Citizen Science dataset collated within the LIFE 4 Pollinators project"". https://doi.org/xxxxx"	HumanObservation	OutsideNatura2000	observation located outside Natura 2000 sites
LIFE4POLL358	2022-05-25	37.512096	15.083526	WGS84	Italy	IT	urban	"visual observation|photograph|Barberis et al. (in press) ""Insect-flower interactions in the Mediterranean area: a Citizen Science dataset collated within the LIFE 4 Pollinators project"". https://doi.org/xxxxx"	HumanObservation	OutsideNatura2000	observation located outside Natura 2000 sites
LIFE4POLL359	2022-05-28	39.694054	3.3494842	WGS84	Spain	ES	riverside, seaside	"visual observation|photograph|Barberis et al. (in press) ""Insect-flower interactions in the Mediterranean area: a Citizen Science dataset collated within the LIFE 4 Pollinators project"". https://doi.org/xxxxx"	HumanObservation	OutsideNatura2000	observation located outside Natura 2000 sites
LIFE4POLL361	2022-05-28	37.504177	15.052557	WGS84	Italy	IT	urban	"visual observation|photograph|Barberis et al. (in press) ""Insect-flower interactions in the Mediterranean area: a Citizen Science dataset collated within the LIFE 4 Pollinators project"". https://doi.org/xxxxx"	HumanObservation	OutsideNatura2000	observation located outside Natura 2000 sites
LIFE4POLL362	2022-05-28	37.504177	15.052664	WGS84	Italy	IT	urban	"visual observation|photograph|Barberis et al. (in press) ""Insect-flower interactions in the Mediterranean area: a Citizen Science dataset collated within the LIFE 4 Pollinators project"". https://doi.org/xxxxx"	HumanObservation	OutsideNatura2000	observation located outside Natura 2000 sites
LIFE4POLL363	2022-05-28	37.503938	15.052772	WGS84	Italy	IT	urban	"visual observation|photograph|Barberis et al. (in press) ""Insect-flower interactions in the Mediterranean area: a Citizen Science dataset collated within the LIFE 4 Pollinators project"". https://doi.org/xxxxx"	HumanObservation	OutsideNatura2000	observation located outside Natura 2000 sites
LIFE4POLL364	2022-05-28	37.504245	15.052729	WGS84	Italy	IT	urban	"visual observation|photograph|Barberis et al. (in press) ""Insect-flower interactions in the Mediterranean area: a Citizen Science dataset collated within the LIFE 4 Pollinators project"". https://doi.org/xxxxx"	HumanObservation	OutsideNatura2000	observation located outside Natura 2000 sites
LIFE4POLL365	2022-05-29	40.512231	23.0751	WGS84	Greece	GR	lowland	"visual observation|photograph|Barberis et al. (in press) ""Insect-flower interactions in the Mediterranean area: a Citizen Science dataset collated within the LIFE 4 Pollinators project"". https://doi.org/xxxxx"	HumanObservation	OutsideNatura2000	observation located outside Natura 2000 sites
LIFE4POLL366	2022-05-30*	38.940965	1.294693	WGS84	Spain	ES	island	"visual observation|photograph|Barberis et al. (in press) ""Insect-flower interactions in the Mediterranean area: a Citizen Science dataset collated within the LIFE 4 Pollinators project"". https://doi.org/xxxxx"	HumanObservation	OutsideNatura2000	observation located outside Natura 2000 sites
LIFE4POLL367	2022-05-30	38.940965	1.2946933	WGS84	Spain	ES	lowland	"visual observation|photograph|Barberis et al. (in press) ""Insect-flower interactions in the Mediterranean area: a Citizen Science dataset collated within the LIFE 4 Pollinators project"". https://doi.org/xxxxx"	HumanObservation	OutsideNatura2000	observation located outside Natura 2000 sites
LIFE4POLL368	2022-05-30	38.940965	1.2946933	WGS84	Spain	ES	lowland	"visual observation|photograph|Barberis et al. (in press) ""Insect-flower interactions in the Mediterranean area: a Citizen Science dataset collated within the LIFE 4 Pollinators project"". https://doi.org/xxxxx"	HumanObservation	OutsideNatura2000	observation located outside Natura 2000 sites
LIFE4POLL371	2022-05-29	40.510675	23.080591	WGS84	Greece	GR	lowland	"visual observation|photograph|Barberis et al. (in press) ""Insect-flower interactions in the Mediterranean area: a Citizen Science dataset collated within the LIFE 4 Pollinators project"". https://doi.org/xxxxx"	HumanObservation	OutsideNatura2000	observation located outside Natura 2000 sites
LIFE4POLL373	2022-06-05	37.30319	15.059488	WGS84	Italy	IT	urban	"visual observation|photograph|Barberis et al. (in press) ""Insect-flower interactions in the Mediterranean area: a Citizen Science dataset collated within the LIFE 4 Pollinators project"". https://doi.org/xxxxx"	HumanObservation	OutsideNatura2000	observation located outside Natura 2000 sites
LIFE4POLL374	2022-06-04	39.213669	25.892072	WGS84	Greece	GR	island, hills	"visual observation|photograph|Barberis et al. (in press) ""Insect-flower interactions in the Mediterranean area: a Citizen Science dataset collated within the LIFE 4 Pollinators project"". https://doi.org/xxxxx"	HumanObservation	GR4110010|GR4110003	observation located in Natura 2000 sites with codes GR4110010|GR4110003
LIFE4POLL375	2022-06-04	39.210959	25.89087	WGS84	Greece	GR	island, hills	"visual observation|photograph|Barberis et al. (in press) ""Insect-flower interactions in the Mediterranean area: a Citizen Science dataset collated within the LIFE 4 Pollinators project"". https://doi.org/xxxxx"	HumanObservation	GR4110010|GR4110003	observation located in Natura 2000 sites with codes GR4110010|GR4110003
LIFE4POLL376	2022-06-04	39.200134	25.892973	WGS84	Greece	GR	island, hills	"visual observation|photograph|Barberis et al. (in press) ""Insect-flower interactions in the Mediterranean area: a Citizen Science dataset collated within the LIFE 4 Pollinators project"". https://doi.org/xxxxx"	HumanObservation	GR4110010|GR4110003	observation located in Natura 2000 sites with codes GR4110010|GR4110003
LIFE4POLL377	2022-06-04	39.215963	25.889196	WGS84	Greece	GR	island, hills	"visual observation|photograph|Barberis et al. (in press) ""Insect-flower interactions in the Mediterranean area: a Citizen Science dataset collated within the LIFE 4 Pollinators project"". https://doi.org/xxxxx"	HumanObservation	GR4110010|GR4110003	observation located in Natura 2000 sites with codes GR4110010|GR4110003
LIFE4POLL378	2022-06-04	39.220086	25.87821	WGS84	Greece	GR	island, hills	"visual observation|photograph|Barberis et al. (in press) ""Insect-flower interactions in the Mediterranean area: a Citizen Science dataset collated within the LIFE 4 Pollinators project"". https://doi.org/xxxxx"	HumanObservation	GR4110010|GR4110003	observation located in Natura 2000 sites with codes GR4110010|GR4110003
LIFE4POLL379	2022-06-04	39.219753	25.87821	WGS84	Greece	GR	island, hills	"visual observation|photograph|Barberis et al. (in press) ""Insect-flower interactions in the Mediterranean area: a Citizen Science dataset collated within the LIFE 4 Pollinators project"". https://doi.org/xxxxx"	HumanObservation	GR4110010|GR4110003	observation located in Natura 2000 sites with codes GR4110010|GR4110003
LIFE4POLL380	2022-06-04	39.219454	25.878639	WGS84	Greece	GR	island, hills	"visual observation|photograph|Barberis et al. (in press) ""Insect-flower interactions in the Mediterranean area: a Citizen Science dataset collated within the LIFE 4 Pollinators project"". https://doi.org/xxxxx"	HumanObservation	GR4110010|GR4110003	observation located in Natura 2000 sites with codes GR4110010|GR4110003
LIFE4POLL381	2022-06-04	39.208527	25.897104	WGS84	Greece	GR	island, mountain	"visual observation|photograph|Barberis et al. (in press) ""Insect-flower interactions in the Mediterranean area: a Citizen Science dataset collated within the LIFE 4 Pollinators project"". https://doi.org/xxxxx"	HumanObservation	GR4110010|GR4110003	observation located in Natura 2000 sites with codes GR4110010|GR4110003
LIFE4POLL383	2022-06-04	39.207521	25.897833	WGS84	Greece	GR	island, mountain	"visual observation|photograph|Barberis et al. (in press) ""Insect-flower interactions in the Mediterranean area: a Citizen Science dataset collated within the LIFE 4 Pollinators project"". https://doi.org/xxxxx"	HumanObservation	GR4110010|GR4110003	observation located in Natura 2000 sites with codes GR4110010|GR4110003
LIFE4POLL384	2022-06-09	39.861614	19.394875	WGS84	Greece	GR	seaside	"visual observation|photograph|Barberis et al. (in press) ""Insect-flower interactions in the Mediterranean area: a Citizen Science dataset collated within the LIFE 4 Pollinators project"". https://doi.org/xxxxx"	HumanObservation	GR2230008	observation located in Natura 2000 site with code GR2230008
LIFE4POLL385	2022-06-04	39.224541	25.921555	WGS84	Greece	GR	lowland	"visual observation|photograph|Barberis et al. (in press) ""Insect-flower interactions in the Mediterranean area: a Citizen Science dataset collated within the LIFE 4 Pollinators project"". https://doi.org/xxxxx"	HumanObservation	GR4110010|GR4110003	observation located in Natura 2000 sites with codes GR4110010|GR4110003
LIFE4POLL387	2022-06-04	39.223211	25.914001	WGS84	Greece	GR	lowland	"visual observation|photograph|Barberis et al. (in press) ""Insect-flower interactions in the Mediterranean area: a Citizen Science dataset collated within the LIFE 4 Pollinators project"". https://doi.org/xxxxx"	HumanObservation	GR4110010|GR4110003	observation located in Natura 2000 sites with codes GR4110010|GR4110003
LIFE4POLL388	2022-06-04	39.224807	25.916061	WGS84	Greece	GR	lowland	"visual observation|photograph|Barberis et al. (in press) ""Insect-flower interactions in the Mediterranean area: a Citizen Science dataset collated within the LIFE 4 Pollinators project"". https://doi.org/xxxxx"	HumanObservation	GR4110010|GR4110003	observation located in Natura 2000 sites with codes GR4110010|GR4110003
LIFE4POLL389	2022-06-04	39.224807	25.916748	WGS84	Greece	GR	lowland	"visual observation|photograph|Barberis et al. (in press) ""Insect-flower interactions in the Mediterranean area: a Citizen Science dataset collated within the LIFE 4 Pollinators project"". https://doi.org/xxxxx"	HumanObservation	GR4110010|GR4110003	observation located in Natura 2000 sites with codes GR4110010|GR4110003
LIFE4POLL390	2022-06-04	39.225604	25.915031	WGS84	Greece	GR	lowland	"visual observation|photograph|Barberis et al. (in press) ""Insect-flower interactions in the Mediterranean area: a Citizen Science dataset collated within the LIFE 4 Pollinators project"". https://doi.org/xxxxx"	HumanObservation	GR4110010|GR4110003	observation located in Natura 2000 sites with codes GR4110010|GR4110003
LIFE4POLL391	2022-06-04	39.225206	25.917263	WGS84	Greece	GR	island	"visual observation|photograph|Barberis et al. (in press) ""Insect-flower interactions in the Mediterranean area: a Citizen Science dataset collated within the LIFE 4 Pollinators project"". https://doi.org/xxxxx"	HumanObservation	GR4110010|GR4110003	observation located in Natura 2000 sites with codes GR4110010|GR4110003
LIFE4POLL392	2022-06-11*	39.37571	3.236847	WGS84	Spain	ES	seaside	"visual observation|photograph|Barberis et al. (in press) ""Insect-flower interactions in the Mediterranean area: a Citizen Science dataset collated within the LIFE 4 Pollinators project"". https://doi.org/xxxxx"	HumanObservation	OutsideNatura2000	observation located outside Natura 2000 sites
LIFE4POLL393	2022-06-11	37.47949	15.081053	WGS84	Italy	IT	urban	"visual observation|photograph|Barberis et al. (in press) ""Insect-flower interactions in the Mediterranean area: a Citizen Science dataset collated within the LIFE 4 Pollinators project"". https://doi.org/xxxxx"	HumanObservation	OutsideNatura2000	observation located outside Natura 2000 sites
LIFE4POLL395	2022-06-17*	38.320301	26.124285	WGS84	Greece	GR	island, periurban	"visual observation|photograph|Barberis et al. (in press) ""Insect-flower interactions in the Mediterranean area: a Citizen Science dataset collated within the LIFE 4 Pollinators project"". https://doi.org/xxxxx"	HumanObservation	OutsideNatura2000	observation located outside Natura 2000 sites
LIFE4POLL396	2022-06-17*	38.36798	26.1385	WGS84	Greece	GR	island, urban	"visual observation|photograph|Barberis et al. (in press) ""Insect-flower interactions in the Mediterranean area: a Citizen Science dataset collated within the LIFE 4 Pollinators project"". https://doi.org/xxxxx"	HumanObservation	OutsideNatura2000	observation located outside Natura 2000 sites
LIFE4POLL397	2022-06-19	37.510573	15.08352	WGS84	Italy	IT	urban	"visual observation|photograph|Barberis et al. (in press) ""Insect-flower interactions in the Mediterranean area: a Citizen Science dataset collated within the LIFE 4 Pollinators project"". https://doi.org/xxxxx"	HumanObservation	OutsideNatura2000	observation located outside Natura 2000 sites
LIFE4POLL398	2022-06-19	44.452517	11.320588	WGS84	Italy	IT	hills	"visual observation|photograph|Barberis et al. (in press) ""Insect-flower interactions in the Mediterranean area: a Citizen Science dataset collated within the LIFE 4 Pollinators project"". https://doi.org/xxxxx"	HumanObservation	OutsideNatura2000	observation located outside Natura 2000 sites
LIFE4POLL399	2022-06-26	44.458842	11.382402	WGS84	Italy	IT	hills, periurban	"visual observation|photograph|Barberis et al. (in press) ""Insect-flower interactions in the Mediterranean area: a Citizen Science dataset collated within the LIFE 4 Pollinators project"". https://doi.org/xxxxx"	HumanObservation	OutsideNatura2000	observation located outside Natura 2000 sites
LIFE4POLL401	2022-05-21	44.458842	11.382402	WGS84	Italy	IT	hills, periurban	"visual observation|photograph|Barberis et al. (in press) ""Insect-flower interactions in the Mediterranean area: a Citizen Science dataset collated within the LIFE 4 Pollinators project"". https://doi.org/xxxxx"	HumanObservation	OutsideNatura2000	observation located outside Natura 2000 sites
LIFE4POLL402	2022-06-29	37.511105	15.082818	WGS84	Italy	IT	urban	"visual observation|photograph|Barberis et al. (in press) ""Insect-flower interactions in the Mediterranean area: a Citizen Science dataset collated within the LIFE 4 Pollinators project"". https://doi.org/xxxxx"	HumanObservation	OutsideNatura2000	observation located outside Natura 2000 sites
LIFE4POLL403	2022-07-04	37.503904	15.052814	WGS84	Italy	IT	urban	"visual observation|photograph|Barberis et al. (in press) ""Insect-flower interactions in the Mediterranean area: a Citizen Science dataset collated within the LIFE 4 Pollinators project"". https://doi.org/xxxxx"	HumanObservation	OutsideNatura2000	observation located outside Natura 2000 sites
LIFE4POLL404	2022-07-05	37.515355	15.083311	WGS84	Italy	IT	urban	"visual observation|photograph|Barberis et al. (in press) ""Insect-flower interactions in the Mediterranean area: a Citizen Science dataset collated within the LIFE 4 Pollinators project"". https://doi.org/xxxxx"	HumanObservation	OutsideNatura2000	observation located outside Natura 2000 sites
LIFE4POLL405	2022-07-05	37.515317	15.083542	WGS84	Italy	IT	urban	"visual observation|photograph|Barberis et al. (in press) ""Insect-flower interactions in the Mediterranean area: a Citizen Science dataset collated within the LIFE 4 Pollinators project"". https://doi.org/xxxxx"	HumanObservation	OutsideNatura2000	observation located outside Natura 2000 sites
LIFE4POLL406	2022-07-05	37.5153	15.08351	WGS84	Italy	IT	urban	"visual observation|photograph|Barberis et al. (in press) ""Insect-flower interactions in the Mediterranean area: a Citizen Science dataset collated within the LIFE 4 Pollinators project"". https://doi.org/xxxxx"	HumanObservation	OutsideNatura2000	observation located outside Natura 2000 sites
LIFE4POLL407	2022-07-04	37.51136	15.08337	WGS84	Italy	IT	urban	"visual observation|photograph|Barberis et al. (in press) ""Insect-flower interactions in the Mediterranean area: a Citizen Science dataset collated within the LIFE 4 Pollinators project"". https://doi.org/xxxxx"	HumanObservation	OutsideNatura2000	observation located outside Natura 2000 sites
LIFE4POLL408	2022-07-07	37.504126	15.052729	WGS84	Italy	IT	urban	"visual observation|photograph|Barberis et al. (in press) ""Insect-flower interactions in the Mediterranean area: a Citizen Science dataset collated within the LIFE 4 Pollinators project"". https://doi.org/xxxxx"	HumanObservation	OutsideNatura2000	observation located outside Natura 2000 sites
LIFE4POLL409	2022-07-13	37.504381	15.052814	WGS84	Italy	IT	urban	"visual observation|photograph|Barberis et al. (in press) ""Insect-flower interactions in the Mediterranean area: a Citizen Science dataset collated within the LIFE 4 Pollinators project"". https://doi.org/xxxxx"	HumanObservation	OutsideNatura2000	observation located outside Natura 2000 sites
LIFE4POLL410	2022-07-13	37.503921	15.052772	WGS84	Italy	IT	urban	"visual observation|photograph|Barberis et al. (in press) ""Insect-flower interactions in the Mediterranean area: a Citizen Science dataset collated within the LIFE 4 Pollinators project"". https://doi.org/xxxxx"	HumanObservation	OutsideNatura2000	observation located outside Natura 2000 sites
LIFE4POLL411	2022-07-12	37.504006	15.052557	WGS84	Italy	IT	urban	"visual observation|photograph|Barberis et al. (in press) ""Insect-flower interactions in the Mediterranean area: a Citizen Science dataset collated within the LIFE 4 Pollinators project"". https://doi.org/xxxxx"	HumanObservation	OutsideNatura2000	observation located outside Natura 2000 sites
LIFE4POLL412	2022-07-12	37.504092	15.052471	WGS84	Italy	IT	urban	"visual observation|photograph|Barberis et al. (in press) ""Insect-flower interactions in the Mediterranean area: a Citizen Science dataset collated within the LIFE 4 Pollinators project"". https://doi.org/xxxxx"	HumanObservation	OutsideNatura2000	observation located outside Natura 2000 sites
LIFE4POLL413	2022-07-23*	44.488669	11.323295	WGS84	Italy	IT	urban	"visual observation|photograph|Barberis et al. (in press) ""Insect-flower interactions in the Mediterranean area: a Citizen Science dataset collated within the LIFE 4 Pollinators project"". https://doi.org/xxxxx"	HumanObservation	OutsideNatura2000	observation located outside Natura 2000 sites
LIFE4POLL414	2022-07-23*	44.488909	11.323328	WGS84	Italy	IT	urban	"visual observation|photograph|Barberis et al. (in press) ""Insect-flower interactions in the Mediterranean area: a Citizen Science dataset collated within the LIFE 4 Pollinators project"". https://doi.org/xxxxx"	HumanObservation	OutsideNatura2000	observation located outside Natura 2000 sites
LIFE4POLL415	2022-07-23*	44.488909	11.323328	WGS84	Italy	IT	urban	"visual observation|photograph|Barberis et al. (in press) ""Insect-flower interactions in the Mediterranean area: a Citizen Science dataset collated within the LIFE 4 Pollinators project"". https://doi.org/xxxxx"	HumanObservation	OutsideNatura2000	observation located outside Natura 2000 sites
LIFE4POLL416	2022-07-26*	42.556747	11.205196	WGS84	Italy	IT	lowland, seaside	"visual observation|photograph|Barberis et al. (in press) ""Insect-flower interactions in the Mediterranean area: a Citizen Science dataset collated within the LIFE 4 Pollinators project"". https://doi.org/xxxxx"	HumanObservation	OutsideNatura2000	observation located outside Natura 2000 sites
LIFE4POLL417	2022-06-04	39.207783	25.898037	WGS84	Greece	GR	island, mountain	"visual observation|photograph|Barberis et al. (in press) ""Insect-flower interactions in the Mediterranean area: a Citizen Science dataset collated within the LIFE 4 Pollinators project"". https://doi.org/xxxxx"	HumanObservation	GR4110010|GR4110003	observation located in Natura 2000 sites with codes GR4110010|GR4110003
LIFE4POLL418	2022-06-04	39.193948	25.876236	WGS84	Greece	GR	island, mountain	"visual observation|photograph|Barberis et al. (in press) ""Insect-flower interactions in the Mediterranean area: a Citizen Science dataset collated within the LIFE 4 Pollinators project"". https://doi.org/xxxxx"	HumanObservation	GR4110010|GR4110003	observation located in Natura 2000 sites with codes GR4110010|GR4110003
LIFE4POLL419	2022-06-04	39.207949	25.897994	WGS84	Greece	GR	island, mountain	"visual observation|photograph|Barberis et al. (in press) ""Insect-flower interactions in the Mediterranean area: a Citizen Science dataset collated within the LIFE 4 Pollinators project"". https://doi.org/xxxxx"	HumanObservation	GR4110010|GR4110003	observation located in Natura 2000 sites with codes GR4110010|GR4110003
LIFE4POLL420	2022-06-04	39.207949	25.897908	WGS84	Greece	GR	island, mountain	"visual observation|photograph|Barberis et al. (in press) ""Insect-flower interactions in the Mediterranean area: a Citizen Science dataset collated within the LIFE 4 Pollinators project"". https://doi.org/xxxxx"	HumanObservation	GR4110010|GR4110003	observation located in Natura 2000 sites with codes GR4110010|GR4110003
LIFE4POLL421	2022-08-18	37.303207	15.059456	WGS84	Italy	IT	urban	"visual observation|photograph|Barberis et al. (in press) ""Insect-flower interactions in the Mediterranean area: a Citizen Science dataset collated within the LIFE 4 Pollinators project"". https://doi.org/xxxxx"	HumanObservation	OutsideNatura2000	observation located outside Natura 2000 sites
LIFE4POLL422	2022-08-27*	42.627283	9.0117	WGS84	France	FR	island, lowland	"visual observation|photograph|Barberis et al. (in press) ""Insect-flower interactions in the Mediterranean area: a Citizen Science dataset collated within the LIFE 4 Pollinators project"". https://doi.org/xxxxx"	HumanObservation	OutsideNatura2000	observation located outside Natura 2000 sites
LIFE4POLL423	2022-07-02	43.843442	13.018284	WGS84	Italy	IT	urban	"visual observation|photograph|Barberis et al. (in press) ""Insect-flower interactions in the Mediterranean area: a Citizen Science dataset collated within the LIFE 4 Pollinators project"". https://doi.org/xxxxx"	HumanObservation	OutsideNatura2000	observation located outside Natura 2000 sites
LIFE4POLL424	2022-04-25	43.777663	12.796926	WGS84	Italy	IT	hills	"visual observation|photograph|Barberis et al. (in press) ""Insect-flower interactions in the Mediterranean area: a Citizen Science dataset collated within the LIFE 4 Pollinators project"". https://doi.org/xxxxx"	HumanObservation	IT5310027|IT5310013	observation located in Natura 2000 sites with codes IT5310027|IT5310013
LIFE4POLL425	2022-09-16	37.559514	15.161058	WGS84	Italy	IT	urban	"visual observation|photograph|Barberis et al. (in press) ""Insect-flower interactions in the Mediterranean area: a Citizen Science dataset collated within the LIFE 4 Pollinators project"". https://doi.org/xxxxx"	HumanObservation	OutsideNatura2000	observation located outside Natura 2000 sites
LIFE4POLL426	2022-09-02	na	na	na	na	na	mountain	"visual observation|photograph|Barberis et al. (in press) ""Insect-flower interactions in the Mediterranean area: a Citizen Science dataset collated within the LIFE 4 Pollinators project"". https://doi.org/xxxxx"	HumanObservation	na	observation without coordinates
LIFE4POLL427	2022-09-02	na	na	na	na	na	mountain	"visual observation|photograph|Barberis et al. (in press) ""Insect-flower interactions in the Mediterranean area: a Citizen Science dataset collated within the LIFE 4 Pollinators project"". https://doi.org/xxxxx"	HumanObservation	na	observation without coordinates
LIFE4POLL428	2022-09-02	43.823134	11.786957	WGS84	Italy	IT	mountain	"visual observation|photograph|Barberis et al. (in press) ""Insect-flower interactions in the Mediterranean area: a Citizen Science dataset collated within the LIFE 4 Pollinators project"". https://doi.org/xxxxx"	HumanObservation	IT5180002	observation located in Natura 2000 site with code IT5180002
LIFE4POLL429	2022-09-02	43.819666	11.79245	WGS84	Italy	IT	mountain	"visual observation|photograph|Barberis et al. (in press) ""Insect-flower interactions in the Mediterranean area: a Citizen Science dataset collated within the LIFE 4 Pollinators project"". https://doi.org/xxxxx"	HumanObservation	IT5180018	observation located in Natura 2000 site with code IT5180018
LIFE4POLL430	2022-07-10	43.826539	11.811676	WGS84	Italy	IT	mountain	"visual observation|photograph|Barberis et al. (in press) ""Insect-flower interactions in the Mediterranean area: a Citizen Science dataset collated within the LIFE 4 Pollinators project"". https://doi.org/xxxxx"	HumanObservation	IT5180004|IT5180003	observation located in Natura 2000 sites with codes IT5180004|IT5180003
LIFE4POLL431	2022-04-21	39.110849	26.563096	WGS84	Greece	GR	island, archaeological site	"visual observation|photograph|Barberis et al. (in press) ""Insect-flower interactions in the Mediterranean area: a Citizen Science dataset collated within the LIFE 4 Pollinators project"". https://doi.org/xxxxx"	HumanObservation	OutsideNatura2000	observation located outside Natura 2000 sites
LIFE4POLL432	2022-04-21	39.1099	26.5616	WGS84	Greece	GR	island	"visual observation|photograph|Barberis et al. (in press) ""Insect-flower interactions in the Mediterranean area: a Citizen Science dataset collated within the LIFE 4 Pollinators project"". https://doi.org/xxxxx"	HumanObservation	OutsideNatura2000	observation located outside Natura 2000 sites
LIFE4POLL433	2022-08-06	42.47216	-9.012995	WGS84	Spain	ES	island	"visual observation|photograph|Barberis et al. (in press) ""Insect-flower interactions in the Mediterranean area: a Citizen Science dataset collated within the LIFE 4 Pollinators project"". https://doi.org/xxxxx"	HumanObservation	ES1110006	observation located in Natura 2000 site with code ES1110006
LIFE4POLL434	2022-04-14	42.468551	-9.011536	WGS84	Spain	ES	island	"visual observation|photograph|Barberis et al. (in press) ""Insect-flower interactions in the Mediterranean area: a Citizen Science dataset collated within the LIFE 4 Pollinators project"". https://doi.org/xxxxx"	HumanObservation	ES1110006	observation located in Natura 2000 site with code ES1110006
LIFE4POLL435	2022-03-19	42.468045	-9.011536	WGS84	Spain	ES	island	"visual observation|photograph|Barberis et al. (in press) ""Insect-flower interactions in the Mediterranean area: a Citizen Science dataset collated within the LIFE 4 Pollinators project"". https://doi.org/xxxxx"	HumanObservation	ES1110006	observation located in Natura 2000 site with code ES1110006
LIFE4POLL437	2022-08-06	42.468551	-9.011536	WGS84	Spain	ES	island	"visual observation|photograph|Barberis et al. (in press) ""Insect-flower interactions in the Mediterranean area: a Citizen Science dataset collated within the LIFE 4 Pollinators project"". https://doi.org/xxxxx"	HumanObservation	ES1110006	observation located in Natura 2000 site with code ES1110006
LIFE4POLL438	2022-08-06	42.470071	-9.010162	WGS84	Spain	ES	island	"visual observation|photograph|Barberis et al. (in press) ""Insect-flower interactions in the Mediterranean area: a Citizen Science dataset collated within the LIFE 4 Pollinators project"". https://doi.org/xxxxx"	HumanObservation	ES1110006	observation located in Natura 2000 site with code ES1110006
LIFE4POLL439	2022-08-06	42.468045	-9.011536	WGS84	Spain	ES	island	"visual observation|photograph|Barberis et al. (in press) ""Insect-flower interactions in the Mediterranean area: a Citizen Science dataset collated within the LIFE 4 Pollinators project"". https://doi.org/xxxxx"	HumanObservation	ES1110006	observation located in Natura 2000 site with code ES1110006
LIFE4POLL440	2022-06-05	42.471084	-9.012909	WGS84	Spain	ES	island	"visual observation|photograph|Barberis et al. (in press) ""Insect-flower interactions in the Mediterranean area: a Citizen Science dataset collated within the LIFE 4 Pollinators project"". https://doi.org/xxxxx"	HumanObservation	ES1110006	observation located in Natura 2000 site with code ES1110006
LIFE4POLL441	2022-08-06	42.469058	-9.010849	WGS84	Spain	ES	island	"visual observation|photograph|Barberis et al. (in press) ""Insect-flower interactions in the Mediterranean area: a Citizen Science dataset collated within the LIFE 4 Pollinators project"". https://doi.org/xxxxx"	HumanObservation	ES1110006	observation located in Natura 2000 site with code ES1110006
LIFE4POLL442	2022-08-06	42.467792	-9.012909	WGS84	Spain	ES	island	"visual observation|photograph|Barberis et al. (in press) ""Insect-flower interactions in the Mediterranean area: a Citizen Science dataset collated within the LIFE 4 Pollinators project"". https://doi.org/xxxxx"	HumanObservation	ES1110006	observation located in Natura 2000 site with code ES1110006
LIFE4POLL443	2022-04-14	42.468045	-9.010162	WGS84	Spain	ES	island	"visual observation|photograph|Barberis et al. (in press) ""Insect-flower interactions in the Mediterranean area: a Citizen Science dataset collated within the LIFE 4 Pollinators project"". https://doi.org/xxxxx"	HumanObservation	ES1110006	observation located in Natura 2000 site with code ES1110006
LIFE4POLL444	2022-10-12	40.624441	22.96478	WGS84	Greece	GR	urban	"visual observation|photograph|Barberis et al. (in press) ""Insect-flower interactions in the Mediterranean area: a Citizen Science dataset collated within the LIFE 4 Pollinators project"". https://doi.org/xxxxx"	HumanObservation	OutsideNatura2000	observation located outside Natura 2000 sites
LIFE4POLL445	2022-10-14	37.504767	15.051823	WGS84	Italy	IT	urban	"visual observation|photograph|Barberis et al. (in press) ""Insect-flower interactions in the Mediterranean area: a Citizen Science dataset collated within the LIFE 4 Pollinators project"". https://doi.org/xxxxx"	HumanObservation	OutsideNatura2000	observation located outside Natura 2000 sites
LIFE4POLL449	2022-10-18	37.511462	15.082877	WGS84	Italy	IT	urban	"visual observation|photograph|Barberis et al. (in press) ""Insect-flower interactions in the Mediterranean area: a Citizen Science dataset collated within the LIFE 4 Pollinators project"". https://doi.org/xxxxx"	HumanObservation	OutsideNatura2000	observation located outside Natura 2000 sites
LIFE4POLL451	2022-10-20	37.504109	15.0526	WGS84	Italy	IT	urban	"visual observation|photograph|Barberis et al. (in press) ""Insect-flower interactions in the Mediterranean area: a Citizen Science dataset collated within the LIFE 4 Pollinators project"". https://doi.org/xxxxx"	HumanObservation	OutsideNatura2000	observation located outside Natura 2000 sites
LIFE4POLL452	2022-10-20	37.503938	15.052772	WGS84	Italy	IT	urban	"visual observation|photograph|Barberis et al. (in press) ""Insect-flower interactions in the Mediterranean area: a Citizen Science dataset collated within the LIFE 4 Pollinators project"". https://doi.org/xxxxx"	HumanObservation	OutsideNatura2000	observation located outside Natura 2000 sites
LIFE4POLL454	2022-10-22*	42.166187	-8.687954	WGS84	Spain	ES	periurban	"visual observation|photograph|Barberis et al. (in press) ""Insect-flower interactions in the Mediterranean area: a Citizen Science dataset collated within the LIFE 4 Pollinators project"". https://doi.org/xxxxx"	HumanObservation	OutsideNatura2000	observation located outside Natura 2000 sites
LIFE4POLL456	2022-10-22*	42.166171	-8.6876	WGS84	Spain	ES	periurban	"visual observation|photograph|Barberis et al. (in press) ""Insect-flower interactions in the Mediterranean area: a Citizen Science dataset collated within the LIFE 4 Pollinators project"". https://doi.org/xxxxx"	HumanObservation	OutsideNatura2000	observation located outside Natura 2000 sites
LIFE4POLL457	2022-10-22*	42.166171	-8.68789	WGS84	Spain	ES	periurban	"visual observation|photograph|Barberis et al. (in press) ""Insect-flower interactions in the Mediterranean area: a Citizen Science dataset collated within the LIFE 4 Pollinators project"". https://doi.org/xxxxx"	HumanObservation	OutsideNatura2000	observation located outside Natura 2000 sites
LIFE4POLL458	2022-10-22*	42.166227	-8.687536	WGS84	Spain	ES	periurban	"visual observation|photograph|Barberis et al. (in press) ""Insect-flower interactions in the Mediterranean area: a Citizen Science dataset collated within the LIFE 4 Pollinators project"". https://doi.org/xxxxx"	HumanObservation	OutsideNatura2000	observation located outside Natura 2000 sites
LIFE4POLL459	2022-10-18	na	na	na	na	na	mountain	"visual observation|photograph|Barberis et al. (in press) ""Insect-flower interactions in the Mediterranean area: a Citizen Science dataset collated within the LIFE 4 Pollinators project"". https://doi.org/xxxxx"	HumanObservation	na	observation without coordinates
LIFE4POLL460	2022-10-22	37.504092	15.052686	WGS84	Italy	IT	urban	"visual observation|photograph|Barberis et al. (in press) ""Insect-flower interactions in the Mediterranean area: a Citizen Science dataset collated within the LIFE 4 Pollinators project"". https://doi.org/xxxxx"	HumanObservation	OutsideNatura2000	observation located outside Natura 2000 sites
LIFE4POLL461	2022-10-24	37.511032	15.082887	WGS84	Italy	IT	urban	"visual observation|photograph|Barberis et al. (in press) ""Insect-flower interactions in the Mediterranean area: a Citizen Science dataset collated within the LIFE 4 Pollinators project"". https://doi.org/xxxxx"	HumanObservation	OutsideNatura2000	observation located outside Natura 2000 sites
LIFE4POLL462	2022-10-25	37.520138	15.110777	WGS84	Italy	IT	urban	"visual observation|photograph|Barberis et al. (in press) ""Insect-flower interactions in the Mediterranean area: a Citizen Science dataset collated within the LIFE 4 Pollinators project"". https://doi.org/xxxxx"	HumanObservation	OutsideNatura2000	observation located outside Natura 2000 sites
LIFE4POLL463	2022-10-25	37.520138	15.110777	WGS84	Italy	IT	urban	"visual observation|photograph|Barberis et al. (in press) ""Insect-flower interactions in the Mediterranean area: a Citizen Science dataset collated within the LIFE 4 Pollinators project"". https://doi.org/xxxxx"	HumanObservation	OutsideNatura2000	observation located outside Natura 2000 sites
LIFE4POLL464	2022-10-25	37.520151	15.110798	WGS84	Italy	IT	urban	"visual observation|photograph|Barberis et al. (in press) ""Insect-flower interactions in the Mediterranean area: a Citizen Science dataset collated within the LIFE 4 Pollinators project"". https://doi.org/xxxxx"	HumanObservation	OutsideNatura2000	observation located outside Natura 2000 sites
LIFE4POLL465	2022-10-25	37.520146	15.110782	WGS84	Italy	IT	urban	"visual observation|photograph|Barberis et al. (in press) ""Insect-flower interactions in the Mediterranean area: a Citizen Science dataset collated within the LIFE 4 Pollinators project"". https://doi.org/xxxxx"	HumanObservation	OutsideNatura2000	observation located outside Natura 2000 sites
LIFE4POLL466	2022-10-26	37.5037	15.052686	WGS84	Italy	IT	urban	"visual observation|photograph|Barberis et al. (in press) ""Insect-flower interactions in the Mediterranean area: a Citizen Science dataset collated within the LIFE 4 Pollinators project"". https://doi.org/xxxxx"	HumanObservation	OutsideNatura2000	observation located outside Natura 2000 sites
LIFE4POLL468	2022-10-30	41.414081	2.112969	WGS84	Spain	ES	urban	"visual observation|photograph|Barberis et al. (in press) ""Insect-flower interactions in the Mediterranean area: a Citizen Science dataset collated within the LIFE 4 Pollinators project"". https://doi.org/xxxxx"	HumanObservation	OutsideNatura2000	observation located outside Natura 2000 sites
LIFE4POLL469	2022-11-01	37.881941	13.378177	WGS84	Italy	IT	urban	"visual observation|photograph|Barberis et al. (in press) ""Insect-flower interactions in the Mediterranean area: a Citizen Science dataset collated within the LIFE 4 Pollinators project"". https://doi.org/xxxxx"	HumanObservation	OutsideNatura2000	observation located outside Natura 2000 sites
LIFE4POLL470	2022-11-01	37.881946	13.378193	WGS84	Italy	IT	urban	"visual observation|photograph|Barberis et al. (in press) ""Insect-flower interactions in the Mediterranean area: a Citizen Science dataset collated within the LIFE 4 Pollinators project"". https://doi.org/xxxxx"	HumanObservation	OutsideNatura2000	observation located outside Natura 2000 sites
LIFE4POLL471	2022-11-01	37.881941	13.378177	WGS84	Italy	IT	urban	"visual observation|photograph|Barberis et al. (in press) ""Insect-flower interactions in the Mediterranean area: a Citizen Science dataset collated within the LIFE 4 Pollinators project"". https://doi.org/xxxxx"	HumanObservation	OutsideNatura2000	observation located outside Natura 2000 sites
LIFE4POLL472	2022-11-01	37.881967	13.378231	WGS84	Italy	IT	urban	"visual observation|photograph|Barberis et al. (in press) ""Insect-flower interactions in the Mediterranean area: a Citizen Science dataset collated within the LIFE 4 Pollinators project"". https://doi.org/xxxxx"	HumanObservation	OutsideNatura2000	observation located outside Natura 2000 sites
LIFE4POLL473	2022-11-01	37.88195	13.378188	WGS84	Italy	IT	urban	"visual observation|photograph|Barberis et al. (in press) ""Insect-flower interactions in the Mediterranean area: a Citizen Science dataset collated within the LIFE 4 Pollinators project"". https://doi.org/xxxxx"	HumanObservation	OutsideNatura2000	observation located outside Natura 2000 sites
LIFE4POLL474	2022-11-01	37.881946	13.378183	WGS84	Italy	IT	urban	"visual observation|photograph|Barberis et al. (in press) ""Insect-flower interactions in the Mediterranean area: a Citizen Science dataset collated within the LIFE 4 Pollinators project"". https://doi.org/xxxxx"	HumanObservation	OutsideNatura2000	observation located outside Natura 2000 sites
LIFE4POLL475	2022-05-04	44.51796	11.32677	WGS84	Italy	IT	urban	"visual observation|photograph|Barberis et al. (in press) ""Insect-flower interactions in the Mediterranean area: a Citizen Science dataset collated within the LIFE 4 Pollinators project"". https://doi.org/xxxxx"	HumanObservation	OutsideNatura2000	observation located outside Natura 2000 sites
LIFE4POLL476	2022-11-11	37.503972	15.052621	WGS84	Italy	IT	urban	"visual observation|photograph|Barberis et al. (in press) ""Insect-flower interactions in the Mediterranean area: a Citizen Science dataset collated within the LIFE 4 Pollinators project"". https://doi.org/xxxxx"	HumanObservation	OutsideNatura2000	observation located outside Natura 2000 sites
LIFE4POLL477	2022-11-10	37.504177	15.05275	WGS84	Italy	IT	urban	"visual observation|photograph|Barberis et al. (in press) ""Insect-flower interactions in the Mediterranean area: a Citizen Science dataset collated within the LIFE 4 Pollinators project"". https://doi.org/xxxxx"	HumanObservation	OutsideNatura2000	observation located outside Natura 2000 sites
LIFE4POLL478	2022-04-21	39.110849	26.563332	WGS84	Greece	GR	urban	"visual observation|photograph|Barberis et al. (in press) ""Insect-flower interactions in the Mediterranean area: a Citizen Science dataset collated within the LIFE 4 Pollinators project"". https://doi.org/xxxxx"	HumanObservation	OutsideNatura2000	observation located outside Natura 2000 sites
LIFE4POLL479	2022-04-21	39.110849	26.563332	WGS84	Greece	GR	urban	"visual observation|photograph|Barberis et al. (in press) ""Insect-flower interactions in the Mediterranean area: a Citizen Science dataset collated within the LIFE 4 Pollinators project"". https://doi.org/xxxxx"	HumanObservation	OutsideNatura2000	observation located outside Natura 2000 sites
LIFE4POLL480	2022-04-21	39.110849	26.563332	WGS84	Greece	GR	urban	"visual observation|photograph|Barberis et al. (in press) ""Insect-flower interactions in the Mediterranean area: a Citizen Science dataset collated within the LIFE 4 Pollinators project"". https://doi.org/xxxxx"	HumanObservation	OutsideNatura2000	observation located outside Natura 2000 sites
LIFE4POLL481	2022-04-21	39.110849	26.563332	WGS84	Greece	GR	urban	"visual observation|photograph|Barberis et al. (in press) ""Insect-flower interactions in the Mediterranean area: a Citizen Science dataset collated within the LIFE 4 Pollinators project"". https://doi.org/xxxxx"	HumanObservation	OutsideNatura2000	observation located outside Natura 2000 sites
LIFE4POLL482	2022-04-21	39.110849	26.563332	WGS84	Greece	GR	urban	"visual observation|photograph|Barberis et al. (in press) ""Insect-flower interactions in the Mediterranean area: a Citizen Science dataset collated within the LIFE 4 Pollinators project"". https://doi.org/xxxxx"	HumanObservation	OutsideNatura2000	observation located outside Natura 2000 sites
LIFE4POLL483	2022-04-21	39.110849	26.563332	WGS84	Greece	GR	urban	"visual observation|photograph|Barberis et al. (in press) ""Insect-flower interactions in the Mediterranean area: a Citizen Science dataset collated within the LIFE 4 Pollinators project"". https://doi.org/xxxxx"	HumanObservation	OutsideNatura2000	observation located outside Natura 2000 sites
LIFE4POLL484	2022-04-21	39.110849	26.563332	WGS84	Greece	GR	urban	"visual observation|photograph|Barberis et al. (in press) ""Insect-flower interactions in the Mediterranean area: a Citizen Science dataset collated within the LIFE 4 Pollinators project"". https://doi.org/xxxxx"	HumanObservation	OutsideNatura2000	observation located outside Natura 2000 sites
LIFE4POLL485	2022-04-21	39.110849	26.563332	WGS84	Greece	GR	urban	"visual observation|photograph|Barberis et al. (in press) ""Insect-flower interactions in the Mediterranean area: a Citizen Science dataset collated within the LIFE 4 Pollinators project"". https://doi.org/xxxxx"	HumanObservation	OutsideNatura2000	observation located outside Natura 2000 sites
LIFE4POLL486	2022-04-21	39.110849	26.563332	WGS84	Greece	GR	urban	"visual observation|photograph|Barberis et al. (in press) ""Insect-flower interactions in the Mediterranean area: a Citizen Science dataset collated within the LIFE 4 Pollinators project"". https://doi.org/xxxxx"	HumanObservation	OutsideNatura2000	observation located outside Natura 2000 sites
LIFE4POLL487	2022-11-23	37.503274	15.053051	WGS84	Italy	IT	urban	"visual observation|photograph|Barberis et al. (in press) ""Insect-flower interactions in the Mediterranean area: a Citizen Science dataset collated within the LIFE 4 Pollinators project"". https://doi.org/xxxxx"	HumanObservation	OutsideNatura2000	observation located outside Natura 2000 sites
LIFE4POLL488	2022-11-25	37.515453	15.083499	WGS84	Italy	IT	urban	"visual observation|photograph|Barberis et al. (in press) ""Insect-flower interactions in the Mediterranean area: a Citizen Science dataset collated within the LIFE 4 Pollinators project"". https://doi.org/xxxxx"	HumanObservation	OutsideNatura2000	observation located outside Natura 2000 sites
LIFE4POLL489	2022-06-04	39.2089	25.8982	WGS84	Greece	GR	island, mountain	"visual observation|photograph|Barberis et al. (in press) ""Insect-flower interactions in the Mediterranean area: a Citizen Science dataset collated within the LIFE 4 Pollinators project"". https://doi.org/xxxxx"	HumanObservation	GR4110010|GR4110003	observation located in Natura 2000 sites with codes GR4110010|GR4110003
LIFE4POLL490	2022-06-04	39.2089	25.8982	WGS84	Greece	GR	island, mountain	"visual observation|photograph|Barberis et al. (in press) ""Insect-flower interactions in the Mediterranean area: a Citizen Science dataset collated within the LIFE 4 Pollinators project"". https://doi.org/xxxxx"	HumanObservation	GR4110010|GR4110003	observation located in Natura 2000 sites with codes GR4110010|GR4110003
LIFE4POLL491	2022-06-04	39.2089	25.8982	WGS84	Greece	GR	island, mountain	"visual observation|photograph|Barberis et al. (in press) ""Insect-flower interactions in the Mediterranean area: a Citizen Science dataset collated within the LIFE 4 Pollinators project"". https://doi.org/xxxxx"	HumanObservation	GR4110010|GR4110003	observation located in Natura 2000 sites with codes GR4110010|GR4110003
LIFE4POLL492	2022-06-04	39.2089	25.8982	WGS84	Greece	GR	island, mountain	"visual observation|photograph|Barberis et al. (in press) ""Insect-flower interactions in the Mediterranean area: a Citizen Science dataset collated within the LIFE 4 Pollinators project"". https://doi.org/xxxxx"	HumanObservation	GR4110010|GR4110003	observation located in Natura 2000 sites with codes GR4110010|GR4110003
LIFE4POLL493	2022-06-04	39.2037	25.9004	WGS84	Greece	GR	island, mountain	"visual observation|photograph|Barberis et al. (in press) ""Insect-flower interactions in the Mediterranean area: a Citizen Science dataset collated within the LIFE 4 Pollinators project"". https://doi.org/xxxxx"	HumanObservation	GR4110010|GR4110003	observation located in Natura 2000 sites with codes GR4110010|GR4110003
LIFE4POLL494	2022-06-04	39.2046	25.9001	WGS84	Greece	GR	island, mountain	"visual observation|photograph|Barberis et al. (in press) ""Insect-flower interactions in the Mediterranean area: a Citizen Science dataset collated within the LIFE 4 Pollinators project"". https://doi.org/xxxxx"	HumanObservation	GR4110010|GR4110003	observation located in Natura 2000 sites with codes GR4110010|GR4110003
LIFE4POLL495	2022-12-02	37.51159	15.082694	WGS84	Italy	IT	urban	"visual observation|photograph|Barberis et al. (in press) ""Insect-flower interactions in the Mediterranean area: a Citizen Science dataset collated within the LIFE 4 Pollinators project"". https://doi.org/xxxxx"	HumanObservation	OutsideNatura2000	observation located outside Natura 2000 sites
LIFE4POLL496	2021-07-20	41.654189	13.988686	WGS84	Italy	IT	mountain	"visual observation|photograph|Barberis et al. (in press) ""Insect-flower interactions in the Mediterranean area: a Citizen Science dataset collated within the LIFE 4 Pollinators project"". https://doi.org/xxxxx"	HumanObservation	IT7120132|IT7212121	observation located in Natura 2000 sites with codes IT7120132|IT7212121
LIFE4POLL497	2021-07-06	41.795888	13.807068	WGS84	Italy	IT	mountain	"visual observation|photograph|Barberis et al. (in press) ""Insect-flower interactions in the Mediterranean area: a Citizen Science dataset collated within the LIFE 4 Pollinators project"". https://doi.org/xxxxx"	HumanObservation	IT7120132	observation located in Natura 2000 site with code IT7120132
LIFE4POLL498	2022-12-12*	41.9	12.3	WGS84	Italy	IT	urban	"visual observation|photograph|Barberis et al. (in press) ""Insect-flower interactions in the Mediterranean area: a Citizen Science dataset collated within the LIFE 4 Pollinators project"". https://doi.org/xxxxx"	HumanObservation	OutsideNatura2000	observation located outside Natura 2000 sites
LIFE4POLL499	2022-05-01	39.9	20.4	WGS84	Greece	GR	mountain	"visual observation|photograph|Barberis et al. (in press) ""Insect-flower interactions in the Mediterranean area: a Citizen Science dataset collated within the LIFE 4 Pollinators project"". https://doi.org/xxxxx"	HumanObservation	OutsideNatura2000	observation located outside Natura 2000 sites
LIFE4POLL500	2022-12-30*	45.742523	9.585415	WGS84	Italy	IT	periurban	"visual observation|photograph|Barberis et al. (in press) ""Insect-flower interactions in the Mediterranean area: a Citizen Science dataset collated within the LIFE 4 Pollinators project"". https://doi.org/xxxxx"	HumanObservation	OutsideNatura2000	observation located outside Natura 2000 sites
LIFE4POLL501	2023-01-03	37.504143	15.052707	WGS84	Italy	IT	urban	"visual observation|photograph|Barberis et al. (in press) ""Insect-flower interactions in the Mediterranean area: a Citizen Science dataset collated within the LIFE 4 Pollinators project"". https://doi.org/xxxxx"	HumanObservation	OutsideNatura2000	observation located outside Natura 2000 sites
LIFE4POLL503	2023-01-18	37.515692	15.083783	WGS84	Italy	IT	urban	"visual observation|photograph|Barberis et al. (in press) ""Insect-flower interactions in the Mediterranean area: a Citizen Science dataset collated within the LIFE 4 Pollinators project"". https://doi.org/xxxxx"	HumanObservation	OutsideNatura2000	observation located outside Natura 2000 sites
LIFE4POLL504	2023-01-18	37.515806	15.083783	WGS84	Italy	IT	urban	"visual observation|photograph|Barberis et al. (in press) ""Insect-flower interactions in the Mediterranean area: a Citizen Science dataset collated within the LIFE 4 Pollinators project"". https://doi.org/xxxxx"	HumanObservation	OutsideNatura2000	observation located outside Natura 2000 sites
LIFE4POLL505	2023-01-18	37.515602	15.083789	WGS84	Italy	IT	urban	"visual observation|photograph|Barberis et al. (in press) ""Insect-flower interactions in the Mediterranean area: a Citizen Science dataset collated within the LIFE 4 Pollinators project"". https://doi.org/xxxxx"	HumanObservation	OutsideNatura2000	observation located outside Natura 2000 sites
LIFE4POLL506	2023-01-18	37.51553	15.083821	WGS84	Italy	IT	urban	"visual observation|photograph|Barberis et al. (in press) ""Insect-flower interactions in the Mediterranean area: a Citizen Science dataset collated within the LIFE 4 Pollinators project"". https://doi.org/xxxxx"	HumanObservation	OutsideNatura2000	observation located outside Natura 2000 sites
LIFE4POLL507	2023-01-18	37.515577	15.083735	WGS84	Italy	IT	urban	"visual observation|photograph|Barberis et al. (in press) ""Insect-flower interactions in the Mediterranean area: a Citizen Science dataset collated within the LIFE 4 Pollinators project"". https://doi.org/xxxxx"	HumanObservation	OutsideNatura2000	observation located outside Natura 2000 sites
LIFE4POLL508	2023-01-18	37.515636	15.083783	WGS84	Italy	IT	urban	"visual observation|photograph|Barberis et al. (in press) ""Insect-flower interactions in the Mediterranean area: a Citizen Science dataset collated within the LIFE 4 Pollinators project"". https://doi.org/xxxxx"	HumanObservation	OutsideNatura2000	observation located outside Natura 2000 sites
LIFE4POLL509	2023-01-24*	43.84268	13.01319	WGS84	Italy	IT	urban	"visual observation|photograph|Barberis et al. (in press) ""Insect-flower interactions in the Mediterranean area: a Citizen Science dataset collated within the LIFE 4 Pollinators project"". https://doi.org/xxxxx"	HumanObservation	OutsideNatura2000	observation located outside Natura 2000 sites
LIFE4POLL510	2023-01-26	37.504177	15.052621	WGS84	Italy	IT	urban	"visual observation|photograph|Barberis et al. (in press) ""Insect-flower interactions in the Mediterranean area: a Citizen Science dataset collated within the LIFE 4 Pollinators project"". https://doi.org/xxxxx"	HumanObservation	OutsideNatura2000	observation located outside Natura 2000 sites
LIFE4POLL511	2023-01-25	37.503921	15.05275	WGS84	Italy	IT	urban	"visual observation|photograph|Barberis et al. (in press) ""Insect-flower interactions in the Mediterranean area: a Citizen Science dataset collated within the LIFE 4 Pollinators project"". https://doi.org/xxxxx"	HumanObservation	OutsideNatura2000	observation located outside Natura 2000 sites
LIFE4POLL512	2021-05-30	37.504126	15.0526	WGS84	Italy	IT	urban	"visual observation|photograph|Barberis et al. (in press) ""Insect-flower interactions in the Mediterranean area: a Citizen Science dataset collated within the LIFE 4 Pollinators project"". https://doi.org/xxxxx"	HumanObservation	OutsideNatura2000	observation located outside Natura 2000 sites
LIFE4POLL513	2023-01-30	37.504126	15.052578	WGS84	Italy	IT	periurban	"visual observation|photograph|Barberis et al. (in press) ""Insect-flower interactions in the Mediterranean area: a Citizen Science dataset collated within the LIFE 4 Pollinators project"". https://doi.org/xxxxx"	HumanObservation	OutsideNatura2000	observation located outside Natura 2000 sites
LIFE4POLL514	2023-02-04	44.500435	11.353329	WGS84	Italy	IT	urban	"visual observation|photograph|Barberis et al. (in press) ""Insect-flower interactions in the Mediterranean area: a Citizen Science dataset collated within the LIFE 4 Pollinators project"". https://doi.org/xxxxx"	HumanObservation	OutsideNatura2000	observation located outside Natura 2000 sites
LIFE4POLL515	2023-02-04	44.500462	11.353426	WGS84	Italy	IT	urban	"visual observation|photograph|Barberis et al. (in press) ""Insect-flower interactions in the Mediterranean area: a Citizen Science dataset collated within the LIFE 4 Pollinators project"". https://doi.org/xxxxx"	HumanObservation	OutsideNatura2000	observation located outside Natura 2000 sites
LIFE4POLL516	2023-02-04	44.50045	11.353437	WGS84	Italy	IT	urban	"visual observation|photograph|Barberis et al. (in press) ""Insect-flower interactions in the Mediterranean area: a Citizen Science dataset collated within the LIFE 4 Pollinators project"". https://doi.org/xxxxx"	HumanObservation	OutsideNatura2000	observation located outside Natura 2000 sites
LIFE4POLL517	2023-02-04	44.500446	11.353372	WGS84	Italy	IT	urban	"visual observation|photograph|Barberis et al. (in press) ""Insect-flower interactions in the Mediterranean area: a Citizen Science dataset collated within the LIFE 4 Pollinators project"". https://doi.org/xxxxx"	HumanObservation	OutsideNatura2000	observation located outside Natura 2000 sites
LIFE4POLL518	2023-02-02	44.500004	11.215468	WGS84	Italy	IT	lowland	"visual observation|photograph|Barberis et al. (in press) ""Insect-flower interactions in the Mediterranean area: a Citizen Science dataset collated within the LIFE 4 Pollinators project"". https://doi.org/xxxxx"	HumanObservation	OutsideNatura2000	observation located outside Natura 2000 sites
LIFE4POLL520	2023-02-12	37.384557	-5.988305	WGS84	Spain	ES	urban	"visual observation|photograph|Barberis et al. (in press) ""Insect-flower interactions in the Mediterranean area: a Citizen Science dataset collated within the LIFE 4 Pollinators project"". https://doi.org/xxxxx"	HumanObservation	OutsideNatura2000	observation located outside Natura 2000 sites
LIFE4POLL521	2023-02-12	37.384489	-5.988209	WGS84	Spain	ES	urban	"visual observation|photograph|Barberis et al. (in press) ""Insect-flower interactions in the Mediterranean area: a Citizen Science dataset collated within the LIFE 4 Pollinators project"". https://doi.org/xxxxx"	HumanObservation	OutsideNatura2000	observation located outside Natura 2000 sites
LIFE4POLL522	2023-02-18*	37.384451	-5.98815	WGS84	Spain	ES	urban	"visual observation|photograph|Barberis et al. (in press) ""Insect-flower interactions in the Mediterranean area: a Citizen Science dataset collated within the LIFE 4 Pollinators project"". https://doi.org/xxxxx"	HumanObservation	OutsideNatura2000	observation located outside Natura 2000 sites
LIFE4POLL525	2023-02-18*	43.848997	12.894093	WGS84	Italy	IT	lowland	"visual observation|photograph|Barberis et al. (in press) ""Insect-flower interactions in the Mediterranean area: a Citizen Science dataset collated within the LIFE 4 Pollinators project"". https://doi.org/xxxxx"	HumanObservation	OutsideNatura2000	observation located outside Natura 2000 sites
LIFE4POLL526	2023-02-23	44.500988	11.35383	WGS84	Italy	IT	urban	"visual observation|photograph|Barberis et al. (in press) ""Insect-flower interactions in the Mediterranean area: a Citizen Science dataset collated within the LIFE 4 Pollinators project"". https://doi.org/xxxxx"	HumanObservation	OutsideNatura2000	observation located outside Natura 2000 sites
LIFE4POLL527	2023-02-23	44.500988	11.35383	WGS84	Italy	IT	urban	"visual observation|photograph|Barberis et al. (in press) ""Insect-flower interactions in the Mediterranean area: a Citizen Science dataset collated within the LIFE 4 Pollinators project"". https://doi.org/xxxxx"	HumanObservation	OutsideNatura2000	observation located outside Natura 2000 sites
LIFE4POLL528	2023-02-23	37.503904	15.0529	WGS84	Italy	IT	urban	"visual observation|photograph|Barberis et al. (in press) ""Insect-flower interactions in the Mediterranean area: a Citizen Science dataset collated within the LIFE 4 Pollinators project"". https://doi.org/xxxxx"	HumanObservation	OutsideNatura2000	observation located outside Natura 2000 sites
LIFE4POLL529	2023-02-23	37.503785	15.0529	WGS84	Italy	IT	urban	"visual observation|photograph|Barberis et al. (in press) ""Insect-flower interactions in the Mediterranean area: a Citizen Science dataset collated within the LIFE 4 Pollinators project"". https://doi.org/xxxxx"	HumanObservation	OutsideNatura2000	observation located outside Natura 2000 sites
LIFE4POLL530	2023-02-24	44.500988	11.35383	WGS84	Italy	IT	urban	"visual observation|photograph|Barberis et al. (in press) ""Insect-flower interactions in the Mediterranean area: a Citizen Science dataset collated within the LIFE 4 Pollinators project"". https://doi.org/xxxxx"	HumanObservation	OutsideNatura2000	observation located outside Natura 2000 sites
LIFE4POLL531	2023-02-24	44.500988	11.35383	WGS84	Italy	IT	urban	"visual observation|photograph|Barberis et al. (in press) ""Insect-flower interactions in the Mediterranean area: a Citizen Science dataset collated within the LIFE 4 Pollinators project"". https://doi.org/xxxxx"	HumanObservation	OutsideNatura2000	observation located outside Natura 2000 sites
LIFE4POLL532	2023-02-24	44.500988	11.35383	WGS84	Italy	IT	urban	"visual observation|photograph|Barberis et al. (in press) ""Insect-flower interactions in the Mediterranean area: a Citizen Science dataset collated within the LIFE 4 Pollinators project"". https://doi.org/xxxxx"	HumanObservation	OutsideNatura2000	observation located outside Natura 2000 sites
LIFE4POLL533	2023-02-24	44.500988	11.35383	WGS84	Italy	IT	urban	"visual observation|photograph|Barberis et al. (in press) ""Insect-flower interactions in the Mediterranean area: a Citizen Science dataset collated within the LIFE 4 Pollinators project"". https://doi.org/xxxxx"	HumanObservation	OutsideNatura2000	observation located outside Natura 2000 sites
LIFE4POLL534	2023-02-24	44.500988	11.35383	WGS84	Italy	IT	urban	"visual observation|photograph|Barberis et al. (in press) ""Insect-flower interactions in the Mediterranean area: a Citizen Science dataset collated within the LIFE 4 Pollinators project"". https://doi.org/xxxxx"	HumanObservation	OutsideNatura2000	observation located outside Natura 2000 sites
LIFE4POLL535	2023-02-24	44.500988	11.35383	WGS84	Italy	IT	urban	"visual observation|photograph|Barberis et al. (in press) ""Insect-flower interactions in the Mediterranean area: a Citizen Science dataset collated within the LIFE 4 Pollinators project"". https://doi.org/xxxxx"	HumanObservation	OutsideNatura2000	observation located outside Natura 2000 sites
LIFE4POLL536	2023-02-24	44.500988	11.35383	WGS84	Italy	IT	urban	"visual observation|photograph|Barberis et al. (in press) ""Insect-flower interactions in the Mediterranean area: a Citizen Science dataset collated within the LIFE 4 Pollinators project"". https://doi.org/xxxxx"	HumanObservation	OutsideNatura2000	observation located outside Natura 2000 sites
LIFE4POLL537	2023-02-24	44.500988	11.35383	WGS84	Italy	IT	urban	"visual observation|photograph|Barberis et al. (in press) ""Insect-flower interactions in the Mediterranean area: a Citizen Science dataset collated within the LIFE 4 Pollinators project"". https://doi.org/xxxxx"	HumanObservation	OutsideNatura2000	observation located outside Natura 2000 sites
LIFE4POLL538	2023-02-24	44.500988	11.35383	WGS84	Italy	IT	urban	"visual observation|photograph|Barberis et al. (in press) ""Insect-flower interactions in the Mediterranean area: a Citizen Science dataset collated within the LIFE 4 Pollinators project"". https://doi.org/xxxxx"	HumanObservation	OutsideNatura2000	observation located outside Natura 2000 sites
LIFE4POLL539	2023-02-24	44.500988	11.35383	WGS84	Italy	IT	urban	"visual observation|photograph|Barberis et al. (in press) ""Insect-flower interactions in the Mediterranean area: a Citizen Science dataset collated within the LIFE 4 Pollinators project"". https://doi.org/xxxxx"	HumanObservation	OutsideNatura2000	observation located outside Natura 2000 sites
LIFE4POLL540	2023-02-24	44.500988	11.35383	WGS84	Italy	IT	urban	"visual observation|photograph|Barberis et al. (in press) ""Insect-flower interactions in the Mediterranean area: a Citizen Science dataset collated within the LIFE 4 Pollinators project"". https://doi.org/xxxxx"	HumanObservation	OutsideNatura2000	observation located outside Natura 2000 sites
LIFE4POLL541	2023-02-24	44.500988	11.35383	WGS84	Italy	IT	urban	"visual observation|photograph|Barberis et al. (in press) ""Insect-flower interactions in the Mediterranean area: a Citizen Science dataset collated within the LIFE 4 Pollinators project"". https://doi.org/xxxxx"	HumanObservation	OutsideNatura2000	observation located outside Natura 2000 sites
LIFE4POLL542	2023-02-24	44.500988	11.35383	WGS84	Italy	IT	urban	"visual observation|photograph|Barberis et al. (in press) ""Insect-flower interactions in the Mediterranean area: a Citizen Science dataset collated within the LIFE 4 Pollinators project"". https://doi.org/xxxxx"	HumanObservation	OutsideNatura2000	observation located outside Natura 2000 sites
LIFE4POLL543	2023-02-24	44.500988	11.35383	WGS84	Italy	IT	urban	"visual observation|photograph|Barberis et al. (in press) ""Insect-flower interactions in the Mediterranean area: a Citizen Science dataset collated within the LIFE 4 Pollinators project"". https://doi.org/xxxxx"	HumanObservation	OutsideNatura2000	observation located outside Natura 2000 sites
LIFE4POLL544	2023-02-27*	38.735669	21.455033	WGS84	Greece	GR	lowland	"visual observation|photograph|Barberis et al. (in press) ""Insect-flower interactions in the Mediterranean area: a Citizen Science dataset collated within the LIFE 4 Pollinators project"". https://doi.org/xxxxx"	HumanObservation	OutsideNatura2000	observation located outside Natura 2000 sites
LIFE4POLL545	2022-05-15	45.71208	9.303122	WGS84	Italy	IT	hills	"visual observation|photograph|Barberis et al. (in press) ""Insect-flower interactions in the Mediterranean area: a Citizen Science dataset collated within the LIFE 4 Pollinators project"". https://doi.org/xxxxx"	HumanObservation	OutsideNatura2000	observation located outside Natura 2000 sites
LIFE4POLL546	2023-03-02	40.206738	-8.441877	WGS84	Portugal	PT	periurban	"visual observation|photograph|Barberis et al. (in press) ""Insect-flower interactions in the Mediterranean area: a Citizen Science dataset collated within the LIFE 4 Pollinators project"". https://doi.org/xxxxx"	HumanObservation	OutsideNatura2000	observation located outside Natura 2000 sites
LIFE4POLL548	2023-03-06*	43.796667	12.854803	WGS84	Italy	IT	urban	"visual observation|photograph|Barberis et al. (in press) ""Insect-flower interactions in the Mediterranean area: a Citizen Science dataset collated within the LIFE 4 Pollinators project"". https://doi.org/xxxxx"	HumanObservation	OutsideNatura2000	observation located outside Natura 2000 sites
LIFE4POLL550	2023-03-05	37.503785	15.052643	WGS84	Italy	IT	urban	"visual observation|photograph|Barberis et al. (in press) ""Insect-flower interactions in the Mediterranean area: a Citizen Science dataset collated within the LIFE 4 Pollinators project"". https://doi.org/xxxxx"	HumanObservation	OutsideNatura2000	observation located outside Natura 2000 sites
LIFE4POLL551	2023-03-05	37.504185	15.052514	WGS84	Italy	IT	urban	"visual observation|photograph|Barberis et al. (in press) ""Insect-flower interactions in the Mediterranean area: a Citizen Science dataset collated within the LIFE 4 Pollinators project"". https://doi.org/xxxxx"	HumanObservation	OutsideNatura2000	observation located outside Natura 2000 sites
LIFE4POLL552	2023-03-07*	38.191885	13.341055	WGS84	Italy	IT	island, seaside	"visual observation|photograph|Barberis et al. (in press) ""Insect-flower interactions in the Mediterranean area: a Citizen Science dataset collated within the LIFE 4 Pollinators project"". https://doi.org/xxxxx"	HumanObservation	OutsideNatura2000	observation located outside Natura 2000 sites
LIFE4POLL553	2020-05-17	38.191885	13.341055	WGS84	Italy	IT	island, seaside	"visual observation|photograph|Barberis et al. (in press) ""Insect-flower interactions in the Mediterranean area: a Citizen Science dataset collated within the LIFE 4 Pollinators project"". https://doi.org/xxxxx"	HumanObservation	OutsideNatura2000	observation located outside Natura 2000 sites
LIFE4POLL554	2023-02-09	39.285685	8.978577	WGS84	Italy	IT	island, periurban	"visual observation|photograph|Barberis et al. (in press) ""Insect-flower interactions in the Mediterranean area: a Citizen Science dataset collated within the LIFE 4 Pollinators project"". https://doi.org/xxxxx"	HumanObservation	OutsideNatura2000	observation located outside Natura 2000 sites
LIFE4POLL555	2023-02-09	39.266284	9.001236	WGS84	Italy	IT	island, periurban	"visual observation|photograph|Barberis et al. (in press) ""Insect-flower interactions in the Mediterranean area: a Citizen Science dataset collated within the LIFE 4 Pollinators project"". https://doi.org/xxxxx"	HumanObservation	ITB040023	observation located in Natura 2000 site with code ITB040023
LIFE4POLL556	2022-11-11	38.990186	9.008853	WGS84	Italy	IT	island, seaside	"visual observation|photograph|Barberis et al. (in press) ""Insect-flower interactions in the Mediterranean area: a Citizen Science dataset collated within the LIFE 4 Pollinators project"". https://doi.org/xxxxx"	HumanObservation	ITB042216	observation located in Natura 2000 site with code ITB042216
LIFE4POLL557	2023-03-07	39.354	2.973	WGS84	Spain	ES	island, seaside	"visual observation|photograph|Barberis et al. (in press) ""Insect-flower interactions in the Mediterranean area: a Citizen Science dataset collated within the LIFE 4 Pollinators project"". https://doi.org/xxxxx"	HumanObservation	OutsideNatura2000	observation located outside Natura 2000 sites
LIFE4POLL558	2023-03-07	39.354	2.974	WGS84	Spain	ES	island, seaside	"visual observation|photograph|Barberis et al. (in press) ""Insect-flower interactions in the Mediterranean area: a Citizen Science dataset collated within the LIFE 4 Pollinators project"". https://doi.org/xxxxx"	HumanObservation	OutsideNatura2000	observation located outside Natura 2000 sites
LIFE4POLL559	2023-03-07	39.354	2.973	WGS84	Spain	ES	island, seaside	"visual observation|photograph|Barberis et al. (in press) ""Insect-flower interactions in the Mediterranean area: a Citizen Science dataset collated within the LIFE 4 Pollinators project"". https://doi.org/xxxxx"	HumanObservation	OutsideNatura2000	observation located outside Natura 2000 sites
LIFE4POLL560	2023-03-07	39.354	2.973	WGS84	Spain	ES	island, seaside	"visual observation|photograph|Barberis et al. (in press) ""Insect-flower interactions in the Mediterranean area: a Citizen Science dataset collated within the LIFE 4 Pollinators project"". https://doi.org/xxxxx"	HumanObservation	OutsideNatura2000	observation located outside Natura 2000 sites
LIFE4POLL561	2023-03-07	39.354	2.974	WGS84	Spain	ES	seaside	"visual observation|photograph|Barberis et al. (in press) ""Insect-flower interactions in the Mediterranean area: a Citizen Science dataset collated within the LIFE 4 Pollinators project"". https://doi.org/xxxxx"	HumanObservation	OutsideNatura2000	observation located outside Natura 2000 sites
LIFE4POLL562	2023-03-09	37.504177	15.052729	WGS84	Italy	IT	urban	"visual observation|photograph|Barberis et al. (in press) ""Insect-flower interactions in the Mediterranean area: a Citizen Science dataset collated within the LIFE 4 Pollinators project"". https://doi.org/xxxxx"	HumanObservation	OutsideNatura2000	observation located outside Natura 2000 sites
LIFE4POLL563	2023-03-09	37.504211	15.052557	WGS84	Italy	IT	urban	"visual observation|photograph|Barberis et al. (in press) ""Insect-flower interactions in the Mediterranean area: a Citizen Science dataset collated within the LIFE 4 Pollinators project"". https://doi.org/xxxxx"	HumanObservation	OutsideNatura2000	observation located outside Natura 2000 sites
LIFE4POLL564	2023-03-09	37.504262	15.052643	WGS84	Italy	IT	urban	"visual observation|photograph|Barberis et al. (in press) ""Insect-flower interactions in the Mediterranean area: a Citizen Science dataset collated within the LIFE 4 Pollinators project"". https://doi.org/xxxxx"	HumanObservation	OutsideNatura2000	observation located outside Natura 2000 sites
LIFE4POLL565	2023-03-09	37.504245	15.052557	WGS84	Italy	IT	urban	"visual observation|photograph|Barberis et al. (in press) ""Insect-flower interactions in the Mediterranean area: a Citizen Science dataset collated within the LIFE 4 Pollinators project"". https://doi.org/xxxxx"	HumanObservation	OutsideNatura2000	observation located outside Natura 2000 sites
LIFE4POLL566	2023-03-11	37.503972	15.052814	WGS84	Italy	IT	urban	"visual observation|photograph|Barberis et al. (in press) ""Insect-flower interactions in the Mediterranean area: a Citizen Science dataset collated within the LIFE 4 Pollinators project"". https://doi.org/xxxxx"	HumanObservation	OutsideNatura2000	observation located outside Natura 2000 sites
LIFE4POLL567	2023-03-05	37.503411	15.052879	WGS84	Italy	IT	urban	"visual observation|photograph|Barberis et al. (in press) ""Insect-flower interactions in the Mediterranean area: a Citizen Science dataset collated within the LIFE 4 Pollinators project"". https://doi.org/xxxxx"	HumanObservation	OutsideNatura2000	observation located outside Natura 2000 sites
LIFE4POLL568	2023-03-11	37.50387	15.052643	WGS84	Italy	IT	island, periurban	"visual observation|photograph|Barberis et al. (in press) ""Insect-flower interactions in the Mediterranean area: a Citizen Science dataset collated within the LIFE 4 Pollinators project"". https://doi.org/xxxxx"	HumanObservation	OutsideNatura2000	observation located outside Natura 2000 sites
LIFE4POLL569	2023-03-14	44.500883	11.353667	WGS84	Italy	IT	urban	"visual observation|photograph|Barberis et al. (in press) ""Insect-flower interactions in the Mediterranean area: a Citizen Science dataset collated within the LIFE 4 Pollinators project"". https://doi.org/xxxxx"	HumanObservation	OutsideNatura2000	observation located outside Natura 2000 sites
LIFE4POLL570	2023-03-15	37.504364	15.052643	WGS84	Italy	IT	urban	"visual observation|photograph|Barberis et al. (in press) ""Insect-flower interactions in the Mediterranean area: a Citizen Science dataset collated within the LIFE 4 Pollinators project"". https://doi.org/xxxxx"	HumanObservation	OutsideNatura2000	observation located outside Natura 2000 sites
LIFE4POLL571	2023-03-15	37.504194	15.052621	WGS84	Italy	IT	urban	"visual observation|photograph|Barberis et al. (in press) ""Insect-flower interactions in the Mediterranean area: a Citizen Science dataset collated within the LIFE 4 Pollinators project"". https://doi.org/xxxxx"	HumanObservation	OutsideNatura2000	observation located outside Natura 2000 sites
LIFE4POLL572	2023-03-15	37.503947	15.052804	WGS84	Italy	IT	urban	"visual observation|photograph|Barberis et al. (in press) ""Insect-flower interactions in the Mediterranean area: a Citizen Science dataset collated within the LIFE 4 Pollinators project"". https://doi.org/xxxxx"	HumanObservation	OutsideNatura2000	observation located outside Natura 2000 sites
LIFE4POLL573	2023-03-15	37.504109	15.052729	WGS84	Italy	IT	urban	"visual observation|photograph|Barberis et al. (in press) ""Insect-flower interactions in the Mediterranean area: a Citizen Science dataset collated within the LIFE 4 Pollinators project"". https://doi.org/xxxxx"	HumanObservation	OutsideNatura2000	observation located outside Natura 2000 sites
LIFE4POLL574	2023-03-16	37.504321	15.052514	WGS84	Italy	IT	urban	"visual observation|photograph|Barberis et al. (in press) ""Insect-flower interactions in the Mediterranean area: a Citizen Science dataset collated within the LIFE 4 Pollinators project"". https://doi.org/xxxxx"	HumanObservation	OutsideNatura2000	observation located outside Natura 2000 sites
LIFE4POLL575	2023-03-16	44.501015	11.354	WGS84	Italy	IT	urban	"visual observation|photograph|Barberis et al. (in press) ""Insect-flower interactions in the Mediterranean area: a Citizen Science dataset collated within the LIFE 4 Pollinators project"". https://doi.org/xxxxx"	HumanObservation	OutsideNatura2000	observation located outside Natura 2000 sites
LIFE4POLL576	2023-08-09	37.504279	15.052643	WGS84	Italy	IT	urban	"visual observation|photograph|Barberis et al. (in press) ""Insect-flower interactions in the Mediterranean area: a Citizen Science dataset collated within the LIFE 4 Pollinators project"". https://doi.org/xxxxx"	HumanObservation	OutsideNatura2000	observation located outside Natura 2000 sites
LIFE4POLL577	2023-03-20	37.515589	15.083917	WGS84	Italy	IT	urban	"visual observation|photograph|Barberis et al. (in press) ""Insect-flower interactions in the Mediterranean area: a Citizen Science dataset collated within the LIFE 4 Pollinators project"". https://doi.org/xxxxx"	HumanObservation	OutsideNatura2000	observation located outside Natura 2000 sites
LIFE4POLL578	2023-03-20	37.515066	15.083697	WGS84	Italy	IT	urban	"visual observation|photograph|Barberis et al. (in press) ""Insect-flower interactions in the Mediterranean area: a Citizen Science dataset collated within the LIFE 4 Pollinators project"". https://doi.org/xxxxx"	HumanObservation	OutsideNatura2000	observation located outside Natura 2000 sites
LIFE4POLL579	2023-03-20	37.515049	15.083714	WGS84	Italy	IT	urban	"visual observation|photograph|Barberis et al. (in press) ""Insect-flower interactions in the Mediterranean area: a Citizen Science dataset collated within the LIFE 4 Pollinators project"". https://doi.org/xxxxx"	HumanObservation	OutsideNatura2000	observation located outside Natura 2000 sites
LIFE4POLL580	2023-03-20	37.514981	15.083751	WGS84	Italy	IT	urban	"visual observation|photograph|Barberis et al. (in press) ""Insect-flower interactions in the Mediterranean area: a Citizen Science dataset collated within the LIFE 4 Pollinators project"". https://doi.org/xxxxx"	HumanObservation	OutsideNatura2000	observation located outside Natura 2000 sites
LIFE4POLL581	2023-03-22	40.772466	8.498998	WGS84	Italy	IT	lowland	"visual observation|photograph|Barberis et al. (in press) ""Insect-flower interactions in the Mediterranean area: a Citizen Science dataset collated within the LIFE 4 Pollinators project"". https://doi.org/xxxxx"	HumanObservation	OutsideNatura2000	observation located outside Natura 2000 sites
LIFE4POLL582	2023-03-22	40.769394	8.502688	WGS84	Italy	IT	lowland	"visual observation|photograph|Barberis et al. (in press) ""Insect-flower interactions in the Mediterranean area: a Citizen Science dataset collated within the LIFE 4 Pollinators project"". https://doi.org/xxxxx"	HumanObservation	OutsideNatura2000	observation located outside Natura 2000 sites
LIFE4POLL583	2023-03-22	40.769321	8.502882	WGS84	Italy	IT	lowland	"visual observation|photograph|Barberis et al. (in press) ""Insect-flower interactions in the Mediterranean area: a Citizen Science dataset collated within the LIFE 4 Pollinators project"". https://doi.org/xxxxx"	HumanObservation	OutsideNatura2000	observation located outside Natura 2000 sites
LIFE4POLL584	2023-03-22	40.772287	8.499641	WGS84	Italy	IT	lowland	"visual observation|photograph|Barberis et al. (in press) ""Insect-flower interactions in the Mediterranean area: a Citizen Science dataset collated within the LIFE 4 Pollinators project"". https://doi.org/xxxxx"	HumanObservation	OutsideNatura2000	observation located outside Natura 2000 sites
LIFE4POLL585	2023-03-23	37.504075	15.052686	WGS84	Italy	IT	urban	"visual observation|photograph|Barberis et al. (in press) ""Insect-flower interactions in the Mediterranean area: a Citizen Science dataset collated within the LIFE 4 Pollinators project"". https://doi.org/xxxxx"	HumanObservation	OutsideNatura2000	observation located outside Natura 2000 sites
LIFE4POLL586	2023-03-23	37.50387	15.052772	WGS84	Italy	IT	urban	"visual observation|photograph|Barberis et al. (in press) ""Insect-flower interactions in the Mediterranean area: a Citizen Science dataset collated within the LIFE 4 Pollinators project"". https://doi.org/xxxxx"	HumanObservation	OutsideNatura2000	observation located outside Natura 2000 sites
LIFE4POLL587	2023-03-24	37.501283	15.05282	WGS84	Italy	IT	urban	"visual observation|photograph|Barberis et al. (in press) ""Insect-flower interactions in the Mediterranean area: a Citizen Science dataset collated within the LIFE 4 Pollinators project"". https://doi.org/xxxxx"	HumanObservation	OutsideNatura2000	observation located outside Natura 2000 sites
LIFE4POLL588	2023-03-24	37.515726	15.08381	WGS84	Italy	IT	urban	"visual observation|photograph|Barberis et al. (in press) ""Insect-flower interactions in the Mediterranean area: a Citizen Science dataset collated within the LIFE 4 Pollinators project"". https://doi.org/xxxxx"	HumanObservation	OutsideNatura2000	observation located outside Natura 2000 sites
LIFE4POLL589	2023-03-26	44.534007	11.343266	WGS84	Italy	IT	riverside	"visual observation|photograph|Barberis et al. (in press) ""Insect-flower interactions in the Mediterranean area: a Citizen Science dataset collated within the LIFE 4 Pollinators project"". https://doi.org/xxxxx"	HumanObservation	OutsideNatura2000	observation located outside Natura 2000 sites
LIFE4POLL590	2023-03-26	44.523399	11.336435	WGS84	Italy	IT	riverside	"visual observation|photograph|Barberis et al. (in press) ""Insect-flower interactions in the Mediterranean area: a Citizen Science dataset collated within the LIFE 4 Pollinators project"". https://doi.org/xxxxx"	HumanObservation	OutsideNatura2000	observation located outside Natura 2000 sites
LIFE4POLL591	2023-03-28*	44.326556	11.326532	WGS84	Italy	IT	hills	"visual observation|photograph|Barberis et al. (in press) ""Insect-flower interactions in the Mediterranean area: a Citizen Science dataset collated within the LIFE 4 Pollinators project"". https://doi.org/xxxxx"	HumanObservation	IT4050012	observation located in Natura 2000 site with code IT4050012
LIFE4POLL592	2023-03-28*	44.326556	11.326532	WGS84	Italy	IT	hills	"visual observation|photograph|Barberis et al. (in press) ""Insect-flower interactions in the Mediterranean area: a Citizen Science dataset collated within the LIFE 4 Pollinators project"". https://doi.org/xxxxx"	HumanObservation	IT4050012	observation located in Natura 2000 site with code IT4050012
LIFE4POLL593	2023-03-28*	44.326562	11.326527	WGS84	Italy	IT	hills	"visual observation|photograph|Barberis et al. (in press) ""Insect-flower interactions in the Mediterranean area: a Citizen Science dataset collated within the LIFE 4 Pollinators project"". https://doi.org/xxxxx"	HumanObservation	IT4050012	observation located in Natura 2000 site with code IT4050012
LIFE4POLL594	2023-03-26	39.110932	26.562967	WGS84	Greece	GR	island, archaeological site	"visual observation|photograph|Barberis et al. (in press) ""Insect-flower interactions in the Mediterranean area: a Citizen Science dataset collated within the LIFE 4 Pollinators project"". https://doi.org/xxxxx"	HumanObservation	OutsideNatura2000	observation located outside Natura 2000 sites
LIFE4POLL595	2023-03-30*	44.49887	11.342616	WGS84	Italy	IT	urban	"visual observation|photograph|Barberis et al. (in press) ""Insect-flower interactions in the Mediterranean area: a Citizen Science dataset collated within the LIFE 4 Pollinators project"". https://doi.org/xxxxx"	HumanObservation	OutsideNatura2000	observation located outside Natura 2000 sites
LIFE4POLL596	2023-03-30*	44.489663	11.337764	WGS84	Italy	IT	urban	"visual observation|photograph|Barberis et al. (in press) ""Insect-flower interactions in the Mediterranean area: a Citizen Science dataset collated within the LIFE 4 Pollinators project"". https://doi.org/xxxxx"	HumanObservation	OutsideNatura2000	observation located outside Natura 2000 sites
LIFE4POLL597	2023-03-28	44.49887	11.342616	WGS84	Italy	IT	urban	"visual observation|photograph|Barberis et al. (in press) ""Insect-flower interactions in the Mediterranean area: a Citizen Science dataset collated within the LIFE 4 Pollinators project"". https://doi.org/xxxxx"	HumanObservation	OutsideNatura2000	observation located outside Natura 2000 sites
LIFE4POLL599	2023-03-30*	44.489663	11.337765	WGS84	Italy	IT	urban	"visual observation|photograph|Barberis et al. (in press) ""Insect-flower interactions in the Mediterranean area: a Citizen Science dataset collated within the LIFE 4 Pollinators project"". https://doi.org/xxxxx"	HumanObservation	OutsideNatura2000	observation located outside Natura 2000 sites
LIFE4POLL601	2023-03-30*	44.49976	11.35306	WGS84	Italy	IT	urban	"visual observation|photograph|Barberis et al. (in press) ""Insect-flower interactions in the Mediterranean area: a Citizen Science dataset collated within the LIFE 4 Pollinators project"". https://doi.org/xxxxx"	HumanObservation	OutsideNatura2000	observation located outside Natura 2000 sites
LIFE4POLL604	2023-03-30*	44.510677	11.398573	WGS84	Italy	IT	periurban	"visual observation|photograph|Barberis et al. (in press) ""Insect-flower interactions in the Mediterranean area: a Citizen Science dataset collated within the LIFE 4 Pollinators project"". https://doi.org/xxxxx"	HumanObservation	OutsideNatura2000	observation located outside Natura 2000 sites
LIFE4POLL605	2023-03-31	44.474034	11.405767	WGS84	Italy	IT	urban	"visual observation|photograph|Barberis et al. (in press) ""Insect-flower interactions in the Mediterranean area: a Citizen Science dataset collated within the LIFE 4 Pollinators project"". https://doi.org/xxxxx"	HumanObservation	OutsideNatura2000	observation located outside Natura 2000 sites
LIFE4POLL606	2023-03-31	44.473849	11.406298	WGS84	Italy	IT	urban	"visual observation|photograph|Barberis et al. (in press) ""Insect-flower interactions in the Mediterranean area: a Citizen Science dataset collated within the LIFE 4 Pollinators project"". https://doi.org/xxxxx"	HumanObservation	OutsideNatura2000	observation located outside Natura 2000 sites
LIFE4POLL607	2023-04-01*	39.585994	2.680473	WGS84	Spain	ES	island, urban	"visual observation|photograph|Barberis et al. (in press) ""Insect-flower interactions in the Mediterranean area: a Citizen Science dataset collated within the LIFE 4 Pollinators project"". https://doi.org/xxxxx"	HumanObservation	OutsideNatura2000	observation located outside Natura 2000 sites
LIFE4POLL608	2023-03-31	40.863874	8.280773	WGS84	Italy	IT	island, seaside	"visual observation|photograph|Barberis et al. (in press) ""Insect-flower interactions in the Mediterranean area: a Citizen Science dataset collated within the LIFE 4 Pollinators project"". https://doi.org/xxxxx"	HumanObservation	ITB013012|ITB010002	observation located in Natura 2000 sites with codes ITB013012|ITB010002
LIFE4POLL609	2023-03-30	40.834463	8.424668	WGS84	Italy	IT	island, seaside	"visual observation|photograph|Barberis et al. (in press) ""Insect-flower interactions in the Mediterranean area: a Citizen Science dataset collated within the LIFE 4 Pollinators project"". https://doi.org/xxxxx"	HumanObservation	ITB010003	observation located in Natura 2000 site with code ITB010003
LIFE4POLL610	2022-04-03	37.501027	15.052578	WGS84	Italy	IT	urban	"visual observation|photograph|Barberis et al. (in press) ""Insect-flower interactions in the Mediterranean area: a Citizen Science dataset collated within the LIFE 4 Pollinators project"". https://doi.org/xxxxx"	HumanObservation	OutsideNatura2000	observation located outside Natura 2000 sites
LIFE4POLL611	2023-04-04*	45.585452	9.549437	WGS84	Italy	IT	lowland, riverside	"visual observation|photograph|Barberis et al. (in press) ""Insect-flower interactions in the Mediterranean area: a Citizen Science dataset collated within the LIFE 4 Pollinators project"". https://doi.org/xxxxx"	HumanObservation	OutsideNatura2000	observation located outside Natura 2000 sites
LIFE4POLL612	2023-04-04*	45.586759	9.542377	WGS84	Italy	IT	lowland, riverside	"visual observation|photograph|Barberis et al. (in press) ""Insect-flower interactions in the Mediterranean area: a Citizen Science dataset collated within the LIFE 4 Pollinators project"". https://doi.org/xxxxx"	HumanObservation	OutsideNatura2000	observation located outside Natura 2000 sites
LIFE4POLL613	2023-04-04*	45.586759	9.542377	WGS84	Italy	IT	lowland, riverside	"visual observation|photograph|Barberis et al. (in press) ""Insect-flower interactions in the Mediterranean area: a Citizen Science dataset collated within the LIFE 4 Pollinators project"". https://doi.org/xxxxx"	HumanObservation	OutsideNatura2000	observation located outside Natura 2000 sites
LIFE4POLL614	2023-04-04*	45.586834	9.543579	WGS84	Italy	IT	lowland, riverside	"visual observation|photograph|Barberis et al. (in press) ""Insect-flower interactions in the Mediterranean area: a Citizen Science dataset collated within the LIFE 4 Pollinators project"". https://doi.org/xxxxx"	HumanObservation	OutsideNatura2000	observation located outside Natura 2000 sites
LIFE4POLL615	2023-04-04*	45.586594	9.544072	WGS84	Italy	IT	lowland, riverside	"visual observation|photograph|Barberis et al. (in press) ""Insect-flower interactions in the Mediterranean area: a Citizen Science dataset collated within the LIFE 4 Pollinators project"". https://doi.org/xxxxx"	HumanObservation	OutsideNatura2000	observation located outside Natura 2000 sites
LIFE4POLL616	2023-04-08	39.112627	26.560344	WGS84	Greece	GR	island, archaeological site	"visual observation|photograph|Barberis et al. (in press) ""Insect-flower interactions in the Mediterranean area: a Citizen Science dataset collated within the LIFE 4 Pollinators project"". https://doi.org/xxxxx"	HumanObservation	OutsideNatura2000	observation located outside Natura 2000 sites
LIFE4POLL617	2023-04-08	39.11278	26.560314	WGS84	Greece	GR	island, archaeological site	"visual observation|photograph|Barberis et al. (in press) ""Insect-flower interactions in the Mediterranean area: a Citizen Science dataset collated within the LIFE 4 Pollinators project"". https://doi.org/xxxxx"	HumanObservation	OutsideNatura2000	observation located outside Natura 2000 sites
LIFE4POLL618	2023-04-08	39.112701	26.560435	WGS84	Greece	GR	seaside, archaeological site	"visual observation|photograph|Barberis et al. (in press) ""Insect-flower interactions in the Mediterranean area: a Citizen Science dataset collated within the LIFE 4 Pollinators project"". https://doi.org/xxxxx"	HumanObservation	OutsideNatura2000	observation located outside Natura 2000 sites
LIFE4POLL619	2023-04-08	39.112732	26.554112	WGS84	Greece	GR	island, archaeological site	"visual observation|photograph|Barberis et al. (in press) ""Insect-flower interactions in the Mediterranean area: a Citizen Science dataset collated within the LIFE 4 Pollinators project"". https://doi.org/xxxxx"	HumanObservation	OutsideNatura2000	observation located outside Natura 2000 sites
LIFE4POLL621	2023-04-08	39.112958	26.560862	WGS84	Greece	GR	island, archaeological site	"visual observation|photograph|Barberis et al. (in press) ""Insect-flower interactions in the Mediterranean area: a Citizen Science dataset collated within the LIFE 4 Pollinators project"". https://doi.org/xxxxx"	HumanObservation	OutsideNatura2000	observation located outside Natura 2000 sites
LIFE4POLL622	2023-04-08	39.112881	26.560657	WGS84	Greece	GR	island, archaeological site	"visual observation|photograph|Barberis et al. (in press) ""Insect-flower interactions in the Mediterranean area: a Citizen Science dataset collated within the LIFE 4 Pollinators project"". https://doi.org/xxxxx"	HumanObservation	OutsideNatura2000	observation located outside Natura 2000 sites
LIFE4POLL623	2023-04-08	39.112829	26.56057	WGS84	Greece	GR	island, archaeological site	"visual observation|photograph|Barberis et al. (in press) ""Insect-flower interactions in the Mediterranean area: a Citizen Science dataset collated within the LIFE 4 Pollinators project"". https://doi.org/xxxxx"	HumanObservation	OutsideNatura2000	observation located outside Natura 2000 sites
LIFE4POLL625	2023-04-08*	39.112731	26.560607	WGS84	Greece	GR	island, archaeological site	"visual observation|photograph|Barberis et al. (in press) ""Insect-flower interactions in the Mediterranean area: a Citizen Science dataset collated within the LIFE 4 Pollinators project"". https://doi.org/xxxxx"	HumanObservation	OutsideNatura2000	observation located outside Natura 2000 sites
LIFE4POLL626	2023-04-08	39.112099	26.561794	WGS84	Greece	GR	island, archaeological site	"visual observation|photograph|Barberis et al. (in press) ""Insect-flower interactions in the Mediterranean area: a Citizen Science dataset collated within the LIFE 4 Pollinators project"". https://doi.org/xxxxx"	HumanObservation	OutsideNatura2000	observation located outside Natura 2000 sites
LIFE4POLL627	2023-04-08	39.112694	26.560428	WGS84	Greece	GR	island, archaeological site	"visual observation|photograph|Barberis et al. (in press) ""Insect-flower interactions in the Mediterranean area: a Citizen Science dataset collated within the LIFE 4 Pollinators project"". https://doi.org/xxxxx"	HumanObservation	OutsideNatura2000	observation located outside Natura 2000 sites
LIFE4POLL628	2023-04-08	39.111349	26.565288	WGS84	Greece	GR	island, archaeological site	"visual observation|photograph|Barberis et al. (in press) ""Insect-flower interactions in the Mediterranean area: a Citizen Science dataset collated within the LIFE 4 Pollinators project"". https://doi.org/xxxxx"	HumanObservation	OutsideNatura2000	observation located outside Natura 2000 sites
LIFE4POLL629	2023-04-08	39.112976	26.560619	WGS84	Greece	GR	island, archaeological site	"visual observation|photograph|Barberis et al. (in press) ""Insect-flower interactions in the Mediterranean area: a Citizen Science dataset collated within the LIFE 4 Pollinators project"". https://doi.org/xxxxx"	HumanObservation	OutsideNatura2000	observation located outside Natura 2000 sites
LIFE4POLL630	2023-04-08	39.112882	26.560546	WGS84	Greece	GR	island, archaeological site	"visual observation|photograph|Barberis et al. (in press) ""Insect-flower interactions in the Mediterranean area: a Citizen Science dataset collated within the LIFE 4 Pollinators project"". https://doi.org/xxxxx"	HumanObservation	OutsideNatura2000	observation located outside Natura 2000 sites
LIFE4POLL631	2023-04-08	39.112614	26.56036	WGS84	Greece	GR	island, archaeological site	"visual observation|photograph|Barberis et al. (in press) ""Insect-flower interactions in the Mediterranean area: a Citizen Science dataset collated within the LIFE 4 Pollinators project"". https://doi.org/xxxxx"	HumanObservation	OutsideNatura2000	observation located outside Natura 2000 sites
LIFE4POLL632	2023-04-08	39.112901	26.56004	WGS84	Greece	GR	island, archaeological site	"visual observation|photograph|Barberis et al. (in press) ""Insect-flower interactions in the Mediterranean area: a Citizen Science dataset collated within the LIFE 4 Pollinators project"". https://doi.org/xxxxx"	HumanObservation	OutsideNatura2000	observation located outside Natura 2000 sites
LIFE4POLL633	2023-04-08	39.077315	26.572694	WGS84	Greece	GR	island, periurban	"visual observation|photograph|Barberis et al. (in press) ""Insect-flower interactions in the Mediterranean area: a Citizen Science dataset collated within the LIFE 4 Pollinators project"". https://doi.org/xxxxx"	HumanObservation	OutsideNatura2000	observation located outside Natura 2000 sites
LIFE4POLL634	2023-04-08	39.112653	26.560429	WGS84	Greece	GR	island, archaeological site	"visual observation|photograph|Barberis et al. (in press) ""Insect-flower interactions in the Mediterranean area: a Citizen Science dataset collated within the LIFE 4 Pollinators project"". https://doi.org/xxxxx"	HumanObservation	OutsideNatura2000	observation located outside Natura 2000 sites
LIFE4POLL635	2023-04-08*	39.098141	26.555261	WGS84	Greece	GR	island, urban	"visual observation|photograph|Barberis et al. (in press) ""Insect-flower interactions in the Mediterranean area: a Citizen Science dataset collated within the LIFE 4 Pollinators project"". https://doi.org/xxxxx"	HumanObservation	OutsideNatura2000	observation located outside Natura 2000 sites
LIFE4POLL636	2023-04-08	39.112597	26.560328	WGS84	Greece	GR	island, archaeological site	"visual observation|photograph|Barberis et al. (in press) ""Insect-flower interactions in the Mediterranean area: a Citizen Science dataset collated within the LIFE 4 Pollinators project"". https://doi.org/xxxxx"	HumanObservation	OutsideNatura2000	observation located outside Natura 2000 sites
LIFE4POLL637	2023-04-08	39.11261	26.560231	WGS84	Greece	GR	island, archaeological site	"visual observation|photograph|Barberis et al. (in press) ""Insect-flower interactions in the Mediterranean area: a Citizen Science dataset collated within the LIFE 4 Pollinators project"". https://doi.org/xxxxx"	HumanObservation	OutsideNatura2000	observation located outside Natura 2000 sites
LIFE4POLL638	2023-04-08	39.091077	26.554818	WGS84	Greece	GR	island, archaeological site	"visual observation|photograph|Barberis et al. (in press) ""Insect-flower interactions in the Mediterranean area: a Citizen Science dataset collated within the LIFE 4 Pollinators project"". https://doi.org/xxxxx"	HumanObservation	OutsideNatura2000	observation located outside Natura 2000 sites
LIFE4POLL641	2023-04-08*	45.579443	9.547122	WGS84	Italy	IT	lowland	"visual observation|photograph|Barberis et al. (in press) ""Insect-flower interactions in the Mediterranean area: a Citizen Science dataset collated within the LIFE 4 Pollinators project"". https://doi.org/xxxxx"	HumanObservation	OutsideNatura2000	observation located outside Natura 2000 sites
LIFE4POLL642	2023-04-08	39.112597	26.560328	WGS84	Greece	GR	island, archaeological site	"visual observation|photograph|Barberis et al. (in press) ""Insect-flower interactions in the Mediterranean area: a Citizen Science dataset collated within the LIFE 4 Pollinators project"". https://doi.org/xxxxx"	HumanObservation	OutsideNatura2000	observation located outside Natura 2000 sites
LIFE4POLL643	2023-04-08	39.112681	26.560403	WGS84	Greece	GR	island, archaeological site	"visual observation|photograph|Barberis et al. (in press) ""Insect-flower interactions in the Mediterranean area: a Citizen Science dataset collated within the LIFE 4 Pollinators project"". https://doi.org/xxxxx"	HumanObservation	OutsideNatura2000	observation located outside Natura 2000 sites
LIFE4POLL644	2023-04-08	39.091849	26.549178	WGS84	Greece	GR	island, archaeological site	"visual observation|photograph|Barberis et al. (in press) ""Insect-flower interactions in the Mediterranean area: a Citizen Science dataset collated within the LIFE 4 Pollinators project"". https://doi.org/xxxxx"	HumanObservation	OutsideNatura2000	observation located outside Natura 2000 sites
LIFE4POLL645	2023-04-08*	39.112625	26.560421	WGS84	Greece	GR	island, archaeological site	"visual observation|photograph|Barberis et al. (in press) ""Insect-flower interactions in the Mediterranean area: a Citizen Science dataset collated within the LIFE 4 Pollinators project"". https://doi.org/xxxxx"	HumanObservation	OutsideNatura2000	observation located outside Natura 2000 sites
LIFE4POLL646	2023-04-08*	39.112564	26.560364	WGS84	Greece	GR	island, archaeological site	"visual observation|photograph|Barberis et al. (in press) ""Insect-flower interactions in the Mediterranean area: a Citizen Science dataset collated within the LIFE 4 Pollinators project"". https://doi.org/xxxxx"	HumanObservation	OutsideNatura2000	observation located outside Natura 2000 sites
LIFE4POLL647	2023-04-08*	39.112575	26.560485	WGS84	Greece	GR	island, archaeological site	"visual observation|photograph|Barberis et al. (in press) ""Insect-flower interactions in the Mediterranean area: a Citizen Science dataset collated within the LIFE 4 Pollinators project"". https://doi.org/xxxxx"	HumanObservation	OutsideNatura2000	observation located outside Natura 2000 sites
LIFE4POLL649	2023-04-08*	39.112836	26.560972	WGS84	Greece	GR	island, archaeological site	"visual observation|photograph|Barberis et al. (in press) ""Insect-flower interactions in the Mediterranean area: a Citizen Science dataset collated within the LIFE 4 Pollinators project"". https://doi.org/xxxxx"	HumanObservation	OutsideNatura2000	observation located outside Natura 2000 sites
LIFE4POLL650	2023-04-08	39.112789	26.560575	WGS84	Greece	GR	island, archaeological site	"visual observation|photograph|Barberis et al. (in press) ""Insect-flower interactions in the Mediterranean area: a Citizen Science dataset collated within the LIFE 4 Pollinators project"". https://doi.org/xxxxx"	HumanObservation	OutsideNatura2000	observation located outside Natura 2000 sites
LIFE4POLL651	2023-04-08*	39.112509	26.560407	WGS84	Greece	GR	island, archaeological site	"visual observation|photograph|Barberis et al. (in press) ""Insect-flower interactions in the Mediterranean area: a Citizen Science dataset collated within the LIFE 4 Pollinators project"". https://doi.org/xxxxx"	HumanObservation	OutsideNatura2000	observation located outside Natura 2000 sites
LIFE4POLL652	2023-04-08*	39.112697	26.560664	WGS84	Greece	GR	island, archaeological site	"visual observation|photograph|Barberis et al. (in press) ""Insect-flower interactions in the Mediterranean area: a Citizen Science dataset collated within the LIFE 4 Pollinators project"". https://doi.org/xxxxx"	HumanObservation	OutsideNatura2000	observation located outside Natura 2000 sites
LIFE4POLL653	2023-03-26	39.091067	26.554778	WGS84	Greece	GR	seaside, hills	"visual observation|photograph|Barberis et al. (in press) ""Insect-flower interactions in the Mediterranean area: a Citizen Science dataset collated within the LIFE 4 Pollinators project"". https://doi.org/xxxxx"	HumanObservation	OutsideNatura2000	observation located outside Natura 2000 sites
LIFE4POLL654	2023-04-08	39.113203	26.559395	WGS84	Greece	GR	island, seaside	"visual observation|photograph|Barberis et al. (in press) ""Insect-flower interactions in the Mediterranean area: a Citizen Science dataset collated within the LIFE 4 Pollinators project"". https://doi.org/xxxxx"	HumanObservation	OutsideNatura2000	observation located outside Natura 2000 sites
LIFE4POLL655	2023-04-08*	39.113349	26.559553	WGS84	Greece	GR	island, archaeological site	"visual observation|photograph|Barberis et al. (in press) ""Insect-flower interactions in the Mediterranean area: a Citizen Science dataset collated within the LIFE 4 Pollinators project"". https://doi.org/xxxxx"	HumanObservation	OutsideNatura2000	observation located outside Natura 2000 sites
LIFE4POLL656	2023-04-08*	39.113319	26.559635	WGS84	Greece	GR	island, archaeological site	"visual observation|photograph|Barberis et al. (in press) ""Insect-flower interactions in the Mediterranean area: a Citizen Science dataset collated within the LIFE 4 Pollinators project"". https://doi.org/xxxxx"	HumanObservation	OutsideNatura2000	observation located outside Natura 2000 sites
LIFE4POLL657	2023-03-26	39.091849	26.549178	WGS84	Greece	GR	seaside, hills	"visual observation|photograph|Barberis et al. (in press) ""Insect-flower interactions in the Mediterranean area: a Citizen Science dataset collated within the LIFE 4 Pollinators project"". https://doi.org/xxxxx"	HumanObservation	OutsideNatura2000	observation located outside Natura 2000 sites
LIFE4POLL658	2023-04-08	37.508024	15.083435	WGS84	Italy	IT	urban	"visual observation|photograph|Barberis et al. (in press) ""Insect-flower interactions in the Mediterranean area: a Citizen Science dataset collated within the LIFE 4 Pollinators project"". https://doi.org/xxxxx"	HumanObservation	OutsideNatura2000	observation located outside Natura 2000 sites
LIFE4POLL659	2023-04-08	39.11266	26.560307	WGS84	Greece	GR	island, archaeological site	"visual observation|photograph|Barberis et al. (in press) ""Insect-flower interactions in the Mediterranean area: a Citizen Science dataset collated within the LIFE 4 Pollinators project"". https://doi.org/xxxxx"	HumanObservation	OutsideNatura2000	observation located outside Natura 2000 sites
LIFE4POLL660	2023-04-08	39.112697	26.560296	WGS84	Greece	GR	island, archaeological site	"visual observation|photograph|Barberis et al. (in press) ""Insect-flower interactions in the Mediterranean area: a Citizen Science dataset collated within the LIFE 4 Pollinators project"". https://doi.org/xxxxx"	HumanObservation	OutsideNatura2000	observation located outside Natura 2000 sites
LIFE4POLL661	2023-04-08	39.112722	26.560585	WGS84	Greece	GR	lowland, riverside	"visual observation|photograph|Barberis et al. (in press) ""Insect-flower interactions in the Mediterranean area: a Citizen Science dataset collated within the LIFE 4 Pollinators project"". https://doi.org/xxxxx"	HumanObservation	OutsideNatura2000	observation located outside Natura 2000 sites
LIFE4POLL662	2023-04-09*	39.112631	26.5605	WGS84	Greece	GR	seaside	"visual observation|photograph|Barberis et al. (in press) ""Insect-flower interactions in the Mediterranean area: a Citizen Science dataset collated within the LIFE 4 Pollinators project"". https://doi.org/xxxxx"	HumanObservation	OutsideNatura2000	observation located outside Natura 2000 sites
LIFE4POLL663	2023-04-09*	39.112756	26.560736	WGS84	Greece	GR	island, archaeological site	"visual observation|photograph|Barberis et al. (in press) ""Insect-flower interactions in the Mediterranean area: a Citizen Science dataset collated within the LIFE 4 Pollinators project"". https://doi.org/xxxxx"	HumanObservation	OutsideNatura2000	observation located outside Natura 2000 sites
LIFE4POLL664	2023-04-08	39.105738	26.563096	WGS84	Greece	GR	seaside	"visual observation|photograph|Barberis et al. (in press) ""Insect-flower interactions in the Mediterranean area: a Citizen Science dataset collated within the LIFE 4 Pollinators project"". https://doi.org/xxxxx"	HumanObservation	OutsideNatura2000	observation located outside Natura 2000 sites
LIFE4POLL665	2023-04-08	na	na	na	na	na	urban, seaside	"visual observation|photograph|Barberis et al. (in press) ""Insect-flower interactions in the Mediterranean area: a Citizen Science dataset collated within the LIFE 4 Pollinators project"". https://doi.org/xxxxx"	HumanObservation	na	observation without coordinates
LIFE4POLL667	2023-04-08	39.112382	26.560145	WGS84	Greece	GR	island, archaeological site	"visual observation|photograph|Barberis et al. (in press) ""Insect-flower interactions in the Mediterranean area: a Citizen Science dataset collated within the LIFE 4 Pollinators project"". https://doi.org/xxxxx"	HumanObservation	OutsideNatura2000	observation located outside Natura 2000 sites
LIFE4POLL668	2023-04-09	39.018264	26.557704	WGS84	Greece	GR	seaside	"visual observation|photograph|Barberis et al. (in press) ""Insect-flower interactions in the Mediterranean area: a Citizen Science dataset collated within the LIFE 4 Pollinators project"". https://doi.org/xxxxx"	HumanObservation	GR4110013|GR4110005	observation located in Natura 2000 sites with codes GR4110013|GR4110005
LIFE4POLL669	2023-04-09*	39.01715	26.552563	WGS84	Greece	GR	island, seaside	"visual observation|photograph|Barberis et al. (in press) ""Insect-flower interactions in the Mediterranean area: a Citizen Science dataset collated within the LIFE 4 Pollinators project"". https://doi.org/xxxxx"	HumanObservation	GR4110013|GR4110005	observation located in Natura 2000 sites with codes GR4110013|GR4110005
LIFE4POLL670	2023-04-09	39.017888	26.558909	WGS84	Greece	GR	island, seaside	"visual observation|photograph|Barberis et al. (in press) ""Insect-flower interactions in the Mediterranean area: a Citizen Science dataset collated within the LIFE 4 Pollinators project"". https://doi.org/xxxxx"	HumanObservation	GR4110013|GR4110005	observation located in Natura 2000 sites with codes GR4110013|GR4110005
LIFE4POLL671	2023-04-09	39.017402	26.551405	WGS84	Greece	GR	island, seaside	"visual observation|photograph|Barberis et al. (in press) ""Insect-flower interactions in the Mediterranean area: a Citizen Science dataset collated within the LIFE 4 Pollinators project"". https://doi.org/xxxxx"	HumanObservation	GR4110013|GR4110005	observation located in Natura 2000 sites with codes GR4110013|GR4110005
LIFE4POLL673	2023-04-08	39.112685	26.560559	WGS84	Greece	GR	seaside	"visual observation|photograph|Barberis et al. (in press) ""Insect-flower interactions in the Mediterranean area: a Citizen Science dataset collated within the LIFE 4 Pollinators project"". https://doi.org/xxxxx"	HumanObservation	OutsideNatura2000	observation located outside Natura 2000 sites
LIFE4POLL674	2023-04-09*	39.112918	26.560709	WGS84	Greece	GR	seaside	"visual observation|photograph|Barberis et al. (in press) ""Insect-flower interactions in the Mediterranean area: a Citizen Science dataset collated within the LIFE 4 Pollinators project"". https://doi.org/xxxxx"	HumanObservation	OutsideNatura2000	observation located outside Natura 2000 sites
LIFE4POLL675	2023-04-08	39.112914	26.560687	WGS84	Greece	GR	seaside	"visual observation|photograph|Barberis et al. (in press) ""Insect-flower interactions in the Mediterranean area: a Citizen Science dataset collated within the LIFE 4 Pollinators project"". https://doi.org/xxxxx"	HumanObservation	OutsideNatura2000	observation located outside Natura 2000 sites
LIFE4POLL676	2023-04-08	39.112814	26.560521	WGS84	Greece	GR	seaside	"visual observation|photograph|Barberis et al. (in press) ""Insect-flower interactions in the Mediterranean area: a Citizen Science dataset collated within the LIFE 4 Pollinators project"". https://doi.org/xxxxx"	HumanObservation	OutsideNatura2000	observation located outside Natura 2000 sites
LIFE4POLL677	2023-04-08	39.112681	26.560371	WGS84	Greece	GR	seaside	"visual observation|photograph|Barberis et al. (in press) ""Insect-flower interactions in the Mediterranean area: a Citizen Science dataset collated within the LIFE 4 Pollinators project"". https://doi.org/xxxxx"	HumanObservation	OutsideNatura2000	observation located outside Natura 2000 sites
LIFE4POLL678	2023-03-26	39.111099	26.56271	WGS84	Greece	GR	island, archaeological site	"visual observation|photograph|Barberis et al. (in press) ""Insect-flower interactions in the Mediterranean area: a Citizen Science dataset collated within the LIFE 4 Pollinators project"". https://doi.org/xxxxx"	HumanObservation	OutsideNatura2000	observation located outside Natura 2000 sites
LIFE4POLL679	2023-04-08	39.112897	26.561036	WGS84	Greece	GR	island, archaeological site	"visual observation|photograph|Barberis et al. (in press) ""Insect-flower interactions in the Mediterranean area: a Citizen Science dataset collated within the LIFE 4 Pollinators project"". https://doi.org/xxxxx"	HumanObservation	OutsideNatura2000	observation located outside Natura 2000 sites
LIFE4POLL680	2023-04-08	39.112947	26.560864	WGS84	Greece	GR	island, archaeological site	"visual observation|photograph|Barberis et al. (in press) ""Insect-flower interactions in the Mediterranean area: a Citizen Science dataset collated within the LIFE 4 Pollinators project"". https://doi.org/xxxxx"	HumanObservation	OutsideNatura2000	observation located outside Natura 2000 sites
LIFE4POLL681	2023-04-08	39.112947	26.561079	WGS84	Greece	GR	island, archaeological site	"visual observation|photograph|Barberis et al. (in press) ""Insect-flower interactions in the Mediterranean area: a Citizen Science dataset collated within the LIFE 4 Pollinators project"". https://doi.org/xxxxx"	HumanObservation	OutsideNatura2000	observation located outside Natura 2000 sites
LIFE4POLL682	2023-04-08	39.112905	26.561015	WGS84	Greece	GR	island, archaeological site	"visual observation|photograph|Barberis et al. (in press) ""Insect-flower interactions in the Mediterranean area: a Citizen Science dataset collated within the LIFE 4 Pollinators project"". https://doi.org/xxxxx"	HumanObservation	OutsideNatura2000	observation located outside Natura 2000 sites
LIFE4POLL683	2023-04-08	39.112914	26.561036	WGS84	Greece	GR	island, archaeological site	"visual observation|photograph|Barberis et al. (in press) ""Insect-flower interactions in the Mediterranean area: a Citizen Science dataset collated within the LIFE 4 Pollinators project"". https://doi.org/xxxxx"	HumanObservation	OutsideNatura2000	observation located outside Natura 2000 sites
LIFE4POLL684	2023-04-13*	44.265732	12.15457	WGS84	Italy	IT	lowland	"visual observation|photograph|Barberis et al. (in press) ""Insect-flower interactions in the Mediterranean area: a Citizen Science dataset collated within the LIFE 4 Pollinators project"". https://doi.org/xxxxx"	HumanObservation	OutsideNatura2000	observation located outside Natura 2000 sites
LIFE4POLL685	2023-04-08	39.112814	26.56065	WGS84	Greece	GR	island, archaeological site	"visual observation|photograph|Barberis et al. (in press) ""Insect-flower interactions in the Mediterranean area: a Citizen Science dataset collated within the LIFE 4 Pollinators project"". https://doi.org/xxxxx"	HumanObservation	OutsideNatura2000	observation located outside Natura 2000 sites
LIFE4POLL686	2023-04-08	39.112781	26.560607	WGS84	Greece	GR	island, archaeological site	"visual observation|photograph|Barberis et al. (in press) ""Insect-flower interactions in the Mediterranean area: a Citizen Science dataset collated within the LIFE 4 Pollinators project"". https://doi.org/xxxxx"	HumanObservation	OutsideNatura2000	observation located outside Natura 2000 sites
LIFE4POLL687	2023-04-08	39.112614	26.560822	WGS84	Greece	GR	island, archaeological site	"visual observation|photograph|Barberis et al. (in press) ""Insect-flower interactions in the Mediterranean area: a Citizen Science dataset collated within the LIFE 4 Pollinators project"". https://doi.org/xxxxx"	HumanObservation	OutsideNatura2000	observation located outside Natura 2000 sites
LIFE4POLL688	2023-04-08	39.11288	26.560864	WGS84	Greece	GR	island, archaeological site	"visual observation|photograph|Barberis et al. (in press) ""Insect-flower interactions in the Mediterranean area: a Citizen Science dataset collated within the LIFE 4 Pollinators project"". https://doi.org/xxxxx"	HumanObservation	OutsideNatura2000	observation located outside Natura 2000 sites
LIFE4POLL689	2023-04-08	39.113	26.5609	WGS84	Greece	GR	island, archaeological site	"visual observation|photograph|Barberis et al. (in press) ""Insect-flower interactions in the Mediterranean area: a Citizen Science dataset collated within the LIFE 4 Pollinators project"". https://doi.org/xxxxx"	HumanObservation	OutsideNatura2000	observation located outside Natura 2000 sites
LIFE4POLL690	2023-04-08	39.113	26.5609	WGS84	Greece	GR	island, archaeological site	"visual observation|photograph|Barberis et al. (in press) ""Insect-flower interactions in the Mediterranean area: a Citizen Science dataset collated within the LIFE 4 Pollinators project"". https://doi.org/xxxxx"	HumanObservation	OutsideNatura2000	observation located outside Natura 2000 sites
LIFE4POLL691	2023-04-08	39.113	26.5609	WGS84	Greece	GR	island, archaeological site	"visual observation|photograph|Barberis et al. (in press) ""Insect-flower interactions in the Mediterranean area: a Citizen Science dataset collated within the LIFE 4 Pollinators project"". https://doi.org/xxxxx"	HumanObservation	OutsideNatura2000	observation located outside Natura 2000 sites
LIFE4POLL692	2023-04-08	39.113	26.5609	WGS84	Greece	GR	island, archaeological site	"visual observation|photograph|Barberis et al. (in press) ""Insect-flower interactions in the Mediterranean area: a Citizen Science dataset collated within the LIFE 4 Pollinators project"". https://doi.org/xxxxx"	HumanObservation	OutsideNatura2000	observation located outside Natura 2000 sites
LIFE4POLL693	2023-04-08	39.113	26.5609	WGS84	Greece	GR	island, archaeological site	"visual observation|photograph|Barberis et al. (in press) ""Insect-flower interactions in the Mediterranean area: a Citizen Science dataset collated within the LIFE 4 Pollinators project"". https://doi.org/xxxxx"	HumanObservation	OutsideNatura2000	observation located outside Natura 2000 sites
LIFE4POLL694	2023-04-08	39.113	26.5609	WGS84	Greece	GR	island, archaeological site	"visual observation|photograph|Barberis et al. (in press) ""Insect-flower interactions in the Mediterranean area: a Citizen Science dataset collated within the LIFE 4 Pollinators project"". https://doi.org/xxxxx"	HumanObservation	OutsideNatura2000	observation located outside Natura 2000 sites
LIFE4POLL695	2023-04-08	39.113	26.5609	WGS84	Greece	GR	island, archaeological site	"visual observation|photograph|Barberis et al. (in press) ""Insect-flower interactions in the Mediterranean area: a Citizen Science dataset collated within the LIFE 4 Pollinators project"". https://doi.org/xxxxx"	HumanObservation	OutsideNatura2000	observation located outside Natura 2000 sites
LIFE4POLL696	2023-04-08	39.113	26.5609	WGS84	Greece	GR	island, archaeological site	"visual observation|photograph|Barberis et al. (in press) ""Insect-flower interactions in the Mediterranean area: a Citizen Science dataset collated within the LIFE 4 Pollinators project"". https://doi.org/xxxxx"	HumanObservation	OutsideNatura2000	observation located outside Natura 2000 sites
LIFE4POLL697	2023-04-08	39.113	26.5609	WGS84	Greece	GR	island, archaeological site	"visual observation|photograph|Barberis et al. (in press) ""Insect-flower interactions in the Mediterranean area: a Citizen Science dataset collated within the LIFE 4 Pollinators project"". https://doi.org/xxxxx"	HumanObservation	OutsideNatura2000	observation located outside Natura 2000 sites
LIFE4POLL698	2023-04-08	39.113	26.5609	WGS84	Greece	GR	island, archaeological site	"visual observation|photograph|Barberis et al. (in press) ""Insect-flower interactions in the Mediterranean area: a Citizen Science dataset collated within the LIFE 4 Pollinators project"". https://doi.org/xxxxx"	HumanObservation	OutsideNatura2000	observation located outside Natura 2000 sites
LIFE4POLL699	2023-04-08	39.113	26.5609	WGS84	Greece	GR	island, archaeological site	"visual observation|photograph|Barberis et al. (in press) ""Insect-flower interactions in the Mediterranean area: a Citizen Science dataset collated within the LIFE 4 Pollinators project"". https://doi.org/xxxxx"	HumanObservation	OutsideNatura2000	observation located outside Natura 2000 sites
LIFE4POLL700	2023-04-08	39.113	26.5609	WGS84	Greece	GR	island, archaeological site	"visual observation|photograph|Barberis et al. (in press) ""Insect-flower interactions in the Mediterranean area: a Citizen Science dataset collated within the LIFE 4 Pollinators project"". https://doi.org/xxxxx"	HumanObservation	OutsideNatura2000	observation located outside Natura 2000 sites
LIFE4POLL701	2023-04-08	39.113	26.5609	WGS84	Greece	GR	island, archaeological site	"visual observation|photograph|Barberis et al. (in press) ""Insect-flower interactions in the Mediterranean area: a Citizen Science dataset collated within the LIFE 4 Pollinators project"". https://doi.org/xxxxx"	HumanObservation	OutsideNatura2000	observation located outside Natura 2000 sites
LIFE4POLL702	2023-04-08	39.113	26.5609	WGS84	Greece	GR	island, archaeological site	"visual observation|photograph|Barberis et al. (in press) ""Insect-flower interactions in the Mediterranean area: a Citizen Science dataset collated within the LIFE 4 Pollinators project"". https://doi.org/xxxxx"	HumanObservation	OutsideNatura2000	observation located outside Natura 2000 sites
LIFE4POLL703	2023-04-08	39.113	26.5609	WGS84	Greece	GR	island, archaeological site	"visual observation|photograph|Barberis et al. (in press) ""Insect-flower interactions in the Mediterranean area: a Citizen Science dataset collated within the LIFE 4 Pollinators project"". https://doi.org/xxxxx"	HumanObservation	OutsideNatura2000	observation located outside Natura 2000 sites
LIFE4POLL704	2023-04-08	39.113	26.5609	WGS84	Greece	GR	island, archaeological site	"visual observation|photograph|Barberis et al. (in press) ""Insect-flower interactions in the Mediterranean area: a Citizen Science dataset collated within the LIFE 4 Pollinators project"". https://doi.org/xxxxx"	HumanObservation	OutsideNatura2000	observation located outside Natura 2000 sites
LIFE4POLL705	2023-04-08	39.113	26.5609	WGS84	Greece	GR	island, archaeological site	"visual observation|photograph|Barberis et al. (in press) ""Insect-flower interactions in the Mediterranean area: a Citizen Science dataset collated within the LIFE 4 Pollinators project"". https://doi.org/xxxxx"	HumanObservation	OutsideNatura2000	observation located outside Natura 2000 sites
LIFE4POLL706	2023-04-08	39.113	26.5609	WGS84	Greece	GR	island, archaeological site	"visual observation|photograph|Barberis et al. (in press) ""Insect-flower interactions in the Mediterranean area: a Citizen Science dataset collated within the LIFE 4 Pollinators project"". https://doi.org/xxxxx"	HumanObservation	OutsideNatura2000	observation located outside Natura 2000 sites
LIFE4POLL707	2023-04-08	39.113	26.5609	WGS84	Greece	GR	island, archaeological site	"visual observation|photograph|Barberis et al. (in press) ""Insect-flower interactions in the Mediterranean area: a Citizen Science dataset collated within the LIFE 4 Pollinators project"". https://doi.org/xxxxx"	HumanObservation	OutsideNatura2000	observation located outside Natura 2000 sites
LIFE4POLL708	2023-04-08	39.113	26.5609	WGS84	Greece	GR	island, archaeological site	"visual observation|photograph|Barberis et al. (in press) ""Insect-flower interactions in the Mediterranean area: a Citizen Science dataset collated within the LIFE 4 Pollinators project"". https://doi.org/xxxxx"	HumanObservation	OutsideNatura2000	observation located outside Natura 2000 sites
LIFE4POLL709	2023-04-08	39.113	26.5609	WGS84	Greece	GR	island, archaeological site	"visual observation|photograph|Barberis et al. (in press) ""Insect-flower interactions in the Mediterranean area: a Citizen Science dataset collated within the LIFE 4 Pollinators project"". https://doi.org/xxxxx"	HumanObservation	OutsideNatura2000	observation located outside Natura 2000 sites
LIFE4POLL710	2023-04-08	39.113	26.5609	WGS84	Greece	GR	island, archaeological site	"visual observation|photograph|Barberis et al. (in press) ""Insect-flower interactions in the Mediterranean area: a Citizen Science dataset collated within the LIFE 4 Pollinators project"". https://doi.org/xxxxx"	HumanObservation	OutsideNatura2000	observation located outside Natura 2000 sites
LIFE4POLL711	2023-04-08	39.113	26.5609	WGS84	Greece	GR	island, archaeological site	"visual observation|photograph|Barberis et al. (in press) ""Insect-flower interactions in the Mediterranean area: a Citizen Science dataset collated within the LIFE 4 Pollinators project"". https://doi.org/xxxxx"	HumanObservation	OutsideNatura2000	observation located outside Natura 2000 sites
LIFE4POLL712	2023-04-08	39.113	26.5609	WGS84	Greece	GR	island, archaeological site	"visual observation|photograph|Barberis et al. (in press) ""Insect-flower interactions in the Mediterranean area: a Citizen Science dataset collated within the LIFE 4 Pollinators project"". https://doi.org/xxxxx"	HumanObservation	OutsideNatura2000	observation located outside Natura 2000 sites
LIFE4POLL713	2023-04-08	39.113	26.5609	WGS84	Greece	GR	island, archaeological site	"visual observation|photograph|Barberis et al. (in press) ""Insect-flower interactions in the Mediterranean area: a Citizen Science dataset collated within the LIFE 4 Pollinators project"". https://doi.org/xxxxx"	HumanObservation	OutsideNatura2000	observation located outside Natura 2000 sites
LIFE4POLL714	2023-04-08	39.113	26.5609	WGS84	Greece	GR	island, archaeological site	"visual observation|photograph|Barberis et al. (in press) ""Insect-flower interactions in the Mediterranean area: a Citizen Science dataset collated within the LIFE 4 Pollinators project"". https://doi.org/xxxxx"	HumanObservation	OutsideNatura2000	observation located outside Natura 2000 sites
LIFE4POLL715	2023-04-08	39.113	26.5609	WGS84	Greece	GR	island, archaeological site	"visual observation|photograph|Barberis et al. (in press) ""Insect-flower interactions in the Mediterranean area: a Citizen Science dataset collated within the LIFE 4 Pollinators project"". https://doi.org/xxxxx"	HumanObservation	OutsideNatura2000	observation located outside Natura 2000 sites
LIFE4POLL716	2023-04-08	39.113	26.5609	WGS84	Greece	GR	island, archaeological site	"visual observation|photograph|Barberis et al. (in press) ""Insect-flower interactions in the Mediterranean area: a Citizen Science dataset collated within the LIFE 4 Pollinators project"". https://doi.org/xxxxx"	HumanObservation	OutsideNatura2000	observation located outside Natura 2000 sites
LIFE4POLL717	2023-04-08	39.113	26.5609	WGS84	Greece	GR	island, archaeological site	"visual observation|photograph|Barberis et al. (in press) ""Insect-flower interactions in the Mediterranean area: a Citizen Science dataset collated within the LIFE 4 Pollinators project"". https://doi.org/xxxxx"	HumanObservation	OutsideNatura2000	observation located outside Natura 2000 sites
LIFE4POLL718	2023-04-08	39.113	26.5609	WGS84	Greece	GR	island, archaeological site	"visual observation|photograph|Barberis et al. (in press) ""Insect-flower interactions in the Mediterranean area: a Citizen Science dataset collated within the LIFE 4 Pollinators project"". https://doi.org/xxxxx"	HumanObservation	OutsideNatura2000	observation located outside Natura 2000 sites
LIFE4POLL719	2023-04-08	39.113	26.5609	WGS84	Greece	GR	island, archaeological site	"visual observation|photograph|Barberis et al. (in press) ""Insect-flower interactions in the Mediterranean area: a Citizen Science dataset collated within the LIFE 4 Pollinators project"". https://doi.org/xxxxx"	HumanObservation	OutsideNatura2000	observation located outside Natura 2000 sites
LIFE4POLL722	2023-04-16	37.503938	15.052643	WGS84	Italy	IT	urban	"visual observation|photograph|Barberis et al. (in press) ""Insect-flower interactions in the Mediterranean area: a Citizen Science dataset collated within the LIFE 4 Pollinators project"". https://doi.org/xxxxx"	HumanObservation	OutsideNatura2000	observation located outside Natura 2000 sites
LIFE4POLL723	2023-04-16*	45.579308	9.546913	WGS84	Italy	IT	lowland	"visual observation|photograph|Barberis et al. (in press) ""Insect-flower interactions in the Mediterranean area: a Citizen Science dataset collated within the LIFE 4 Pollinators project"". https://doi.org/xxxxx"	HumanObservation	OutsideNatura2000	observation located outside Natura 2000 sites
LIFE4POLL724	2023-04-16*	45.579264	9.54683	WGS84	Italy	IT	urban, lowland	"visual observation|photograph|Barberis et al. (in press) ""Insect-flower interactions in the Mediterranean area: a Citizen Science dataset collated within the LIFE 4 Pollinators project"". https://doi.org/xxxxx"	HumanObservation	OutsideNatura2000	observation located outside Natura 2000 sites
LIFE4POLL725	2023-04-16*	45.579345	9.547066	WGS84	Italy	IT	urban, lowland	"visual observation|photograph|Barberis et al. (in press) ""Insect-flower interactions in the Mediterranean area: a Citizen Science dataset collated within the LIFE 4 Pollinators project"". https://doi.org/xxxxx"	HumanObservation	OutsideNatura2000	observation located outside Natura 2000 sites
LIFE4POLL726	2023-04-18*	39.009217	26.530437	WGS84	Greece	GR	island	"visual observation|photograph|Barberis et al. (in press) ""Insect-flower interactions in the Mediterranean area: a Citizen Science dataset collated within the LIFE 4 Pollinators project"". https://doi.org/xxxxx"	HumanObservation	GR4110013|GR4110005	observation located in Natura 2000 sites with codes GR4110013|GR4110005
LIFE4POLL727	2023-04-18*	39.006552	26.420586	WGS84	Greece	GR	island, lowland	"visual observation|photograph|Barberis et al. (in press) ""Insect-flower interactions in the Mediterranean area: a Citizen Science dataset collated within the LIFE 4 Pollinators project"". https://doi.org/xxxxx"	HumanObservation	OutsideNatura2000	observation located outside Natura 2000 sites
LIFE4POLL728	2023-04-18*	na	na	na	na	na	hills	"visual observation|photograph|Barberis et al. (in press) ""Insect-flower interactions in the Mediterranean area: a Citizen Science dataset collated within the LIFE 4 Pollinators project"". https://doi.org/xxxxx"	HumanObservation	na	observation without coordinates
LIFE4POLL729	2023-04-19	37.515683	15.083976	WGS84	Italy	IT	urban	"visual observation|photograph|Barberis et al. (in press) ""Insect-flower interactions in the Mediterranean area: a Citizen Science dataset collated within the LIFE 4 Pollinators project"". https://doi.org/xxxxx"	HumanObservation	OutsideNatura2000	observation located outside Natura 2000 sites
LIFE4POLL730	2023-04-19	37.515653	15.083933	WGS84	Italy	IT	urban	"visual observation|photograph|Barberis et al. (in press) ""Insect-flower interactions in the Mediterranean area: a Citizen Science dataset collated within the LIFE 4 Pollinators project"". https://doi.org/xxxxx"	HumanObservation	OutsideNatura2000	observation located outside Natura 2000 sites
LIFE4POLL731	2023-04-19	37.515666	15.083966	WGS84	Italy	IT	urban	"visual observation|photograph|Barberis et al. (in press) ""Insect-flower interactions in the Mediterranean area: a Citizen Science dataset collated within the LIFE 4 Pollinators project"". https://doi.org/xxxxx"	HumanObservation	OutsideNatura2000	observation located outside Natura 2000 sites
LIFE4POLL732	2023-04-19	37.515692	15.083933	WGS84	Italy	IT	urban	"visual observation|photograph|Barberis et al. (in press) ""Insect-flower interactions in the Mediterranean area: a Citizen Science dataset collated within the LIFE 4 Pollinators project"". https://doi.org/xxxxx"	HumanObservation	OutsideNatura2000	observation located outside Natura 2000 sites
LIFE4POLL733	2023-04-19	37.515704	15.084051	WGS84	Italy	IT	urban	"visual observation|photograph|Barberis et al. (in press) ""Insect-flower interactions in the Mediterranean area: a Citizen Science dataset collated within the LIFE 4 Pollinators project"". https://doi.org/xxxxx"	HumanObservation	OutsideNatura2000	observation located outside Natura 2000 sites
LIFE4POLL734	2023-04-19	37.515726	15.083928	WGS84	Italy	IT	urban	"visual observation|photograph|Barberis et al. (in press) ""Insect-flower interactions in the Mediterranean area: a Citizen Science dataset collated within the LIFE 4 Pollinators project"". https://doi.org/xxxxx"	HumanObservation	OutsideNatura2000	observation located outside Natura 2000 sites
LIFE4POLL735	2023-04-20*	44.8	10.4	WGS84	Italy	IT	lowland	"visual observation|photograph|Barberis et al. (in press) ""Insect-flower interactions in the Mediterranean area: a Citizen Science dataset collated within the LIFE 4 Pollinators project"". https://doi.org/xxxxx"	HumanObservation	OutsideNatura2000	observation located outside Natura 2000 sites
LIFE4POLL736	2023-04-21	39.112889	26.560107	WGS84	Greece	GR	island, archaeological site	"visual observation|photograph|Barberis et al. (in press) ""Insect-flower interactions in the Mediterranean area: a Citizen Science dataset collated within the LIFE 4 Pollinators project"". https://doi.org/xxxxx"	HumanObservation	OutsideNatura2000	observation located outside Natura 2000 sites
LIFE4POLL737	2023-04-21	39.112888	26.560111	WGS84	Greece	GR	island, archaeological site	"visual observation|photograph|Barberis et al. (in press) ""Insect-flower interactions in the Mediterranean area: a Citizen Science dataset collated within the LIFE 4 Pollinators project"". https://doi.org/xxxxx"	HumanObservation	OutsideNatura2000	observation located outside Natura 2000 sites
LIFE4POLL738	2023-04-21	39.112731	26.5605	WGS84	Greece	GR	island, archaeological site	"visual observation|photograph|Barberis et al. (in press) ""Insect-flower interactions in the Mediterranean area: a Citizen Science dataset collated within the LIFE 4 Pollinators project"". https://doi.org/xxxxx"	HumanObservation	OutsideNatura2000	observation located outside Natura 2000 sites
LIFE4POLL739	2023-04-21	39.111106	26.558461	WGS84	Greece	GR	urban	"visual observation|photograph|Barberis et al. (in press) ""Insect-flower interactions in the Mediterranean area: a Citizen Science dataset collated within the LIFE 4 Pollinators project"". https://doi.org/xxxxx"	HumanObservation	OutsideNatura2000	observation located outside Natura 2000 sites
LIFE4POLL740	2023-04-21	39.111116	26.558456	WGS84	Greece	GR	urban	"visual observation|photograph|Barberis et al. (in press) ""Insect-flower interactions in the Mediterranean area: a Citizen Science dataset collated within the LIFE 4 Pollinators project"". https://doi.org/xxxxx"	HumanObservation	OutsideNatura2000	observation located outside Natura 2000 sites
LIFE4POLL741	2023-04-21	39.111103	26.558455	WGS84	Greece	GR	island, urban	"visual observation|photograph|Barberis et al. (in press) ""Insect-flower interactions in the Mediterranean area: a Citizen Science dataset collated within the LIFE 4 Pollinators project"". https://doi.org/xxxxx"	HumanObservation	OutsideNatura2000	observation located outside Natura 2000 sites
LIFE4POLL742	2023-04-22	39.111124	26.558453	WGS84	Greece	GR	island, urban	"visual observation|photograph|Barberis et al. (in press) ""Insect-flower interactions in the Mediterranean area: a Citizen Science dataset collated within the LIFE 4 Pollinators project"". https://doi.org/xxxxx"	HumanObservation	OutsideNatura2000	observation located outside Natura 2000 sites
LIFE4POLL743	2023-04-22	39.112596	26.559913	WGS84	Greece	GR	island, archaeological site	"visual observation|photograph|Barberis et al. (in press) ""Insect-flower interactions in the Mediterranean area: a Citizen Science dataset collated within the LIFE 4 Pollinators project"". https://doi.org/xxxxx"	HumanObservation	OutsideNatura2000	observation located outside Natura 2000 sites
LIFE4POLL744	2023-04-22	39.111099	26.558441	WGS84	Greece	GR	island, urban	"visual observation|photograph|Barberis et al. (in press) ""Insect-flower interactions in the Mediterranean area: a Citizen Science dataset collated within the LIFE 4 Pollinators project"". https://doi.org/xxxxx"	HumanObservation	OutsideNatura2000	observation located outside Natura 2000 sites
LIFE4POLL745	2023-04-21	39.112807	26.560169	WGS84	Greece	GR	island, archaeological site	"visual observation|photograph|Barberis et al. (in press) ""Insect-flower interactions in the Mediterranean area: a Citizen Science dataset collated within the LIFE 4 Pollinators project"". https://doi.org/xxxxx"	HumanObservation	OutsideNatura2000	observation located outside Natura 2000 sites
LIFE4POLL746	2023-04-21	39.112459	26.560441	WGS84	Greece	GR	island, archaeological site	"visual observation|photograph|Barberis et al. (in press) ""Insect-flower interactions in the Mediterranean area: a Citizen Science dataset collated within the LIFE 4 Pollinators project"". https://doi.org/xxxxx"	HumanObservation	OutsideNatura2000	observation located outside Natura 2000 sites
LIFE4POLL747	2023-04-22*	39.112632	26.560021	WGS84	Greece	GR	island, archaeological site	"visual observation|photograph|Barberis et al. (in press) ""Insect-flower interactions in the Mediterranean area: a Citizen Science dataset collated within the LIFE 4 Pollinators project"". https://doi.org/xxxxx"	HumanObservation	OutsideNatura2000	observation located outside Natura 2000 sites
LIFE4POLL748	2023-04-21	39.113203	26.560695	WGS84	Greece	GR	island, archaeological site	"visual observation|photograph|Barberis et al. (in press) ""Insect-flower interactions in the Mediterranean area: a Citizen Science dataset collated within the LIFE 4 Pollinators project"". https://doi.org/xxxxx"	HumanObservation	OutsideNatura2000	observation located outside Natura 2000 sites
LIFE4POLL749	2023-04-21	39.113163	26.56068	WGS84	Greece	GR	island, archaeological site	"visual observation|photograph|Barberis et al. (in press) ""Insect-flower interactions in the Mediterranean area: a Citizen Science dataset collated within the LIFE 4 Pollinators project"". https://doi.org/xxxxx"	HumanObservation	OutsideNatura2000	observation located outside Natura 2000 sites
LIFE4POLL750	2023-04-21	39.112667	26.560301	WGS84	Greece	GR	island, archaeological site	"visual observation|photograph|Barberis et al. (in press) ""Insect-flower interactions in the Mediterranean area: a Citizen Science dataset collated within the LIFE 4 Pollinators project"". https://doi.org/xxxxx"	HumanObservation	OutsideNatura2000	observation located outside Natura 2000 sites
LIFE4POLL751	2023-04-21	39.112603	26.560181	WGS84	Greece	GR	island, archaeological site	"visual observation|photograph|Barberis et al. (in press) ""Insect-flower interactions in the Mediterranean area: a Citizen Science dataset collated within the LIFE 4 Pollinators project"". https://doi.org/xxxxx"	HumanObservation	OutsideNatura2000	observation located outside Natura 2000 sites
LIFE4POLL752	2023-04-21	39.112596	26.559913	WGS84	Greece	GR	island, archaeological site	"visual observation|photograph|Barberis et al. (in press) ""Insect-flower interactions in the Mediterranean area: a Citizen Science dataset collated within the LIFE 4 Pollinators project"". https://doi.org/xxxxx"	HumanObservation	OutsideNatura2000	observation located outside Natura 2000 sites
LIFE4POLL753	2023-04-21	39.113036	26.561217	WGS84	Greece	GR	island, archaeological site	"visual observation|photograph|Barberis et al. (in press) ""Insect-flower interactions in the Mediterranean area: a Citizen Science dataset collated within the LIFE 4 Pollinators project"". https://doi.org/xxxxx"	HumanObservation	OutsideNatura2000	observation located outside Natura 2000 sites
LIFE4POLL754	2023-04-22	39.111169	26.558498	WGS84	Greece	GR	island, urban	"visual observation|photograph|Barberis et al. (in press) ""Insect-flower interactions in the Mediterranean area: a Citizen Science dataset collated within the LIFE 4 Pollinators project"". https://doi.org/xxxxx"	HumanObservation	OutsideNatura2000	observation located outside Natura 2000 sites
LIFE4POLL755	2023-04-22	39.111182	26.558515	WGS84	Greece	GR	island, urban	"visual observation|photograph|Barberis et al. (in press) ""Insect-flower interactions in the Mediterranean area: a Citizen Science dataset collated within the LIFE 4 Pollinators project"". https://doi.org/xxxxx"	HumanObservation	OutsideNatura2000	observation located outside Natura 2000 sites
LIFE4POLL758	2023-04-21	39.112799	26.561365	WGS84	Greece	GR	island, archaeological site	"visual observation|photograph|Barberis et al. (in press) ""Insect-flower interactions in the Mediterranean area: a Citizen Science dataset collated within the LIFE 4 Pollinators project"". https://doi.org/xxxxx"	HumanObservation	OutsideNatura2000	observation located outside Natura 2000 sites
LIFE4POLL759	2023-04-21	39.112992	26.560874	WGS84	Greece	GR	island, archaeological site	"visual observation|photograph|Barberis et al. (in press) ""Insect-flower interactions in the Mediterranean area: a Citizen Science dataset collated within the LIFE 4 Pollinators project"". https://doi.org/xxxxx"	HumanObservation	OutsideNatura2000	observation located outside Natura 2000 sites
LIFE4POLL760	2023-04-21	39.113017	26.560835	WGS84	Greece	GR	island, archaeological site	"visual observation|photograph|Barberis et al. (in press) ""Insect-flower interactions in the Mediterranean area: a Citizen Science dataset collated within the LIFE 4 Pollinators project"". https://doi.org/xxxxx"	HumanObservation	OutsideNatura2000	observation located outside Natura 2000 sites
LIFE4POLL761	2023-04-21	39.113163	26.560773	WGS84	Greece	GR	island, archaeological site	"visual observation|photograph|Barberis et al. (in press) ""Insect-flower interactions in the Mediterranean area: a Citizen Science dataset collated within the LIFE 4 Pollinators project"". https://doi.org/xxxxx"	HumanObservation	OutsideNatura2000	observation located outside Natura 2000 sites
LIFE4POLL762	2023-04-21	39.112986	26.560751	WGS84	Greece	GR	island, archaeological site	"visual observation|photograph|Barberis et al. (in press) ""Insect-flower interactions in the Mediterranean area: a Citizen Science dataset collated within the LIFE 4 Pollinators project"". https://doi.org/xxxxx"	HumanObservation	OutsideNatura2000	observation located outside Natura 2000 sites
LIFE4POLL763	2023-04-21	39.113005	26.560744	WGS84	Greece	GR	island, archaeological site	"visual observation|photograph|Barberis et al. (in press) ""Insect-flower interactions in the Mediterranean area: a Citizen Science dataset collated within the LIFE 4 Pollinators project"". https://doi.org/xxxxx"	HumanObservation	OutsideNatura2000	observation located outside Natura 2000 sites
LIFE4POLL764	2023-04-21	39.112932	26.560837	WGS84	Greece	GR	island, archaeological site	"visual observation|photograph|Barberis et al. (in press) ""Insect-flower interactions in the Mediterranean area: a Citizen Science dataset collated within the LIFE 4 Pollinators project"". https://doi.org/xxxxx"	HumanObservation	OutsideNatura2000	observation located outside Natura 2000 sites
LIFE4POLL765	2023-04-21	39.112974	26.560859	WGS84	Greece	GR	island, archaeological site	"visual observation|photograph|Barberis et al. (in press) ""Insect-flower interactions in the Mediterranean area: a Citizen Science dataset collated within the LIFE 4 Pollinators project"". https://doi.org/xxxxx"	HumanObservation	OutsideNatura2000	observation located outside Natura 2000 sites
LIFE4POLL766	2023-04-21	39.113026	26.560754	WGS84	Greece	GR	island, archaeological site	"visual observation|photograph|Barberis et al. (in press) ""Insect-flower interactions in the Mediterranean area: a Citizen Science dataset collated within the LIFE 4 Pollinators project"". https://doi.org/xxxxx"	HumanObservation	OutsideNatura2000	observation located outside Natura 2000 sites
LIFE4POLL767	2023-04-21	39.11298	26.560851	WGS84	Greece	GR	island, archaeological site	"visual observation|photograph|Barberis et al. (in press) ""Insect-flower interactions in the Mediterranean area: a Citizen Science dataset collated within the LIFE 4 Pollinators project"". https://doi.org/xxxxx"	HumanObservation	OutsideNatura2000	observation located outside Natura 2000 sites
LIFE4POLL768	2023-04-23	37.30147	15.050755	WGS84	Italy	IT	urban	"visual observation|photograph|Barberis et al. (in press) ""Insect-flower interactions in the Mediterranean area: a Citizen Science dataset collated within the LIFE 4 Pollinators project"". https://doi.org/xxxxx"	HumanObservation	OutsideNatura2000	observation located outside Natura 2000 sites
LIFE4POLL769	2023-04-27	39.09104	26.554972	WGS84	Greece	GR	urban	"visual observation|photograph|Barberis et al. (in press) ""Insect-flower interactions in the Mediterranean area: a Citizen Science dataset collated within the LIFE 4 Pollinators project"". https://doi.org/xxxxx"	HumanObservation	OutsideNatura2000	observation located outside Natura 2000 sites
LIFE4POLL770	2023-04-27	44.516277	11.393123	WGS84	Italy	IT	lowland, periurban	"visual observation|photograph|Barberis et al. (in press) ""Insect-flower interactions in the Mediterranean area: a Citizen Science dataset collated within the LIFE 4 Pollinators project"". https://doi.org/xxxxx"	HumanObservation	OutsideNatura2000	observation located outside Natura 2000 sites
LIFE4POLL771	2023-04-27	44.501801	11.415653	WGS84	Italy	IT	periurban	"visual observation|photograph|Barberis et al. (in press) ""Insect-flower interactions in the Mediterranean area: a Citizen Science dataset collated within the LIFE 4 Pollinators project"". https://doi.org/xxxxx"	HumanObservation	OutsideNatura2000	observation located outside Natura 2000 sites
LIFE4POLL772	2023-04-27	44.500179	11.415138	WGS84	Italy	IT	periurban	"visual observation|photograph|Barberis et al. (in press) ""Insect-flower interactions in the Mediterranean area: a Citizen Science dataset collated within the LIFE 4 Pollinators project"". https://doi.org/xxxxx"	HumanObservation	OutsideNatura2000	observation located outside Natura 2000 sites
LIFE4POLL773	2023-04-27	44.501219	11.415353	WGS84	Italy	IT	periurban	"visual observation|photograph|Barberis et al. (in press) ""Insect-flower interactions in the Mediterranean area: a Citizen Science dataset collated within the LIFE 4 Pollinators project"". https://doi.org/xxxxx"	HumanObservation	OutsideNatura2000	observation located outside Natura 2000 sites
LIFE4POLL774	2023-04-14	44.473359	11.392608	WGS84	Italy	IT	urban	"visual observation|photograph|Barberis et al. (in press) ""Insect-flower interactions in the Mediterranean area: a Citizen Science dataset collated within the LIFE 4 Pollinators project"". https://doi.org/xxxxx"	HumanObservation	OutsideNatura2000	observation located outside Natura 2000 sites
LIFE4POLL775	2023-04-30	40.508398	23.081565	WGS84	Greece	GR	lowland	"visual observation|photograph|Barberis et al. (in press) ""Insect-flower interactions in the Mediterranean area: a Citizen Science dataset collated within the LIFE 4 Pollinators project"". https://doi.org/xxxxx"	HumanObservation	OutsideNatura2000	observation located outside Natura 2000 sites
LIFE4POLL776	2023-04-29	37.695027	15.107274	WGS84	Italy	IT	urban	"visual observation|photograph|Barberis et al. (in press) ""Insect-flower interactions in the Mediterranean area: a Citizen Science dataset collated within the LIFE 4 Pollinators project"". https://doi.org/xxxxx"	HumanObservation	OutsideNatura2000	observation located outside Natura 2000 sites
LIFE4POLL777	2023-04-29	43.825823	12.939905	WGS84	Italy	IT	hills	"visual observation|photograph|Barberis et al. (in press) ""Insect-flower interactions in the Mediterranean area: a Citizen Science dataset collated within the LIFE 4 Pollinators project"". https://doi.org/xxxxx"	HumanObservation	OutsideNatura2000	observation located outside Natura 2000 sites
LIFE4POLL778	2023-04-26	43.63383	12.760925	WGS84	Italy	IT	mountain	"visual observation|photograph|Barberis et al. (in press) ""Insect-flower interactions in the Mediterranean area: a Citizen Science dataset collated within the LIFE 4 Pollinators project"". https://doi.org/xxxxx"	HumanObservation	IT5310029|IT5310016	observation located in Natura 2000 sites with codes IT5310029|IT5310016
LIFE4POLL779	2023-04-28	43.825629	12.939512	WGS84	Italy	IT	hills	"visual observation|photograph|Barberis et al. (in press) ""Insect-flower interactions in the Mediterranean area: a Citizen Science dataset collated within the LIFE 4 Pollinators project"". https://doi.org/xxxxx"	HumanObservation	OutsideNatura2000	observation located outside Natura 2000 sites
LIFE4POLL780	2023-04-26	43.627019	12.748362	WGS84	Italy	IT	mountain	"visual observation|photograph|Barberis et al. (in press) ""Insect-flower interactions in the Mediterranean area: a Citizen Science dataset collated within the LIFE 4 Pollinators project"". https://doi.org/xxxxx"	HumanObservation	IT5310029|IT5310016	observation located in Natura 2000 sites with codes IT5310029|IT5310016
LIFE4POLL781	2023-05-01	37.045694	25.127887	WGS84	Greece	GR	hills	"visual observation|photograph|Barberis et al. (in press) ""Insect-flower interactions in the Mediterranean area: a Citizen Science dataset collated within the LIFE 4 Pollinators project"". https://doi.org/xxxxx"	HumanObservation	GR4220016	observation located in Natura 2000 site with code GR4220016
LIFE4POLL782	2023-05-01	37.045065	25.12734	WGS84	Greece	GR	hills	"visual observation|photograph|Barberis et al. (in press) ""Insect-flower interactions in the Mediterranean area: a Citizen Science dataset collated within the LIFE 4 Pollinators project"". https://doi.org/xxxxx"	HumanObservation	GR4220016	observation located in Natura 2000 site with code GR4220016
LIFE4POLL783	2023-05-01	37.044881	25.128659	WGS84	Greece	GR	hills	"visual observation|photograph|Barberis et al. (in press) ""Insect-flower interactions in the Mediterranean area: a Citizen Science dataset collated within the LIFE 4 Pollinators project"". https://doi.org/xxxxx"	HumanObservation	GR4220016	observation located in Natura 2000 site with code GR4220016
LIFE4POLL784	2023-05-01	37.051446	25.130374	WGS84	Greece	GR	hills	"visual observation|photograph|Barberis et al. (in press) ""Insect-flower interactions in the Mediterranean area: a Citizen Science dataset collated within the LIFE 4 Pollinators project"". https://doi.org/xxxxx"	HumanObservation	ES1120010	observation located in Natura 2000 site with code ES1120010
LIFE4POLL785	2023-05-01	37.30147	15.050755	WGS84	Italy	IT	urban	"visual observation|photograph|Barberis et al. (in press) ""Insect-flower interactions in the Mediterranean area: a Citizen Science dataset collated within the LIFE 4 Pollinators project"". https://doi.org/xxxxx"	HumanObservation	OutsideNatura2000	observation located outside Natura 2000 sites
LIFE4POLL786	2023-05-01	37.303006	15.057793	WGS84	Italy	IT	urban	"visual observation|photograph|Barberis et al. (in press) ""Insect-flower interactions in the Mediterranean area: a Citizen Science dataset collated within the LIFE 4 Pollinators project"". https://doi.org/xxxxx"	HumanObservation	OutsideNatura2000	observation located outside Natura 2000 sites
LIFE4POLL787	2023-05-01	37.303279	15.058093	WGS84	Italy	IT	urban	"visual observation|photograph|Barberis et al. (in press) ""Insect-flower interactions in the Mediterranean area: a Citizen Science dataset collated within the LIFE 4 Pollinators project"". https://doi.org/xxxxx"	HumanObservation	OutsideNatura2000	observation located outside Natura 2000 sites
LIFE4POLL788	2023-05-01	37.302904	15.058007	WGS84	Italy	IT	urban	"visual observation|photograph|Barberis et al. (in press) ""Insect-flower interactions in the Mediterranean area: a Citizen Science dataset collated within the LIFE 4 Pollinators project"". https://doi.org/xxxxx"	HumanObservation	OutsideNatura2000	observation located outside Natura 2000 sites
LIFE4POLL789	2023-04-21	39.112627	26.560054	WGS84	Greece	GR	island, archaeological site	"visual observation|photograph|Barberis et al. (in press) ""Insect-flower interactions in the Mediterranean area: a Citizen Science dataset collated within the LIFE 4 Pollinators project"". https://doi.org/xxxxx"	HumanObservation	OutsideNatura2000	observation located outside Natura 2000 sites
LIFE4POLL790	2023-04-21	39.112631	26.560081	WGS84	Greece	GR	island, archaeological site	"visual observation|photograph|Barberis et al. (in press) ""Insect-flower interactions in the Mediterranean area: a Citizen Science dataset collated within the LIFE 4 Pollinators project"". https://doi.org/xxxxx"	HumanObservation	OutsideNatura2000	observation located outside Natura 2000 sites
LIFE4POLL791	2023-04-21	39.112622	26.560119	WGS84	Greece	GR	island, archaeological site	"visual observation|photograph|Barberis et al. (in press) ""Insect-flower interactions in the Mediterranean area: a Citizen Science dataset collated within the LIFE 4 Pollinators project"". https://doi.org/xxxxx"	HumanObservation	OutsideNatura2000	observation located outside Natura 2000 sites
LIFE4POLL792	2023-04-21	39.112627	26.560135	WGS84	Greece	GR	island, archaeological site	"visual observation|photograph|Barberis et al. (in press) ""Insect-flower interactions in the Mediterranean area: a Citizen Science dataset collated within the LIFE 4 Pollinators project"". https://doi.org/xxxxx"	HumanObservation	OutsideNatura2000	observation located outside Natura 2000 sites
LIFE4POLL793	2023-04-21	39.112622	26.560156	WGS84	Greece	GR	island, archaeological site	"visual observation|photograph|Barberis et al. (in press) ""Insect-flower interactions in the Mediterranean area: a Citizen Science dataset collated within the LIFE 4 Pollinators project"". https://doi.org/xxxxx"	HumanObservation	OutsideNatura2000	observation located outside Natura 2000 sites
LIFE4POLL794	2023-04-21	39.112464	26.560071	WGS84	Greece	GR	island, archaeological site	"visual observation|photograph|Barberis et al. (in press) ""Insect-flower interactions in the Mediterranean area: a Citizen Science dataset collated within the LIFE 4 Pollinators project"". https://doi.org/xxxxx"	HumanObservation	OutsideNatura2000	observation located outside Natura 2000 sites
LIFE4POLL795	2023-04-21	39.112381	26.560049	WGS84	Greece	GR	island, archaeological site	"visual observation|photograph|Barberis et al. (in press) ""Insect-flower interactions in the Mediterranean area: a Citizen Science dataset collated within the LIFE 4 Pollinators project"". https://doi.org/xxxxx"	HumanObservation	OutsideNatura2000	observation located outside Natura 2000 sites
LIFE4POLL796	2023-04-21	39.112464	26.560028	WGS84	Greece	GR	island, archaeological site	"visual observation|photograph|Barberis et al. (in press) ""Insect-flower interactions in the Mediterranean area: a Citizen Science dataset collated within the LIFE 4 Pollinators project"". https://doi.org/xxxxx"	HumanObservation	OutsideNatura2000	observation located outside Natura 2000 sites
LIFE4POLL797	2023-04-21	39.112448	26.560092	WGS84	Greece	GR	island, archaeological site	"visual observation|photograph|Barberis et al. (in press) ""Insect-flower interactions in the Mediterranean area: a Citizen Science dataset collated within the LIFE 4 Pollinators project"". https://doi.org/xxxxx"	HumanObservation	OutsideNatura2000	observation located outside Natura 2000 sites
LIFE4POLL798	2023-04-21	39.112414	26.560028	WGS84	Greece	GR	island, archaeological site	"visual observation|photograph|Barberis et al. (in press) ""Insect-flower interactions in the Mediterranean area: a Citizen Science dataset collated within the LIFE 4 Pollinators project"". https://doi.org/xxxxx"	HumanObservation	OutsideNatura2000	observation located outside Natura 2000 sites
LIFE4POLL799	2023-04-21	39.112439	26.560049	WGS84	Greece	GR	island, archaeological site	"visual observation|photograph|Barberis et al. (in press) ""Insect-flower interactions in the Mediterranean area: a Citizen Science dataset collated within the LIFE 4 Pollinators project"". https://doi.org/xxxxx"	HumanObservation	OutsideNatura2000	observation located outside Natura 2000 sites
LIFE4POLL800	2023-04-14	39.173905	26.50319	WGS84	Greece	GR	hills	"visual observation|photograph|Barberis et al. (in press) ""Insect-flower interactions in the Mediterranean area: a Citizen Science dataset collated within the LIFE 4 Pollinators project"". https://doi.org/xxxxx"	HumanObservation	OutsideNatura2000	observation located outside Natura 2000 sites
LIFE4POLL801	2023-04-17	44.479687	11.32061	WGS84	Italy	IT	hills	"visual observation|photograph|Barberis et al. (in press) ""Insect-flower interactions in the Mediterranean area: a Citizen Science dataset collated within the LIFE 4 Pollinators project"". https://doi.org/xxxxx"	HumanObservation	OutsideNatura2000	observation located outside Natura 2000 sites
LIFE4POLL802	2023-05-06*	37.756067	24.941009	WGS84	Greece	GR	island, lowland	"visual observation|photograph|Barberis et al. (in press) ""Insect-flower interactions in the Mediterranean area: a Citizen Science dataset collated within the LIFE 4 Pollinators project"". https://doi.org/xxxxx"	HumanObservation	OutsideNatura2000	observation located outside Natura 2000 sites
LIFE4POLL803	2023-05-06*	37.756067	24.941009	WGS84	Greece	GR	island, lowland	"visual observation|photograph|Barberis et al. (in press) ""Insect-flower interactions in the Mediterranean area: a Citizen Science dataset collated within the LIFE 4 Pollinators project"". https://doi.org/xxxxx"	HumanObservation	OutsideNatura2000	observation located outside Natura 2000 sites
LIFE4POLL807	2023-05-06*	37.756067	24.941009	WGS84	Greece	GR	island, lowland	"visual observation|photograph|Barberis et al. (in press) ""Insect-flower interactions in the Mediterranean area: a Citizen Science dataset collated within the LIFE 4 Pollinators project"". https://doi.org/xxxxx"	HumanObservation	OutsideNatura2000	observation located outside Natura 2000 sites
LIFE4POLL810	2023-05-06	37.757547	24.935927	WGS84	Greece	GR	urban, mountain	"visual observation|photograph|Barberis et al. (in press) ""Insect-flower interactions in the Mediterranean area: a Citizen Science dataset collated within the LIFE 4 Pollinators project"". https://doi.org/xxxxx"	HumanObservation	OutsideNatura2000	observation located outside Natura 2000 sites
LIFE4POLL814	2023-05-06	na	na	na	na	na	mountain	"visual observation|photograph|Barberis et al. (in press) ""Insect-flower interactions in the Mediterranean area: a Citizen Science dataset collated within the LIFE 4 Pollinators project"". https://doi.org/xxxxx"	HumanObservation	na	observation without coordinates
LIFE4POLL816	2023-05-06*	36.354951	25.458755	WGS84	Greece	GR	island, lowland	"visual observation|photograph|Barberis et al. (in press) ""Insect-flower interactions in the Mediterranean area: a Citizen Science dataset collated within the LIFE 4 Pollinators project"". https://doi.org/xxxxx"	HumanObservation	OutsideNatura2000	observation located outside Natura 2000 sites
LIFE4POLL817	2023-05-06	37.778145	24.933282	WGS84	Greece	GR	mountain	"visual observation|photograph|Barberis et al. (in press) ""Insect-flower interactions in the Mediterranean area: a Citizen Science dataset collated within the LIFE 4 Pollinators project"". https://doi.org/xxxxx"	HumanObservation	OutsideNatura2000	observation located outside Natura 2000 sites
LIFE4POLL818	2023-04-12	44.49976	11.35306	WGS84	Italy	IT	urban	"visual observation|photograph|Barberis et al. (in press) ""Insect-flower interactions in the Mediterranean area: a Citizen Science dataset collated within the LIFE 4 Pollinators project"". https://doi.org/xxxxx"	HumanObservation	OutsideNatura2000	observation located outside Natura 2000 sites
LIFE4POLL819	2023-05-06*	44.49976	11.35306	WGS84	Italy	IT	urban	"visual observation|photograph|Barberis et al. (in press) ""Insect-flower interactions in the Mediterranean area: a Citizen Science dataset collated within the LIFE 4 Pollinators project"". https://doi.org/xxxxx"	HumanObservation	OutsideNatura2000	observation located outside Natura 2000 sites
LIFE4POLL820	2023-03-17	44.49976	11.35306	WGS84	Italy	IT	urban	"visual observation|photograph|Barberis et al. (in press) ""Insect-flower interactions in the Mediterranean area: a Citizen Science dataset collated within the LIFE 4 Pollinators project"". https://doi.org/xxxxx"	HumanObservation	OutsideNatura2000	observation located outside Natura 2000 sites
LIFE4POLL821	2023-05-08*	38.303838	23.86916	WGS84	Greece	GR	seaside	"visual observation|photograph|Barberis et al. (in press) ""Insect-flower interactions in the Mediterranean area: a Citizen Science dataset collated within the LIFE 4 Pollinators project"". https://doi.org/xxxxx"	HumanObservation	OutsideNatura2000	observation located outside Natura 2000 sites
LIFE4POLL823	2023-05-08	38.303838	23.868892	WGS84	Greece	GR	seaside	"visual observation|photograph|Barberis et al. (in press) ""Insect-flower interactions in the Mediterranean area: a Citizen Science dataset collated within the LIFE 4 Pollinators project"". https://doi.org/xxxxx"	HumanObservation	OutsideNatura2000	observation located outside Natura 2000 sites
LIFE4POLL824	2023-05-09	41.767298	12.613764	WGS84	Italy	IT	urban	"visual observation|photograph|Barberis et al. (in press) ""Insect-flower interactions in the Mediterranean area: a Citizen Science dataset collated within the LIFE 4 Pollinators project"". https://doi.org/xxxxx"	HumanObservation	OutsideNatura2000	observation located outside Natura 2000 sites
LIFE4POLL825	2023-05-09	na	na	na	na	na	island, seaside, urban	"visual observation|photograph|Barberis et al. (in press) ""Insect-flower interactions in the Mediterranean area: a Citizen Science dataset collated within the LIFE 4 Pollinators project"". https://doi.org/xxxxx"	HumanObservation	na	observation without coordinates
LIFE4POLL826	2023-05-09	37.189006	26.806062	WGS84	Greece	GR	seaside	"visual observation|photograph|Barberis et al. (in press) ""Insect-flower interactions in the Mediterranean area: a Citizen Science dataset collated within the LIFE 4 Pollinators project"". https://doi.org/xxxxx"	HumanObservation	OutsideNatura2000	observation located outside Natura 2000 sites
LIFE4POLL827	2023-05-09	37.185565	26.805966	WGS84	Greece	GR	seaside	"visual observation|photograph|Barberis et al. (in press) ""Insect-flower interactions in the Mediterranean area: a Citizen Science dataset collated within the LIFE 4 Pollinators project"". https://doi.org/xxxxx"	HumanObservation	OutsideNatura2000	observation located outside Natura 2000 sites
LIFE4POLL828	2023-05-09	37.185339	26.79831	WGS84	Greece	GR	seaside	"visual observation|photograph|Barberis et al. (in press) ""Insect-flower interactions in the Mediterranean area: a Citizen Science dataset collated within the LIFE 4 Pollinators project"". https://doi.org/xxxxx"	HumanObservation	OutsideNatura2000	observation located outside Natura 2000 sites
LIFE4POLL829	2023-05-09	37.186242	26.800655	WGS84	Greece	GR	seaside	"visual observation|photograph|Barberis et al. (in press) ""Insect-flower interactions in the Mediterranean area: a Citizen Science dataset collated within the LIFE 4 Pollinators project"". https://doi.org/xxxxx"	HumanObservation	OutsideNatura2000	observation located outside Natura 2000 sites
LIFE4POLL831	2023-05-09	37.186614	26.800587	WGS84	Greece	GR	seaside	"visual observation|photograph|Barberis et al. (in press) ""Insect-flower interactions in the Mediterranean area: a Citizen Science dataset collated within the LIFE 4 Pollinators project"". https://doi.org/xxxxx"	HumanObservation	OutsideNatura2000	observation located outside Natura 2000 sites
LIFE4POLL832	2023-05-09*	37.911705	23.745305	WGS84	Greece	GR	urban	"visual observation|photograph|Barberis et al. (in press) ""Insect-flower interactions in the Mediterranean area: a Citizen Science dataset collated within the LIFE 4 Pollinators project"". https://doi.org/xxxxx"	HumanObservation	OutsideNatura2000	observation located outside Natura 2000 sites
LIFE4POLL833	2023-05-09*	37.90181	23.75055	WGS84	Greece	GR	urban	"visual observation|photograph|Barberis et al. (in press) ""Insect-flower interactions in the Mediterranean area: a Citizen Science dataset collated within the LIFE 4 Pollinators project"". https://doi.org/xxxxx"	HumanObservation	OutsideNatura2000	observation located outside Natura 2000 sites
LIFE4POLL834	2023-04-29	43.119969	-6.888428	WGS84	Spain	ES	mountain	"visual observation|photograph|Barberis et al. (in press) ""Insect-flower interactions in the Mediterranean area: a Citizen Science dataset collated within the LIFE 4 Pollinators project"". https://doi.org/xxxxx"	HumanObservation	ES1120010	observation located in Natura 2000 site with code ES1120010
LIFE4POLL835	2023-05-12*	44.512715	11.346122	WGS84	Italy	IT	urban	"visual observation|photograph|Barberis et al. (in press) ""Insect-flower interactions in the Mediterranean area: a Citizen Science dataset collated within the LIFE 4 Pollinators project"". https://doi.org/xxxxx"	HumanObservation	OutsideNatura2000	observation located outside Natura 2000 sites
LIFE4POLL836	2023-05-12*	44.511304	11.332329	WGS84	Italy	IT	periurban	"visual observation|photograph|Barberis et al. (in press) ""Insect-flower interactions in the Mediterranean area: a Citizen Science dataset collated within the LIFE 4 Pollinators project"". https://doi.org/xxxxx"	HumanObservation	OutsideNatura2000	observation located outside Natura 2000 sites
LIFE4POLL837	2023-05-12	37.691043	26.95429	WGS84	Greece	GR	seaside	"visual observation|photograph|Barberis et al. (in press) ""Insect-flower interactions in the Mediterranean area: a Citizen Science dataset collated within the LIFE 4 Pollinators project"". https://doi.org/xxxxx"	HumanObservation	OutsideNatura2000	observation located outside Natura 2000 sites
LIFE4POLL838	2023-04-03	37.954595	23.757473	WGS84	Greece	GR	urban	"visual observation|photograph|Barberis et al. (in press) ""Insect-flower interactions in the Mediterranean area: a Citizen Science dataset collated within the LIFE 4 Pollinators project"". https://doi.org/xxxxx"	HumanObservation	OutsideNatura2000	observation located outside Natura 2000 sites
LIFE4POLL839	2023-05-13*	38.238922	24.222482	WGS84	Greece	GR	mountain	"visual observation|photograph|Barberis et al. (in press) ""Insect-flower interactions in the Mediterranean area: a Citizen Science dataset collated within the LIFE 4 Pollinators project"". https://doi.org/xxxxx"	HumanObservation	OutsideNatura2000	observation located outside Natura 2000 sites
LIFE4POLL840	2023-05-13	44.499885	11.365976	WGS84	Italy	IT	urban	"visual observation|photograph|Barberis et al. (in press) ""Insect-flower interactions in the Mediterranean area: a Citizen Science dataset collated within the LIFE 4 Pollinators project"". https://doi.org/xxxxx"	HumanObservation	OutsideNatura2000	observation located outside Natura 2000 sites
LIFE4POLL841	2023-05-13	na	na	na	na	na	seaside	"visual observation|photograph|Barberis et al. (in press) ""Insect-flower interactions in the Mediterranean area: a Citizen Science dataset collated within the LIFE 4 Pollinators project"". https://doi.org/xxxxx"	HumanObservation	na	observation without coordinates
LIFE4POLL842	2023-05-13	37.691112	26.945021	WGS84	Greece	GR	seaside	"visual observation|photograph|Barberis et al. (in press) ""Insect-flower interactions in the Mediterranean area: a Citizen Science dataset collated within the LIFE 4 Pollinators project"". https://doi.org/xxxxx"	HumanObservation	OutsideNatura2000	observation located outside Natura 2000 sites
LIFE4POLL843	2023-05-13	na	na	na	na	na	seaside	"visual observation|photograph|Barberis et al. (in press) ""Insect-flower interactions in the Mediterranean area: a Citizen Science dataset collated within the LIFE 4 Pollinators project"". https://doi.org/xxxxx"	HumanObservation	na	observation without coordinates
LIFE4POLL844	2023-05-18	45.663781	13.993449	WGS84	Slovenia	SI	hills	"visual observation|photograph|Barberis et al. (in press) ""Insect-flower interactions in the Mediterranean area: a Citizen Science dataset collated within the LIFE 4 Pollinators project"". https://doi.org/xxxxx"	HumanObservation	SI5000023|SI3000276	observation located in Natura 2000 sites with codes SI5000023|SI3000276
LIFE4POLL845	2023-05-19	41.767434	12.613751	WGS84	Italy	IT	urban	"visual observation|photograph|Barberis et al. (in press) ""Insect-flower interactions in the Mediterranean area: a Citizen Science dataset collated within the LIFE 4 Pollinators project"". https://doi.org/xxxxx"	HumanObservation	OutsideNatura2000	observation located outside Natura 2000 sites
LIFE4POLL846	2023-05-19*	42.226976	-8.899162	WGS84	Spain	ES	island, seaside	"visual observation|photograph|Barberis et al. (in press) ""Insect-flower interactions in the Mediterranean area: a Citizen Science dataset collated within the LIFE 4 Pollinators project"". https://doi.org/xxxxx"	HumanObservation	ES0000001	observation located in Natura 2000 site with code ES0000001
LIFE4POLL847	2023-05-19*	42.226981	-8.899162	WGS84	Spain	ES	island, seaside	"visual observation|photograph|Barberis et al. (in press) ""Insect-flower interactions in the Mediterranean area: a Citizen Science dataset collated within the LIFE 4 Pollinators project"". https://doi.org/xxxxx"	HumanObservation	ES0000001	observation located in Natura 2000 site with code ES0000001
LIFE4POLL848	2023-05-19*	42.226977	-8.899162	WGS84	Spain	ES	island, seaside	"visual observation|photograph|Barberis et al. (in press) ""Insect-flower interactions in the Mediterranean area: a Citizen Science dataset collated within the LIFE 4 Pollinators project"". https://doi.org/xxxxx"	HumanObservation	ES0000001	observation located in Natura 2000 site with code ES0000001
LIFE4POLL849	2023-05-19*	42.226976	-8.899162	WGS84	Spain	ES	island, seaside	"visual observation|photograph|Barberis et al. (in press) ""Insect-flower interactions in the Mediterranean area: a Citizen Science dataset collated within the LIFE 4 Pollinators project"". https://doi.org/xxxxx"	HumanObservation	ES0000001	observation located in Natura 2000 site with code ES0000001
LIFE4POLL850	2023-05-19*	42.227039	-8.899219	WGS84	Spain	ES	island, seaside	"visual observation|photograph|Barberis et al. (in press) ""Insect-flower interactions in the Mediterranean area: a Citizen Science dataset collated within the LIFE 4 Pollinators project"". https://doi.org/xxxxx"	HumanObservation	ES0000001	observation located in Natura 2000 site with code ES0000001
LIFE4POLL851	2023-05-19*	42.226958	-8.899346	WGS84	Spain	ES	island, seaside	"visual observation|photograph|Barberis et al. (in press) ""Insect-flower interactions in the Mediterranean area: a Citizen Science dataset collated within the LIFE 4 Pollinators project"". https://doi.org/xxxxx"	HumanObservation	ES0000001	observation located in Natura 2000 site with code ES0000001
LIFE4POLL852	2023-05-19*	42.227003	-8.899334	WGS84	Spain	ES	island, seaside	"visual observation|photograph|Barberis et al. (in press) ""Insect-flower interactions in the Mediterranean area: a Citizen Science dataset collated within the LIFE 4 Pollinators project"". https://doi.org/xxxxx"	HumanObservation	ES0000001	observation located in Natura 2000 site with code ES0000001
LIFE4POLL853	2023-05-19*	42.227044	-8.899334	WGS84	Spain	ES	island, seaside	"visual observation|photograph|Barberis et al. (in press) ""Insect-flower interactions in the Mediterranean area: a Citizen Science dataset collated within the LIFE 4 Pollinators project"". https://doi.org/xxxxx"	HumanObservation	ES0000001	observation located in Natura 2000 site with code ES0000001
LIFE4POLL854	2023-05-19*	42.227156	-8.899327	WGS84	Spain	ES	island, seaside	"visual observation|photograph|Barberis et al. (in press) ""Insect-flower interactions in the Mediterranean area: a Citizen Science dataset collated within the LIFE 4 Pollinators project"". https://doi.org/xxxxx"	HumanObservation	ES0000001	observation located in Natura 2000 site with code ES0000001
LIFE4POLL855	2023-05-19*	42.227102	-8.899303	WGS84	Spain	ES	island, seaside	"visual observation|photograph|Barberis et al. (in press) ""Insect-flower interactions in the Mediterranean area: a Citizen Science dataset collated within the LIFE 4 Pollinators project"". https://doi.org/xxxxx"	HumanObservation	ES0000001	observation located in Natura 2000 site with code ES0000001
LIFE4POLL857	2023-05-19*	42.227122	-8.899269	WGS84	Spain	ES	island, seaside	"visual observation|photograph|Barberis et al. (in press) ""Insect-flower interactions in the Mediterranean area: a Citizen Science dataset collated within the LIFE 4 Pollinators project"". https://doi.org/xxxxx"	HumanObservation	ES0000001	observation located in Natura 2000 site with code ES0000001
LIFE4POLL858	2023-05-19*	42.226977	-8.899314	WGS84	Spain	ES	island, seaside	"visual observation|photograph|Barberis et al. (in press) ""Insect-flower interactions in the Mediterranean area: a Citizen Science dataset collated within the LIFE 4 Pollinators project"". https://doi.org/xxxxx"	HumanObservation	ES0000001	observation located in Natura 2000 site with code ES0000001
LIFE4POLL859	2023-05-18	45.61236	11.67066	WGS84	Italy	IT	urban	"visual observation|photograph|Barberis et al. (in press) ""Insect-flower interactions in the Mediterranean area: a Citizen Science dataset collated within the LIFE 4 Pollinators project"". https://doi.org/xxxxx"	HumanObservation	ES0000001	observation located in Natura 2000 site with code ES0000001
LIFE4POLL860	2023-05-19*	43.890476	10.279985	WGS84	Italy	IT	seaside	"visual observation|photograph|Barberis et al. (in press) ""Insect-flower interactions in the Mediterranean area: a Citizen Science dataset collated within the LIFE 4 Pollinators project"". https://doi.org/xxxxx"	HumanObservation	ES0000001	observation located in Natura 2000 site with code ES0000001
LIFE4POLL861	2023-05-20*	42.21709	-8.90823	WGS84	Spain	ES	island	"visual observation|photograph|Barberis et al. (in press) ""Insect-flower interactions in the Mediterranean area: a Citizen Science dataset collated within the LIFE 4 Pollinators project"". https://doi.org/xxxxx"	HumanObservation	ES0000001	observation located in Natura 2000 site with code ES0000001
LIFE4POLL862	2023-05-19	42.21864	-8.90371	WGS84	Spain	ES	island	"visual observation|photograph|Barberis et al. (in press) ""Insect-flower interactions in the Mediterranean area: a Citizen Science dataset collated within the LIFE 4 Pollinators project"". https://doi.org/xxxxx"	HumanObservation	ES0000001	observation located in Natura 2000 site with code ES0000001
LIFE4POLL863	2023-05-20*	42.21709	-8.90823	WGS84	Spain	ES	island	"visual observation|photograph|Barberis et al. (in press) ""Insect-flower interactions in the Mediterranean area: a Citizen Science dataset collated within the LIFE 4 Pollinators project"". https://doi.org/xxxxx"	HumanObservation	ES0000001	observation located in Natura 2000 site with code ES0000001
LIFE4POLL864	2023-05-20*	42.21709	-8.90823	WGS84	Spain	ES	island	"visual observation|photograph|Barberis et al. (in press) ""Insect-flower interactions in the Mediterranean area: a Citizen Science dataset collated within the LIFE 4 Pollinators project"". https://doi.org/xxxxx"	HumanObservation	ES0000001	observation located in Natura 2000 site with code ES0000001
LIFE4POLL866	2023-05-20*	42.21709	-8.90823	WGS84	Spain	ES	island	"visual observation|photograph|Barberis et al. (in press) ""Insect-flower interactions in the Mediterranean area: a Citizen Science dataset collated within the LIFE 4 Pollinators project"". https://doi.org/xxxxx"	HumanObservation	ES0000001	observation located in Natura 2000 site with code ES0000001
LIFE4POLL868	2023-05-19	42.2196	-8.90448	WGS84	Spain	ES	island	"visual observation|photograph|Barberis et al. (in press) ""Insect-flower interactions in the Mediterranean area: a Citizen Science dataset collated within the LIFE 4 Pollinators project"". https://doi.org/xxxxx"	HumanObservation	ES0000001	observation located in Natura 2000 site with code ES0000001
LIFE4POLL869	2023-05-20*	42.2196	-8.90448	WGS84	Spain	ES	island	"visual observation|photograph|Barberis et al. (in press) ""Insect-flower interactions in the Mediterranean area: a Citizen Science dataset collated within the LIFE 4 Pollinators project"". https://doi.org/xxxxx"	HumanObservation	ES0000001	observation located in Natura 2000 site with code ES0000001
LIFE4POLL870	2023-05-20*	42.24084	-8.90513	WGS84	Spain	ES	island	"visual observation|photograph|Barberis et al. (in press) ""Insect-flower interactions in the Mediterranean area: a Citizen Science dataset collated within the LIFE 4 Pollinators project"". https://doi.org/xxxxx"	HumanObservation	ES0000001	observation located in Natura 2000 site with code ES0000001
LIFE4POLL871	2023-05-20*	42.24084	-8.90513	WGS84	Spain	ES	island	"visual observation|photograph|Barberis et al. (in press) ""Insect-flower interactions in the Mediterranean area: a Citizen Science dataset collated within the LIFE 4 Pollinators project"". https://doi.org/xxxxx"	HumanObservation	ES0000001	observation located in Natura 2000 site with code ES0000001
LIFE4POLL872	2023-05-20*	42.24076	-8.90515	WGS84	Spain	ES	island	"visual observation|photograph|Barberis et al. (in press) ""Insect-flower interactions in the Mediterranean area: a Citizen Science dataset collated within the LIFE 4 Pollinators project"". https://doi.org/xxxxx"	HumanObservation	ES0000001	observation located in Natura 2000 site with code ES0000001
LIFE4POLL873	2023-05-20*	42.228387	-8.901055	WGS84	Spain	ES	island	"visual observation|photograph|Barberis et al. (in press) ""Insect-flower interactions in the Mediterranean area: a Citizen Science dataset collated within the LIFE 4 Pollinators project"". https://doi.org/xxxxx"	HumanObservation	ES0000001	observation located in Natura 2000 site with code ES0000001
LIFE4POLL874	2023-05-20*	42.23058	-8.901055	WGS84	Spain	ES	island	"visual observation|photograph|Barberis et al. (in press) ""Insect-flower interactions in the Mediterranean area: a Citizen Science dataset collated within the LIFE 4 Pollinators project"". https://doi.org/xxxxx"	HumanObservation	ES0000001	observation located in Natura 2000 site with code ES0000001
LIFE4POLL875	2023-05-20*	42.23058	-8.901055	WGS84	Spain	ES	island	"visual observation|photograph|Barberis et al. (in press) ""Insect-flower interactions in the Mediterranean area: a Citizen Science dataset collated within the LIFE 4 Pollinators project"". https://doi.org/xxxxx"	HumanObservation	ES0000001	observation located in Natura 2000 site with code ES0000001
LIFE4POLL876	2023-05-20*	42.23058	-8.901055	WGS84	Spain	ES	island	"visual observation|photograph|Barberis et al. (in press) ""Insect-flower interactions in the Mediterranean area: a Citizen Science dataset collated within the LIFE 4 Pollinators project"". https://doi.org/xxxxx"	HumanObservation	ES0000001	observation located in Natura 2000 site with code ES0000001
LIFE4POLL877	2023-05-20*	42.23058	-8.901055	WGS84	Spain	ES	island	"visual observation|photograph|Barberis et al. (in press) ""Insect-flower interactions in the Mediterranean area: a Citizen Science dataset collated within the LIFE 4 Pollinators project"". https://doi.org/xxxxx"	HumanObservation	ES0000001	observation located in Natura 2000 site with code ES0000001
LIFE4POLL878	2023-05-20*	42.23058	-8.901055	WGS84	Spain	ES	island	"visual observation|photograph|Barberis et al. (in press) ""Insect-flower interactions in the Mediterranean area: a Citizen Science dataset collated within the LIFE 4 Pollinators project"". https://doi.org/xxxxx"	HumanObservation	ES0000001	observation located in Natura 2000 site with code ES0000001
LIFE4POLL879	2023-05-20*	42.23058	-8.901055	WGS84	Spain	ES	island	"visual observation|photograph|Barberis et al. (in press) ""Insect-flower interactions in the Mediterranean area: a Citizen Science dataset collated within the LIFE 4 Pollinators project"". https://doi.org/xxxxx"	HumanObservation	ES0000001	observation located in Natura 2000 site with code ES0000001
LIFE4POLL881	2023-05-20*	42.229658	-8.901184	WGS84	Spain	ES	island	"visual observation|photograph|Barberis et al. (in press) ""Insect-flower interactions in the Mediterranean area: a Citizen Science dataset collated within the LIFE 4 Pollinators project"". https://doi.org/xxxxx"	HumanObservation	ES0000001	observation located in Natura 2000 site with code ES0000001
LIFE4POLL882	2023-05-20*	42.228387	-8.901184	WGS84	Spain	ES	island	"visual observation|photograph|Barberis et al. (in press) ""Insect-flower interactions in the Mediterranean area: a Citizen Science dataset collated within the LIFE 4 Pollinators project"". https://doi.org/xxxxx"	HumanObservation	ES0000001	observation located in Natura 2000 site with code ES0000001
LIFE4POLL883	2023-05-20*	42.221332	-8.906334	WGS84	Spain	ES	island	"visual observation|photograph|Barberis et al. (in press) ""Insect-flower interactions in the Mediterranean area: a Citizen Science dataset collated within the LIFE 4 Pollinators project"". https://doi.org/xxxxx"	HumanObservation	ES0000001	observation located in Natura 2000 site with code ES0000001
LIFE4POLL884	2023-05-20*	42.221332	-8.906334	WGS84	Spain	ES	island	"visual observation|photograph|Barberis et al. (in press) ""Insect-flower interactions in the Mediterranean area: a Citizen Science dataset collated within the LIFE 4 Pollinators project"". https://doi.org/xxxxx"	HumanObservation	ES0000001	observation located in Natura 2000 site with code ES0000001
LIFE4POLL885	2023-05-20*	42.21755	-8.903158	WGS84	Spain	ES	island	"visual observation|photograph|Barberis et al. (in press) ""Insect-flower interactions in the Mediterranean area: a Citizen Science dataset collated within the LIFE 4 Pollinators project"". https://doi.org/xxxxx"	HumanObservation	ES0000001	observation located in Natura 2000 site with code ES0000001
LIFE4POLL886	2023-05-20*	42.375773	-8.933584	WGS84	Spain	ES	island	"visual observation|photograph|Barberis et al. (in press) ""Insect-flower interactions in the Mediterranean area: a Citizen Science dataset collated within the LIFE 4 Pollinators project"". https://doi.org/xxxxx"	HumanObservation	ES0000254|ES1140004	observation located in Natura 2000 sites with codes ES0000254|ES1140004
LIFE4POLL887	2023-05-20*	42.375773	-8.933584	WGS84	Spain	ES	island	"visual observation|photograph|Barberis et al. (in press) ""Insect-flower interactions in the Mediterranean area: a Citizen Science dataset collated within the LIFE 4 Pollinators project"". https://doi.org/xxxxx"	HumanObservation	ES0000254|ES1140004	observation located in Natura 2000 sites with codes ES0000254|ES1140004
LIFE4POLL888	2023-05-20*	42.375773	-8.933584	WGS84	Spain	ES	island	"visual observation|photograph|Barberis et al. (in press) ""Insect-flower interactions in the Mediterranean area: a Citizen Science dataset collated within the LIFE 4 Pollinators project"". https://doi.org/xxxxx"	HumanObservation	ES0000254|ES1140004	observation located in Natura 2000 sites with codes ES0000254|ES1140004
LIFE4POLL889	2023-05-20*	42.374074	-8.935213	WGS84	Spain	ES	island	"visual observation|photograph|Barberis et al. (in press) ""Insect-flower interactions in the Mediterranean area: a Citizen Science dataset collated within the LIFE 4 Pollinators project"". https://doi.org/xxxxx"	HumanObservation	ES0000254|ES1140004	observation located in Natura 2000 sites with codes ES0000254|ES1140004
LIFE4POLL890	2023-05-20*	42.24063	-8.90519	WGS84	Spain	ES	island	"visual observation|photograph|Barberis et al. (in press) ""Insect-flower interactions in the Mediterranean area: a Citizen Science dataset collated within the LIFE 4 Pollinators project"". https://doi.org/xxxxx"	HumanObservation	ES0000001	observation located in Natura 2000 site with code ES0000001
LIFE4POLL891	2023-05-20*	42.240489	-8.904742	WGS84	Spain	ES	island	"visual observation|photograph|Barberis et al. (in press) ""Insect-flower interactions in the Mediterranean area: a Citizen Science dataset collated within the LIFE 4 Pollinators project"". https://doi.org/xxxxx"	HumanObservation	ES0000001	observation located in Natura 2000 site with code ES0000001
LIFE4POLL892	2023-05-19	42.2387	-8.9042	WGS84	Spain	ES	island	"visual observation|photograph|Barberis et al. (in press) ""Insect-flower interactions in the Mediterranean area: a Citizen Science dataset collated within the LIFE 4 Pollinators project"". https://doi.org/xxxxx"	HumanObservation	ES0000001	observation located in Natura 2000 site with code ES0000001
LIFE4POLL893	2023-05-19	42.2387	-8.9042	WGS84	Spain	ES	island	"visual observation|photograph|Barberis et al. (in press) ""Insect-flower interactions in the Mediterranean area: a Citizen Science dataset collated within the LIFE 4 Pollinators project"". https://doi.org/xxxxx"	HumanObservation	ES0000001	observation located in Natura 2000 site with code ES0000001
LIFE4POLL894	2023-05-19	42.2387	-8.9042	WGS84	Spain	ES	island	"visual observation|photograph|Barberis et al. (in press) ""Insect-flower interactions in the Mediterranean area: a Citizen Science dataset collated within the LIFE 4 Pollinators project"". https://doi.org/xxxxx"	HumanObservation	ES0000001	observation located in Natura 2000 site with code ES0000001
LIFE4POLL895	2023-05-19	42.23108	-8.90285	WGS84	Spain	ES	island	"visual observation|photograph|Barberis et al. (in press) ""Insect-flower interactions in the Mediterranean area: a Citizen Science dataset collated within the LIFE 4 Pollinators project"". https://doi.org/xxxxx"	HumanObservation	ES0000001	observation located in Natura 2000 site with code ES0000001
LIFE4POLL896	2023-05-20*	42.374814	-8.935815	WGS84	Spain	ES	island	"visual observation|photograph|Barberis et al. (in press) ""Insect-flower interactions in the Mediterranean area: a Citizen Science dataset collated within the LIFE 4 Pollinators project"". https://doi.org/xxxxx"	HumanObservation	ES0000254|ES1140004	observation located in Natura 2000 sites with codes ES0000254|ES1140004
LIFE4POLL897	2023-05-20*	42.374799	-8.935804	WGS84	Spain	ES	island	"visual observation|photograph|Barberis et al. (in press) ""Insect-flower interactions in the Mediterranean area: a Citizen Science dataset collated within the LIFE 4 Pollinators project"". https://doi.org/xxxxx"	HumanObservation	ES0000254|ES1140004	observation located in Natura 2000 sites with codes ES0000254|ES1140004
LIFE4POLL898	2023-05-20*	42.375409	-8.935747	WGS84	Spain	ES	island	"visual observation|photograph|Barberis et al. (in press) ""Insect-flower interactions in the Mediterranean area: a Citizen Science dataset collated within the LIFE 4 Pollinators project"". https://doi.org/xxxxx"	HumanObservation	ES0000254|ES1140004	observation located in Natura 2000 sites with codes ES0000254|ES1140004
LIFE4POLL899	2023-05-20*	42.375687	-8.9354	WGS84	Spain	ES	island	"visual observation|photograph|Barberis et al. (in press) ""Insect-flower interactions in the Mediterranean area: a Citizen Science dataset collated within the LIFE 4 Pollinators project"". https://doi.org/xxxxx"	HumanObservation	ES0000254|ES1140004	observation located in Natura 2000 sites with codes ES0000254|ES1140004
LIFE4POLL900	2023-05-20*	42.375893	-8.93577	WGS84	Spain	ES	island	"visual observation|photograph|Barberis et al. (in press) ""Insect-flower interactions in the Mediterranean area: a Citizen Science dataset collated within the LIFE 4 Pollinators project"". https://doi.org/xxxxx"	HumanObservation	ES0000254|ES1140004	observation located in Natura 2000 sites with codes ES0000254|ES1140004
LIFE4POLL901	2023-05-20*	42.375887	-8.935792	WGS84	Spain	ES	island	"visual observation|photograph|Barberis et al. (in press) ""Insect-flower interactions in the Mediterranean area: a Citizen Science dataset collated within the LIFE 4 Pollinators project"". https://doi.org/xxxxx"	HumanObservation	ES0000254|ES1140004	observation located in Natura 2000 sites with codes ES0000254|ES1140004
LIFE4POLL902	2023-05-20*	42.376143	-8.937999	WGS84	Spain	ES	island	"visual observation|photograph|Barberis et al. (in press) ""Insect-flower interactions in the Mediterranean area: a Citizen Science dataset collated within the LIFE 4 Pollinators project"". https://doi.org/xxxxx"	HumanObservation	ES0000254|ES1140004	observation located in Natura 2000 sites with codes ES0000254|ES1140004
LIFE4POLL903	2023-05-20*	42.376153	-8.938141	WGS84	Spain	ES	island	"visual observation|photograph|Barberis et al. (in press) ""Insect-flower interactions in the Mediterranean area: a Citizen Science dataset collated within the LIFE 4 Pollinators project"". https://doi.org/xxxxx"	HumanObservation	ES0000254|ES1140004	observation located in Natura 2000 sites with codes ES0000254|ES1140004
LIFE4POLL904	2023-05-20*	42.376158	-8.938143	WGS84	Spain	ES	island	"visual observation|photograph|Barberis et al. (in press) ""Insect-flower interactions in the Mediterranean area: a Citizen Science dataset collated within the LIFE 4 Pollinators project"". https://doi.org/xxxxx"	HumanObservation	ES0000254|ES1140004	observation located in Natura 2000 sites with codes ES0000254|ES1140004
LIFE4POLL905	2023-05-20*	42.381472	-8.937126	WGS84	Spain	ES	island	"visual observation|photograph|Barberis et al. (in press) ""Insect-flower interactions in the Mediterranean area: a Citizen Science dataset collated within the LIFE 4 Pollinators project"". https://doi.org/xxxxx"	HumanObservation	ES0000254|ES1140004	observation located in Natura 2000 sites with codes ES0000254|ES1140004
LIFE4POLL906	2023-05-20*	42.382197	-8.935574	WGS84	Spain	ES	island	"visual observation|photograph|Barberis et al. (in press) ""Insect-flower interactions in the Mediterranean area: a Citizen Science dataset collated within the LIFE 4 Pollinators project"". https://doi.org/xxxxx"	HumanObservation	ES0000254|ES1140004	observation located in Natura 2000 sites with codes ES0000254|ES1140004
LIFE4POLL907	2023-05-20*	42.382202	-8.935565	WGS84	Spain	ES	island	"visual observation|photograph|Barberis et al. (in press) ""Insect-flower interactions in the Mediterranean area: a Citizen Science dataset collated within the LIFE 4 Pollinators project"". https://doi.org/xxxxx"	HumanObservation	ES0000254|ES1140004	observation located in Natura 2000 sites with codes ES0000254|ES1140004
LIFE4POLL908	2023-05-20*	42.38221	-8.935573	WGS84	Spain	ES	island	"visual observation|photograph|Barberis et al. (in press) ""Insect-flower interactions in the Mediterranean area: a Citizen Science dataset collated within the LIFE 4 Pollinators project"". https://doi.org/xxxxx"	HumanObservation	ES0000254|ES1140004	observation located in Natura 2000 sites with codes ES0000254|ES1140004
LIFE4POLL911	2023-05-20	42.400933	-8.815432	WGS84	Spain	ES	seaside	"visual observation|photograph|Barberis et al. (in press) ""Insect-flower interactions in the Mediterranean area: a Citizen Science dataset collated within the LIFE 4 Pollinators project"". https://doi.org/xxxxx"	HumanObservation	OutsideNatura2000	observation located outside Natura 2000 sites
LIFE4POLL912	2023-05-20*	42.419307	-8.869533	WGS84	Spain	ES	seaside	"visual observation|photograph|Barberis et al. (in press) ""Insect-flower interactions in the Mediterranean area: a Citizen Science dataset collated within the LIFE 4 Pollinators project"". https://doi.org/xxxxx"	HumanObservation	OutsideNatura2000	observation located outside Natura 2000 sites
LIFE4POLL913	2023-05-20*	42.436554	-8.68086	WGS84	Spain	ES	mountain, seaside	"visual observation|photograph|Barberis et al. (in press) ""Insect-flower interactions in the Mediterranean area: a Citizen Science dataset collated within the LIFE 4 Pollinators project"". https://doi.org/xxxxx"	HumanObservation	OutsideNatura2000	observation located outside Natura 2000 sites
LIFE4POLL914	2023-05-20*	42.419307	-8.869533	WGS84	Spain	ES	mountain, seaside	"visual observation|photograph|Barberis et al. (in press) ""Insect-flower interactions in the Mediterranean area: a Citizen Science dataset collated within the LIFE 4 Pollinators project"". https://doi.org/xxxxx"	HumanObservation	OutsideNatura2000	observation located outside Natura 2000 sites
LIFE4POLL915	2023-05-19	42.23054	8.90226	WGS84	France	FR	island	"visual observation|photograph|Barberis et al. (in press) ""Insect-flower interactions in the Mediterranean area: a Citizen Science dataset collated within the LIFE 4 Pollinators project"". https://doi.org/xxxxx"	HumanObservation	OutsideNatura2000	observation located outside Natura 2000 sites
LIFE4POLL916	2023-05-19	42.2305	-8.90226	WGS84	Spain	ES	island	"visual observation|photograph|Barberis et al. (in press) ""Insect-flower interactions in the Mediterranean area: a Citizen Science dataset collated within the LIFE 4 Pollinators project"". https://doi.org/xxxxx"	HumanObservation	ES0000001	observation located in Natura 2000 site with code ES0000001
LIFE4POLL917	2023-05-20*	42.379954	-8.930078	WGS84	Spain	ES	island, seaside	"visual observation|photograph|Barberis et al. (in press) ""Insect-flower interactions in the Mediterranean area: a Citizen Science dataset collated within the LIFE 4 Pollinators project"". https://doi.org/xxxxx"	HumanObservation	ES0000254|ES1140004	observation located in Natura 2000 sites with codes ES0000254|ES1140004
LIFE4POLL918	2023-05-20*	42.38243	-8.93639	WGS84	Spain	ES	island	"visual observation|photograph|Barberis et al. (in press) ""Insect-flower interactions in the Mediterranean area: a Citizen Science dataset collated within the LIFE 4 Pollinators project"". https://doi.org/xxxxx"	HumanObservation	ES0000254|ES1140004	observation located in Natura 2000 sites with codes ES0000254|ES1140004
LIFE4POLL919	2023-05-20*	42.37802	-8.93276	WGS84	Spain	ES	island	"visual observation|photograph|Barberis et al. (in press) ""Insect-flower interactions in the Mediterranean area: a Citizen Science dataset collated within the LIFE 4 Pollinators project"". https://doi.org/xxxxx"	HumanObservation	ES0000254|ES1140004	observation located in Natura 2000 sites with codes ES0000254|ES1140004
LIFE4POLL921	2023-05-20*	42.376767	-8.932057	WGS84	Spain	ES	island, seaside	"visual observation|photograph|Barberis et al. (in press) ""Insect-flower interactions in the Mediterranean area: a Citizen Science dataset collated within the LIFE 4 Pollinators project"". https://doi.org/xxxxx"	HumanObservation	ES0000254|ES1140004	observation located in Natura 2000 sites with codes ES0000254|ES1140004
LIFE4POLL922	2023-05-20*	42.37675	-8.932066	WGS84	Spain	ES	island, seaside	"visual observation|photograph|Barberis et al. (in press) ""Insect-flower interactions in the Mediterranean area: a Citizen Science dataset collated within the LIFE 4 Pollinators project"". https://doi.org/xxxxx"	HumanObservation	ES0000254|ES1140004	observation located in Natura 2000 sites with codes ES0000254|ES1140004
LIFE4POLL926	2023-05-20*	42.376717	-8.932329	WGS84	Spain	ES	island, seaside	"visual observation|photograph|Barberis et al. (in press) ""Insect-flower interactions in the Mediterranean area: a Citizen Science dataset collated within the LIFE 4 Pollinators project"". https://doi.org/xxxxx"	HumanObservation	ES0000254|ES1140004	observation located in Natura 2000 sites with codes ES0000254|ES1140004
LIFE4POLL927	2023-05-19	42.2305	-8.90215	WGS84	Spain	ES	island	"visual observation|photograph|Barberis et al. (in press) ""Insect-flower interactions in the Mediterranean area: a Citizen Science dataset collated within the LIFE 4 Pollinators project"". https://doi.org/xxxxx"	HumanObservation	ES0000001	observation located in Natura 2000 site with code ES0000001
LIFE4POLL928	2023-05-20*	42.376826	-8.932029	WGS84	Spain	ES	island, seaside	"visual observation|photograph|Barberis et al. (in press) ""Insect-flower interactions in the Mediterranean area: a Citizen Science dataset collated within the LIFE 4 Pollinators project"". https://doi.org/xxxxx"	HumanObservation	ES0000254|ES1140004	observation located in Natura 2000 sites with codes ES0000254|ES1140004
LIFE4POLL929	2023-05-19	42.22986	-8.90118	WGS84	Spain	ES	island	"visual observation|photograph|Barberis et al. (in press) ""Insect-flower interactions in the Mediterranean area: a Citizen Science dataset collated within the LIFE 4 Pollinators project"". https://doi.org/xxxxx"	HumanObservation	ES0000001	observation located in Natura 2000 site with code ES0000001
LIFE4POLL930	2023-05-19	42.229	-8.90107	WGS84	Spain	ES	island	"visual observation|photograph|Barberis et al. (in press) ""Insect-flower interactions in the Mediterranean area: a Citizen Science dataset collated within the LIFE 4 Pollinators project"". https://doi.org/xxxxx"	HumanObservation	ES0000001	observation located in Natura 2000 site with code ES0000001
LIFE4POLL932	2023-05-19	42.22738	-8.90131	WGS84	Spain	ES	island	"visual observation|photograph|Barberis et al. (in press) ""Insect-flower interactions in the Mediterranean area: a Citizen Science dataset collated within the LIFE 4 Pollinators project"". https://doi.org/xxxxx"	HumanObservation	ES0000001	observation located in Natura 2000 site with code ES0000001
LIFE4POLL933	2023-05-19	42.22716	-8.9014	WGS84	Spain	ES	island	"visual observation|photograph|Barberis et al. (in press) ""Insect-flower interactions in the Mediterranean area: a Citizen Science dataset collated within the LIFE 4 Pollinators project"". https://doi.org/xxxxx"	HumanObservation	ES0000001	observation located in Natura 2000 site with code ES0000001
LIFE4POLL934	2023-05-19	42.22697	-8.90153	WGS84	Spain	ES	island	"visual observation|photograph|Barberis et al. (in press) ""Insect-flower interactions in the Mediterranean area: a Citizen Science dataset collated within the LIFE 4 Pollinators project"". https://doi.org/xxxxx"	HumanObservation	ES0000001	observation located in Natura 2000 site with code ES0000001
LIFE4POLL935	2023-05-20*	42.228517	-8.904419	WGS84	Spain	ES	island	"visual observation|photograph|Barberis et al. (in press) ""Insect-flower interactions in the Mediterranean area: a Citizen Science dataset collated within the LIFE 4 Pollinators project"". https://doi.org/xxxxx"	HumanObservation	ES0000001	observation located in Natura 2000 site with code ES0000001
LIFE4POLL936	2023-05-20*	42.232585	-8.904419	WGS84	Spain	ES	island	"visual observation|photograph|Barberis et al. (in press) ""Insect-flower interactions in the Mediterranean area: a Citizen Science dataset collated within the LIFE 4 Pollinators project"". https://doi.org/xxxxx"	HumanObservation	ES0000001	observation located in Natura 2000 site with code ES0000001
LIFE4POLL937	2023-05-20*	42.217134	-8.739871	WGS84	Spain	ES	urban	"visual observation|photograph|Barberis et al. (in press) ""Insect-flower interactions in the Mediterranean area: a Citizen Science dataset collated within the LIFE 4 Pollinators project"". https://doi.org/xxxxx"	HumanObservation	ES0000001	observation located in Natura 2000 site with code ES0000001
LIFE4POLL938	2023-05-02	45.139264	7.989519	WGS84	Italy	IT	hills	"visual observation|photograph|Barberis et al. (in press) ""Insect-flower interactions in the Mediterranean area: a Citizen Science dataset collated within the LIFE 4 Pollinators project"". https://doi.org/xxxxx"	HumanObservation	ES0000001	observation located in Natura 2000 site with code ES0000001
LIFE4POLL939	2023-03-12	44.987883	7.684422	WGS84	Italy	IT	urban	"visual observation|photograph|Barberis et al. (in press) ""Insect-flower interactions in the Mediterranean area: a Citizen Science dataset collated within the LIFE 4 Pollinators project"". https://doi.org/xxxxx"	HumanObservation	ES0000001	observation located in Natura 2000 site with code ES0000001
LIFE4POLL940	2023-05-19	42.228	-8.901	WGS84	Spain	ES	island, seaside	"visual observation|photograph|Barberis et al. (in press) ""Insect-flower interactions in the Mediterranean area: a Citizen Science dataset collated within the LIFE 4 Pollinators project"". https://doi.org/xxxxx"	HumanObservation	ES0000001	observation located in Natura 2000 site with code ES0000001
LIFE4POLL942	2023-05-19	42.229407	-8.9012	WGS84	Spain	ES	island, seaside	"visual observation|photograph|Barberis et al. (in press) ""Insect-flower interactions in the Mediterranean area: a Citizen Science dataset collated within the LIFE 4 Pollinators project"". https://doi.org/xxxxx"	HumanObservation	ES0000001	observation located in Natura 2000 site with code ES0000001
LIFE4POLL943	2023-05-19	42.229407	-8.9012	WGS84	Spain	ES	island, seaside	"visual observation|photograph|Barberis et al. (in press) ""Insect-flower interactions in the Mediterranean area: a Citizen Science dataset collated within the LIFE 4 Pollinators project"". https://doi.org/xxxxx"	HumanObservation	ES0000001	observation located in Natura 2000 site with code ES0000001
LIFE4POLL944	2023-05-19	42.230329	-8.901501	WGS84	Spain	ES	island, seaside	"visual observation|photograph|Barberis et al. (in press) ""Insect-flower interactions in the Mediterranean area: a Citizen Science dataset collated within the LIFE 4 Pollinators project"". https://doi.org/xxxxx"	HumanObservation	ES0000001	observation located in Natura 2000 site with code ES0000001
LIFE4POLL945	2023-05-19	42.231234	-8.903003	WGS84	Spain	ES	island, seaside	"visual observation|photograph|Barberis et al. (in press) ""Insect-flower interactions in the Mediterranean area: a Citizen Science dataset collated within the LIFE 4 Pollinators project"". https://doi.org/xxxxx"	HumanObservation	ES0000001	observation located in Natura 2000 site with code ES0000001
LIFE4POLL946	2023-05-19	42.231425	-8.90341	WGS84	Spain	ES	island, seaside	"visual observation|photograph|Barberis et al. (in press) ""Insect-flower interactions in the Mediterranean area: a Citizen Science dataset collated within the LIFE 4 Pollinators project"". https://doi.org/xxxxx"	HumanObservation	ES0000001	observation located in Natura 2000 site with code ES0000001
LIFE4POLL947	2023-05-19	42.238082	-8.904204	WGS84	Spain	ES	island	"visual observation|photograph|Barberis et al. (in press) ""Insect-flower interactions in the Mediterranean area: a Citizen Science dataset collated within the LIFE 4 Pollinators project"". https://doi.org/xxxxx"	HumanObservation	ES0000001	observation located in Natura 2000 site with code ES0000001
LIFE4POLL948	2023-05-19	42.239511	-8.905149	WGS84	Spain	ES	island	"visual observation|photograph|Barberis et al. (in press) ""Insect-flower interactions in the Mediterranean area: a Citizen Science dataset collated within the LIFE 4 Pollinators project"". https://doi.org/xxxxx"	HumanObservation	ES0000001	observation located in Natura 2000 site with code ES0000001
LIFE4POLL949	2023-05-19	42.240258	-8.905127	WGS84	Spain	ES	island	"visual observation|photograph|Barberis et al. (in press) ""Insect-flower interactions in the Mediterranean area: a Citizen Science dataset collated within the LIFE 4 Pollinators project"". https://doi.org/xxxxx"	HumanObservation	ES0000001	observation located in Natura 2000 site with code ES0000001
LIFE4POLL950	2023-05-19	42.241211	-8.90502	WGS84	Spain	ES	island	"visual observation|photograph|Barberis et al. (in press) ""Insect-flower interactions in the Mediterranean area: a Citizen Science dataset collated within the LIFE 4 Pollinators project"". https://doi.org/xxxxx"	HumanObservation	ES0000001	observation located in Natura 2000 site with code ES0000001
LIFE4POLL952	2023-05-19	42.242005	-8.903518	WGS84	Spain	ES	island, seaside	"visual observation|photograph|Barberis et al. (in press) ""Insect-flower interactions in the Mediterranean area: a Citizen Science dataset collated within the LIFE 4 Pollinators project"". https://doi.org/xxxxx"	HumanObservation	ES0000001	observation located in Natura 2000 site with code ES0000001
LIFE4POLL953	2023-05-19	42.241048	-8.90406	WGS84	Spain	ES	island	"visual observation|photograph|Barberis et al. (in press) ""Insect-flower interactions in the Mediterranean area: a Citizen Science dataset collated within the LIFE 4 Pollinators project"". https://doi.org/xxxxx"	HumanObservation	ES0000001	observation located in Natura 2000 site with code ES0000001
LIFE4POLL954	2023-05-19	42.241036	-8.90414	WGS84	Spain	ES	island	"visual observation|photograph|Barberis et al. (in press) ""Insect-flower interactions in the Mediterranean area: a Citizen Science dataset collated within the LIFE 4 Pollinators project"". https://doi.org/xxxxx"	HumanObservation	ES0000001	observation located in Natura 2000 site with code ES0000001
LIFE4POLL955	2023-05-19	42.240719	-8.904462	WGS84	Spain	ES	island	"visual observation|photograph|Barberis et al. (in press) ""Insect-flower interactions in the Mediterranean area: a Citizen Science dataset collated within the LIFE 4 Pollinators project"". https://doi.org/xxxxx"	HumanObservation	ES0000001	observation located in Natura 2000 site with code ES0000001
LIFE4POLL957	2023-05-19	42.221526	-8.906672	WGS84	Spain	ES	island	"visual observation|photograph|Barberis et al. (in press) ""Insect-flower interactions in the Mediterranean area: a Citizen Science dataset collated within the LIFE 4 Pollinators project"". https://doi.org/xxxxx"	HumanObservation	ES0000001	observation located in Natura 2000 site with code ES0000001
LIFE4POLL958	2023-05-19	42.220223	-8.905878	WGS84	Spain	ES	island	"visual observation|photograph|Barberis et al. (in press) ""Insect-flower interactions in the Mediterranean area: a Citizen Science dataset collated within the LIFE 4 Pollinators project"". https://doi.org/xxxxx"	HumanObservation	ES0000001	observation located in Natura 2000 site with code ES0000001
LIFE4POLL959	2023-05-19	42.220366	-8.904483	WGS84	Spain	ES	island	"visual observation|photograph|Barberis et al. (in press) ""Insect-flower interactions in the Mediterranean area: a Citizen Science dataset collated within the LIFE 4 Pollinators project"". https://doi.org/xxxxx"	HumanObservation	ES0000001	observation located in Natura 2000 site with code ES0000001
LIFE4POLL960	2023-05-21*	37.756063	24.941001	WGS84	Greece	GR	island, lowland	"visual observation|photograph|Barberis et al. (in press) ""Insect-flower interactions in the Mediterranean area: a Citizen Science dataset collated within the LIFE 4 Pollinators project"". https://doi.org/xxxxx"	HumanObservation	ES0000001	observation located in Natura 2000 site with code ES0000001
LIFE4POLL961	2023-05-19	42.217045	-8.903003	WGS84	Spain	ES	island, seaside	"visual observation|photograph|Barberis et al. (in press) ""Insect-flower interactions in the Mediterranean area: a Citizen Science dataset collated within the LIFE 4 Pollinators project"". https://doi.org/xxxxx"	HumanObservation	ES0000001	observation located in Natura 2000 site with code ES0000001
LIFE4POLL962	2023-05-21*	38.057063	23.801763	WGS84	Greece	GR	urban	"visual observation|photograph|Barberis et al. (in press) ""Insect-flower interactions in the Mediterranean area: a Citizen Science dataset collated within the LIFE 4 Pollinators project"". https://doi.org/xxxxx"	HumanObservation	ES0000001	observation located in Natura 2000 site with code ES0000001
LIFE4POLL963	2023-05-19	42.217172	-8.903067	WGS84	Spain	ES	island, seaside	"visual observation|photograph|Barberis et al. (in press) ""Insect-flower interactions in the Mediterranean area: a Citizen Science dataset collated within the LIFE 4 Pollinators project"". https://doi.org/xxxxx"	HumanObservation	ES0000001	observation located in Natura 2000 site with code ES0000001
LIFE4POLL964	2023-05-19	42.217235	-8.903046	WGS84	Spain	ES	island, seaside	"visual observation|photograph|Barberis et al. (in press) ""Insect-flower interactions in the Mediterranean area: a Citizen Science dataset collated within the LIFE 4 Pollinators project"". https://doi.org/xxxxx"	HumanObservation	ES0000001	observation located in Natura 2000 site with code ES0000001
LIFE4POLL965	2023-05-19	42.221915	-8.906693	WGS84	Spain	ES	island	"visual observation|photograph|Barberis et al. (in press) ""Insect-flower interactions in the Mediterranean area: a Citizen Science dataset collated within the LIFE 4 Pollinators project"". https://doi.org/xxxxx"	HumanObservation	ES0000001	observation located in Natura 2000 site with code ES0000001
LIFE4POLL966	2023-05-20	42.375963	-8.933065	WGS84	Spain	ES	island, seaside	"visual observation|photograph|Barberis et al. (in press) ""Insect-flower interactions in the Mediterranean area: a Citizen Science dataset collated within the LIFE 4 Pollinators project"". https://doi.org/xxxxx"	HumanObservation	ES0000254|ES1140004	observation located in Natura 2000 sites with codes ES0000254|ES1140004
LIFE4POLL967	2023-05-20	42.375714	-8.933258	WGS84	Spain	ES	island, seaside	"visual observation|photograph|Barberis et al. (in press) ""Insect-flower interactions in the Mediterranean area: a Citizen Science dataset collated within the LIFE 4 Pollinators project"". https://doi.org/xxxxx"	HumanObservation	ES0000254|ES1140004	observation located in Natura 2000 sites with codes ES0000254|ES1140004
LIFE4POLL968	2023-05-20	42.375809	-8.933237	WGS84	Spain	ES	island, seaside	"visual observation|photograph|Barberis et al. (in press) ""Insect-flower interactions in the Mediterranean area: a Citizen Science dataset collated within the LIFE 4 Pollinators project"". https://doi.org/xxxxx"	HumanObservation	ES0000254|ES1140004	observation located in Natura 2000 sites with codes ES0000254|ES1140004
LIFE4POLL969	2023-05-20	42.375678	-8.933269	WGS84	Spain	ES	island, seaside	"visual observation|photograph|Barberis et al. (in press) ""Insect-flower interactions in the Mediterranean area: a Citizen Science dataset collated within the LIFE 4 Pollinators project"". https://doi.org/xxxxx"	HumanObservation	ES0000254|ES1140004	observation located in Natura 2000 sites with codes ES0000254|ES1140004
LIFE4POLL970	2023-05-20	42.375714	-8.93328	WGS84	Spain	ES	island, seaside	"visual observation|photograph|Barberis et al. (in press) ""Insect-flower interactions in the Mediterranean area: a Citizen Science dataset collated within the LIFE 4 Pollinators project"". https://doi.org/xxxxx"	HumanObservation	ES0000254|ES1140004	observation located in Natura 2000 sites with codes ES0000254|ES1140004
LIFE4POLL971	2023-05-20	42.375619	-8.933376	WGS84	Spain	ES	island, seaside	"visual observation|photograph|Barberis et al. (in press) ""Insect-flower interactions in the Mediterranean area: a Citizen Science dataset collated within the LIFE 4 Pollinators project"". https://doi.org/xxxxx"	HumanObservation	ES0000254|ES1140004	observation located in Natura 2000 sites with codes ES0000254|ES1140004
LIFE4POLL972	2023-05-20	42.375666	-8.93328	WGS84	Spain	ES	island, seaside	"visual observation|photograph|Barberis et al. (in press) ""Insect-flower interactions in the Mediterranean area: a Citizen Science dataset collated within the LIFE 4 Pollinators project"". https://doi.org/xxxxx"	HumanObservation	ES0000254|ES1140004	observation located in Natura 2000 sites with codes ES0000254|ES1140004
LIFE4POLL973	2023-05-20	42.375698	-8.93328	WGS84	Spain	ES	island, seaside	"visual observation|photograph|Barberis et al. (in press) ""Insect-flower interactions in the Mediterranean area: a Citizen Science dataset collated within the LIFE 4 Pollinators project"". https://doi.org/xxxxx"	HumanObservation	ES0000254|ES1140004	observation located in Natura 2000 sites with codes ES0000254|ES1140004
LIFE4POLL974	2023-05-20	42.375682	-8.933322	WGS84	Spain	ES	island, seaside	"visual observation|photograph|Barberis et al. (in press) ""Insect-flower interactions in the Mediterranean area: a Citizen Science dataset collated within the LIFE 4 Pollinators project"". https://doi.org/xxxxx"	HumanObservation	ES0000254|ES1140004	observation located in Natura 2000 sites with codes ES0000254|ES1140004
LIFE4POLL975	2023-05-20	42.375151	-8.933671	WGS84	Spain	ES	island, seaside	"visual observation|photograph|Barberis et al. (in press) ""Insect-flower interactions in the Mediterranean area: a Citizen Science dataset collated within the LIFE 4 Pollinators project"". https://doi.org/xxxxx"	HumanObservation	ES0000254|ES1140004	observation located in Natura 2000 sites with codes ES0000254|ES1140004
LIFE4POLL976	2023-05-20	42.374556	-8.934063	WGS84	Spain	ES	island, seaside	"visual observation|photograph|Barberis et al. (in press) ""Insect-flower interactions in the Mediterranean area: a Citizen Science dataset collated within the LIFE 4 Pollinators project"". https://doi.org/xxxxx"	HumanObservation	ES0000254|ES1140004	observation located in Natura 2000 sites with codes ES0000254|ES1140004
LIFE4POLL977	2023-05-20	42.374208	-8.935726	WGS84	Spain	ES	island, seaside	"visual observation|photograph|Barberis et al. (in press) ""Insect-flower interactions in the Mediterranean area: a Citizen Science dataset collated within the LIFE 4 Pollinators project"". https://doi.org/xxxxx"	HumanObservation	ES0000254|ES1140004	observation located in Natura 2000 sites with codes ES0000254|ES1140004
LIFE4POLL978	2023-05-20	42.374144	-8.935618	WGS84	Spain	ES	island, seaside	"visual observation|photograph|Barberis et al. (in press) ""Insect-flower interactions in the Mediterranean area: a Citizen Science dataset collated within the LIFE 4 Pollinators project"". https://doi.org/xxxxx"	HumanObservation	ES0000254|ES1140004	observation located in Natura 2000 sites with codes ES0000254|ES1140004
LIFE4POLL979	2023-05-20	42.374081	-8.935661	WGS84	Spain	ES	island, seaside	"visual observation|photograph|Barberis et al. (in press) ""Insect-flower interactions in the Mediterranean area: a Citizen Science dataset collated within the LIFE 4 Pollinators project"". https://doi.org/xxxxx"	HumanObservation	ES0000254|ES1140004	observation located in Natura 2000 sites with codes ES0000254|ES1140004
LIFE4POLL980	2023-05-20	42.373859	-8.935436	WGS84	Spain	ES	island, seaside	"visual observation|photograph|Barberis et al. (in press) ""Insect-flower interactions in the Mediterranean area: a Citizen Science dataset collated within the LIFE 4 Pollinators project"". https://doi.org/xxxxx"	HumanObservation	ES0000254|ES1140004	observation located in Natura 2000 sites with codes ES0000254|ES1140004
LIFE4POLL981	2023-05-20	42.373843	-8.935769	WGS84	Spain	ES	island	"visual observation|photograph|Barberis et al. (in press) ""Insect-flower interactions in the Mediterranean area: a Citizen Science dataset collated within the LIFE 4 Pollinators project"". https://doi.org/xxxxx"	HumanObservation	ES0000254|ES1140004	observation located in Natura 2000 sites with codes ES0000254|ES1140004
LIFE4POLL982	2023-05-20	42.373859	-8.935962	WGS84	Spain	ES	island	"visual observation|photograph|Barberis et al. (in press) ""Insect-flower interactions in the Mediterranean area: a Citizen Science dataset collated within the LIFE 4 Pollinators project"". https://doi.org/xxxxx"	HumanObservation	ES0000254|ES1140004	observation located in Natura 2000 sites with codes ES0000254|ES1140004
LIFE4POLL983	2023-05-20	42.373843	-8.93608	WGS84	Spain	ES	island	"visual observation|photograph|Barberis et al. (in press) ""Insect-flower interactions in the Mediterranean area: a Citizen Science dataset collated within the LIFE 4 Pollinators project"". https://doi.org/xxxxx"	HumanObservation	ES0000254|ES1140004	observation located in Natura 2000 sites with codes ES0000254|ES1140004
LIFE4POLL984	2023-05-20	42.374144	-8.936605	WGS84	Spain	ES	island	"visual observation|photograph|Barberis et al. (in press) ""Insect-flower interactions in the Mediterranean area: a Citizen Science dataset collated within the LIFE 4 Pollinators project"". https://doi.org/xxxxx"	HumanObservation	ES0000254|ES1140004	observation located in Natura 2000 sites with codes ES0000254|ES1140004
LIFE4POLL985	2023-05-20	42.374081	-8.936455	WGS84	Spain	ES	island	"visual observation|photograph|Barberis et al. (in press) ""Insect-flower interactions in the Mediterranean area: a Citizen Science dataset collated within the LIFE 4 Pollinators project"". https://doi.org/xxxxx"	HumanObservation	ES0000254|ES1140004	observation located in Natura 2000 sites with codes ES0000254|ES1140004
LIFE4POLL986	2023-05-20	42.374049	-8.936305	WGS84	Spain	ES	island	"visual observation|photograph|Barberis et al. (in press) ""Insect-flower interactions in the Mediterranean area: a Citizen Science dataset collated within the LIFE 4 Pollinators project"". https://doi.org/xxxxx"	HumanObservation	ES0000254|ES1140004	observation located in Natura 2000 sites with codes ES0000254|ES1140004
LIFE4POLL987	2023-05-20	42.374049	-8.936799	WGS84	Spain	ES	island	"visual observation|photograph|Barberis et al. (in press) ""Insect-flower interactions in the Mediterranean area: a Citizen Science dataset collated within the LIFE 4 Pollinators project"". https://doi.org/xxxxx"	HumanObservation	ES0000254|ES1140004	observation located in Natura 2000 sites with codes ES0000254|ES1140004
LIFE4POLL988	2023-05-20	42.374144	-8.936648	WGS84	Spain	ES	island	"visual observation|photograph|Barberis et al. (in press) ""Insect-flower interactions in the Mediterranean area: a Citizen Science dataset collated within the LIFE 4 Pollinators project"". https://doi.org/xxxxx"	HumanObservation	ES0000254|ES1140004	observation located in Natura 2000 sites with codes ES0000254|ES1140004
LIFE4POLL989	2023-05-20	42.374271	-8.93682	WGS84	Spain	ES	island	"visual observation|photograph|Barberis et al. (in press) ""Insect-flower interactions in the Mediterranean area: a Citizen Science dataset collated within the LIFE 4 Pollinators project"". https://doi.org/xxxxx"	HumanObservation	ES0000254|ES1140004	observation located in Natura 2000 sites with codes ES0000254|ES1140004
LIFE4POLL990	2023-05-20	42.374152	-8.936788	WGS84	Spain	ES	island	"visual observation|photograph|Barberis et al. (in press) ""Insect-flower interactions in the Mediterranean area: a Citizen Science dataset collated within the LIFE 4 Pollinators project"". https://doi.org/xxxxx"	HumanObservation	ES0000254|ES1140004	observation located in Natura 2000 sites with codes ES0000254|ES1140004
LIFE4POLL991	2023-05-20	42.374176	-8.936777	WGS84	Spain	ES	island	"visual observation|photograph|Barberis et al. (in press) ""Insect-flower interactions in the Mediterranean area: a Citizen Science dataset collated within the LIFE 4 Pollinators project"". https://doi.org/xxxxx"	HumanObservation	ES0000254|ES1140004	observation located in Natura 2000 sites with codes ES0000254|ES1140004
LIFE4POLL992	2023-05-20	42.373352	-8.939459	WGS84	Spain	ES	island, seaside	"visual observation|photograph|Barberis et al. (in press) ""Insect-flower interactions in the Mediterranean area: a Citizen Science dataset collated within the LIFE 4 Pollinators project"". https://doi.org/xxxxx"	HumanObservation	ES0000254|ES1140004	observation located in Natura 2000 sites with codes ES0000254|ES1140004
LIFE4POLL993	2023-05-20	42.373225	-8.939524	WGS84	Spain	ES	island, seaside	"visual observation|photograph|Barberis et al. (in press) ""Insect-flower interactions in the Mediterranean area: a Citizen Science dataset collated within the LIFE 4 Pollinators project"". https://doi.org/xxxxx"	HumanObservation	ES0000254|ES1140004	observation located in Natura 2000 sites with codes ES0000254|ES1140004
LIFE4POLL994	2023-05-20	42.372401	-8.93961	WGS84	Spain	ES	island, seaside	"visual observation|photograph|Barberis et al. (in press) ""Insect-flower interactions in the Mediterranean area: a Citizen Science dataset collated within the LIFE 4 Pollinators project"". https://doi.org/xxxxx"	HumanObservation	ES0000254|ES1140004	observation located in Natura 2000 sites with codes ES0000254|ES1140004
LIFE4POLL995	2023-05-20	42.36904	-8.938022	WGS84	Spain	ES	island, seaside	"visual observation|photograph|Barberis et al. (in press) ""Insect-flower interactions in the Mediterranean area: a Citizen Science dataset collated within the LIFE 4 Pollinators project"". https://doi.org/xxxxx"	HumanObservation	ES0000254|ES1140004	observation located in Natura 2000 sites with codes ES0000254|ES1140004
LIFE4POLL996	2023-05-20	42.371101	-8.937576	WGS84	Spain	ES	island, seaside	"visual observation|photograph|Barberis et al. (in press) ""Insect-flower interactions in the Mediterranean area: a Citizen Science dataset collated within the LIFE 4 Pollinators project"". https://doi.org/xxxxx"	HumanObservation	ES0000254|ES1140004	observation located in Natura 2000 sites with codes ES0000254|ES1140004
LIFE4POLL997	2023-05-20	42.371164	-8.937528	WGS84	Spain	ES	island, seaside	"visual observation|photograph|Barberis et al. (in press) ""Insect-flower interactions in the Mediterranean area: a Citizen Science dataset collated within the LIFE 4 Pollinators project"". https://doi.org/xxxxx"	HumanObservation	ES0000254|ES1140004	observation located in Natura 2000 sites with codes ES0000254|ES1140004
LIFE4POLL998	2023-05-20	42.371449	-8.937099	WGS84	Spain	ES	island, seaside	"visual observation|photograph|Barberis et al. (in press) ""Insect-flower interactions in the Mediterranean area: a Citizen Science dataset collated within the LIFE 4 Pollinators project"". https://doi.org/xxxxx"	HumanObservation	ES0000254|ES1140004	observation located in Natura 2000 sites with codes ES0000254|ES1140004
LIFE4POLL999	2023-05-20	42.371544	-8.936863	WGS84	Spain	ES	island	"visual observation|photograph|Barberis et al. (in press) ""Insect-flower interactions in the Mediterranean area: a Citizen Science dataset collated within the LIFE 4 Pollinators project"". https://doi.org/xxxxx"	HumanObservation	ES0000254|ES1140004	observation located in Natura 2000 sites with codes ES0000254|ES1140004
LIFE4POLL1000	2023-05-20	42.371695	-8.936208	WGS84	Spain	ES	island	"visual observation|photograph|Barberis et al. (in press) ""Insect-flower interactions in the Mediterranean area: a Citizen Science dataset collated within the LIFE 4 Pollinators project"". https://doi.org/xxxxx"	HumanObservation	ES0000254|ES1140004	observation located in Natura 2000 sites with codes ES0000254|ES1140004
LIFE4POLL1002	2023-05-21*	42.376385	-8.93257	WGS84	Spain	ES	island	"visual observation|photograph|Barberis et al. (in press) ""Insect-flower interactions in the Mediterranean area: a Citizen Science dataset collated within the LIFE 4 Pollinators project"". https://doi.org/xxxxx"	HumanObservation	ES0000254|ES1140004	observation located in Natura 2000 sites with codes ES0000254|ES1140004
LIFE4POLL1003	2023-05-20	42.372543	-8.93476	WGS84	Spain	ES	island	"visual observation|photograph|Barberis et al. (in press) ""Insect-flower interactions in the Mediterranean area: a Citizen Science dataset collated within the LIFE 4 Pollinators project"". https://doi.org/xxxxx"	HumanObservation	ES0000254|ES1140004	observation located in Natura 2000 sites with codes ES0000254|ES1140004
LIFE4POLL1004	2023-05-20	42.3716	-8.934497	WGS84	Spain	ES	island, seaside	"visual observation|photograph|Barberis et al. (in press) ""Insect-flower interactions in the Mediterranean area: a Citizen Science dataset collated within the LIFE 4 Pollinators project"". https://doi.org/xxxxx"	HumanObservation	ES0000254|ES1140004	observation located in Natura 2000 sites with codes ES0000254|ES1140004
LIFE4POLL1005	2023-05-20	42.371636	-8.934299	WGS84	Spain	ES	island, seaside	"visual observation|photograph|Barberis et al. (in press) ""Insect-flower interactions in the Mediterranean area: a Citizen Science dataset collated within the LIFE 4 Pollinators project"". https://doi.org/xxxxx"	HumanObservation	ES0000254|ES1140004	observation located in Natura 2000 sites with codes ES0000254|ES1140004
LIFE4POLL1006	2023-05-20	42.378171	-8.93079	WGS84	Spain	ES	island, seaside	"visual observation|photograph|Barberis et al. (in press) ""Insect-flower interactions in the Mediterranean area: a Citizen Science dataset collated within the LIFE 4 Pollinators project"". https://doi.org/xxxxx"	HumanObservation	ES0000254|ES1140004	observation located in Natura 2000 sites with codes ES0000254|ES1140004
LIFE4POLL1007	2023-05-20	42.378226	-8.930683	WGS84	Spain	ES	island, seaside	"visual observation|photograph|Barberis et al. (in press) ""Insect-flower interactions in the Mediterranean area: a Citizen Science dataset collated within the LIFE 4 Pollinators project"". https://doi.org/xxxxx"	HumanObservation	ES0000254|ES1140004	observation located in Natura 2000 sites with codes ES0000254|ES1140004
LIFE4POLL1008	2023-05-20	42.378773	-8.930683	WGS84	Spain	ES	island, seaside	"visual observation|photograph|Barberis et al. (in press) ""Insect-flower interactions in the Mediterranean area: a Citizen Science dataset collated within the LIFE 4 Pollinators project"". https://doi.org/xxxxx"	HumanObservation	ES0000254|ES1140004	observation located in Natura 2000 sites with codes ES0000254|ES1140004
LIFE4POLL1009	2023-05-20	42.379106	-8.930426	WGS84	Spain	ES	island, seaside	"visual observation|photograph|Barberis et al. (in press) ""Insect-flower interactions in the Mediterranean area: a Citizen Science dataset collated within the LIFE 4 Pollinators project"". https://doi.org/xxxxx"	HumanObservation	ES0000254|ES1140004	observation located in Natura 2000 sites with codes ES0000254|ES1140004
LIFE4POLL1010	2023-05-20	42.379391	-8.930233	WGS84	Spain	ES	island, seaside	"visual observation|photograph|Barberis et al. (in press) ""Insect-flower interactions in the Mediterranean area: a Citizen Science dataset collated within the LIFE 4 Pollinators project"". https://doi.org/xxxxx"	HumanObservation	ES0000254|ES1140004	observation located in Natura 2000 sites with codes ES0000254|ES1140004
LIFE4POLL1011	2023-05-20	42.379344	-8.930318	WGS84	Spain	ES	island, seaside	"visual observation|photograph|Barberis et al. (in press) ""Insect-flower interactions in the Mediterranean area: a Citizen Science dataset collated within the LIFE 4 Pollinators project"". https://doi.org/xxxxx"	HumanObservation	ES0000254|ES1140004	observation located in Natura 2000 sites with codes ES0000254|ES1140004
LIFE4POLL1012	2023-05-20	42.38052	-8.93558	WGS84	Spain	ES	island	"visual observation|photograph|Barberis et al. (in press) ""Insect-flower interactions in the Mediterranean area: a Citizen Science dataset collated within the LIFE 4 Pollinators project"". https://doi.org/xxxxx"	HumanObservation	ES0000254|ES1140004	observation located in Natura 2000 sites with codes ES0000254|ES1140004
LIFE4POLL1013	2023-05-20	42.38052	-8.93558	WGS84	Spain	ES	island	"visual observation|photograph|Barberis et al. (in press) ""Insect-flower interactions in the Mediterranean area: a Citizen Science dataset collated within the LIFE 4 Pollinators project"". https://doi.org/xxxxx"	HumanObservation	ES0000254|ES1140004	observation located in Natura 2000 sites with codes ES0000254|ES1140004
LIFE4POLL1014	2023-05-20	42.38052	-8.93558	WGS84	Spain	ES	island	"visual observation|photograph|Barberis et al. (in press) ""Insect-flower interactions in the Mediterranean area: a Citizen Science dataset collated within the LIFE 4 Pollinators project"". https://doi.org/xxxxx"	HumanObservation	ES0000254|ES1140004	observation located in Natura 2000 sites with codes ES0000254|ES1140004
LIFE4POLL1015	2023-05-20	42.38052	-8.93558	WGS84	Spain	ES	island	"visual observation|photograph|Barberis et al. (in press) ""Insect-flower interactions in the Mediterranean area: a Citizen Science dataset collated within the LIFE 4 Pollinators project"". https://doi.org/xxxxx"	HumanObservation	ES0000254|ES1140004	observation located in Natura 2000 sites with codes ES0000254|ES1140004
LIFE4POLL1016	2023-05-20	42.368437	-8.935103	WGS84	Spain	ES	island, seaside	"visual observation|photograph|Barberis et al. (in press) ""Insect-flower interactions in the Mediterranean area: a Citizen Science dataset collated within the LIFE 4 Pollinators project"". https://doi.org/xxxxx"	HumanObservation	ES0000254|ES1140004	observation located in Natura 2000 sites with codes ES0000254|ES1140004
LIFE4POLL1017	2023-05-20	42.374398	-8.933258	WGS84	Spain	ES	island, seaside	"visual observation|photograph|Barberis et al. (in press) ""Insect-flower interactions in the Mediterranean area: a Citizen Science dataset collated within the LIFE 4 Pollinators project"". https://doi.org/xxxxx"	HumanObservation	ES0000254|ES1140004	observation located in Natura 2000 sites with codes ES0000254|ES1140004
LIFE4POLL1018	2023-05-20	42.374953	-8.933258	WGS84	Spain	ES	island, seaside	"visual observation|photograph|Barberis et al. (in press) ""Insect-flower interactions in the Mediterranean area: a Citizen Science dataset collated within the LIFE 4 Pollinators project"". https://doi.org/xxxxx"	HumanObservation	ES0000254|ES1140004	observation located in Natura 2000 sites with codes ES0000254|ES1140004
LIFE4POLL1019	2023-05-20	42.373383	-8.934803	WGS84	Spain	ES	island, seaside	"visual observation|photograph|Barberis et al. (in press) ""Insect-flower interactions in the Mediterranean area: a Citizen Science dataset collated within the LIFE 4 Pollinators project"". https://doi.org/xxxxx"	HumanObservation	ES0000254|ES1140004	observation located in Natura 2000 sites with codes ES0000254|ES1140004
LIFE4POLL1020	2023-05-20	42.374271	-8.937378	WGS84	Spain	ES	island	"visual observation|photograph|Barberis et al. (in press) ""Insect-flower interactions in the Mediterranean area: a Citizen Science dataset collated within the LIFE 4 Pollinators project"". https://doi.org/xxxxx"	HumanObservation	ES0000254|ES1140004	observation located in Natura 2000 sites with codes ES0000254|ES1140004
LIFE4POLL1021	2023-05-20	42.374747	-8.93549	WGS84	Spain	ES	island	"visual observation|photograph|Barberis et al. (in press) ""Insect-flower interactions in the Mediterranean area: a Citizen Science dataset collated within the LIFE 4 Pollinators project"". https://doi.org/xxxxx"	HumanObservation	ES0000254|ES1140004	observation located in Natura 2000 sites with codes ES0000254|ES1140004
LIFE4POLL1022	2023-05-20	42.371481	-8.936691	WGS84	Spain	ES	island	"visual observation|photograph|Barberis et al. (in press) ""Insect-flower interactions in the Mediterranean area: a Citizen Science dataset collated within the LIFE 4 Pollinators project"". https://doi.org/xxxxx"	HumanObservation	ES0000254|ES1140004	observation located in Natura 2000 sites with codes ES0000254|ES1140004
LIFE4POLL1023	2023-05-20	42.371481	-8.937206	WGS84	Spain	ES	island	"visual observation|photograph|Barberis et al. (in press) ""Insect-flower interactions in the Mediterranean area: a Citizen Science dataset collated within the LIFE 4 Pollinators project"". https://doi.org/xxxxx"	HumanObservation	ES0000254|ES1140004	observation located in Natura 2000 sites with codes ES0000254|ES1140004
LIFE4POLL1025	2023-05-20	42.369579	-8.938923	WGS84	Spain	ES	island, seaside	"visual observation|photograph|Barberis et al. (in press) ""Insect-flower interactions in the Mediterranean area: a Citizen Science dataset collated within the LIFE 4 Pollinators project"". https://doi.org/xxxxx"	HumanObservation	ES0000254|ES1140004	observation located in Natura 2000 sites with codes ES0000254|ES1140004
LIFE4POLL1026	2023-05-20	42.372115	-8.938065	WGS84	Spain	ES	island	"visual observation|photograph|Barberis et al. (in press) ""Insect-flower interactions in the Mediterranean area: a Citizen Science dataset collated within the LIFE 4 Pollinators project"". https://doi.org/xxxxx"	HumanObservation	ES0000254|ES1140004	observation located in Natura 2000 sites with codes ES0000254|ES1140004
LIFE4POLL1027	2023-05-20	42.374128	-8.937614	WGS84	Spain	ES	island	"visual observation|photograph|Barberis et al. (in press) ""Insect-flower interactions in the Mediterranean area: a Citizen Science dataset collated within the LIFE 4 Pollinators project"". https://doi.org/xxxxx"	HumanObservation	ES0000254|ES1140004	observation located in Natura 2000 sites with codes ES0000254|ES1140004
LIFE4POLL1028	2023-05-20	42.372749	-8.937893	WGS84	Spain	ES	island	"visual observation|photograph|Barberis et al. (in press) ""Insect-flower interactions in the Mediterranean area: a Citizen Science dataset collated within the LIFE 4 Pollinators project"". https://doi.org/xxxxx"	HumanObservation	ES0000254|ES1140004	observation located in Natura 2000 sites with codes ES0000254|ES1140004
LIFE4POLL1030	2023-05-20	42.373257	-8.937206	WGS84	Spain	ES	island	"visual observation|photograph|Barberis et al. (in press) ""Insect-flower interactions in the Mediterranean area: a Citizen Science dataset collated within the LIFE 4 Pollinators project"". https://doi.org/xxxxx"	HumanObservation	ES0000254|ES1140004	observation located in Natura 2000 sites with codes ES0000254|ES1140004
LIFE4POLL1031	2023-05-20	42.369959	-8.939438	WGS84	Spain	ES	island, seaside	"visual observation|photograph|Barberis et al. (in press) ""Insect-flower interactions in the Mediterranean area: a Citizen Science dataset collated within the LIFE 4 Pollinators project"". https://doi.org/xxxxx"	HumanObservation	ES0000254|ES1140004	observation located in Natura 2000 sites with codes ES0000254|ES1140004
LIFE4POLL1032	2023-05-20	42.370593	-8.938923	WGS84	Spain	ES	island, seaside	"visual observation|photograph|Barberis et al. (in press) ""Insect-flower interactions in the Mediterranean area: a Citizen Science dataset collated within the LIFE 4 Pollinators project"". https://doi.org/xxxxx"	HumanObservation	ES0000254|ES1140004	observation located in Natura 2000 sites with codes ES0000254|ES1140004
LIFE4POLL1034	2023-05-21*	41.902695	-8.873616	WGS84	Spain	ES	urban, seaside	"visual observation|photograph|Barberis et al. (in press) ""Insect-flower interactions in the Mediterranean area: a Citizen Science dataset collated within the LIFE 4 Pollinators project"". https://doi.org/xxxxx"	HumanObservation	ES0000254|ES1140004	observation located in Natura 2000 sites with codes ES0000254|ES1140004
LIFE4POLL1035	2023-05-21*	41.902502	-8.870675	WGS84	Spain	ES	urban, seaside	"visual observation|photograph|Barberis et al. (in press) ""Insect-flower interactions in the Mediterranean area: a Citizen Science dataset collated within the LIFE 4 Pollinators project"". https://doi.org/xxxxx"	HumanObservation	ES0000254|ES1140004	observation located in Natura 2000 sites with codes ES0000254|ES1140004
LIFE4POLL1036	2023-05-21*	41.902502	-8.870675	WGS84	Spain	ES	urban, seaside	"visual observation|photograph|Barberis et al. (in press) ""Insect-flower interactions in the Mediterranean area: a Citizen Science dataset collated within the LIFE 4 Pollinators project"". https://doi.org/xxxxx"	HumanObservation	OutsideNatura2000	observation located outside Natura 2000 sites
LIFE4POLL1037	2023-05-21*	41.902502	-8.870675	WGS84	Spain	ES	urban, seaside	"visual observation|photograph|Barberis et al. (in press) ""Insect-flower interactions in the Mediterranean area: a Citizen Science dataset collated within the LIFE 4 Pollinators project"". https://doi.org/xxxxx"	HumanObservation	OutsideNatura2000	observation located outside Natura 2000 sites
LIFE4POLL1038	2023-05-21*	41.902502	-8.870675	WGS84	Spain	ES	urban, seaside	"visual observation|photograph|Barberis et al. (in press) ""Insect-flower interactions in the Mediterranean area: a Citizen Science dataset collated within the LIFE 4 Pollinators project"". https://doi.org/xxxxx"	HumanObservation	OutsideNatura2000	observation located outside Natura 2000 sites
LIFE4POLL1039	2023-05-21*	41.902463	-8.870671	WGS84	Spain	ES	urban, seaside	"visual observation|photograph|Barberis et al. (in press) ""Insect-flower interactions in the Mediterranean area: a Citizen Science dataset collated within the LIFE 4 Pollinators project"". https://doi.org/xxxxx"	HumanObservation	OutsideNatura2000	observation located outside Natura 2000 sites
LIFE4POLL1040	2023-05-21*	41.902463	-8.870671	WGS84	Spain	ES	urban, seaside	"visual observation|photograph|Barberis et al. (in press) ""Insect-flower interactions in the Mediterranean area: a Citizen Science dataset collated within the LIFE 4 Pollinators project"". https://doi.org/xxxxx"	HumanObservation	OutsideNatura2000	observation located outside Natura 2000 sites
LIFE4POLL1041	2023-05-21*	41.902463	-8.870671	WGS84	Spain	ES	urban, seaside	"visual observation|photograph|Barberis et al. (in press) ""Insect-flower interactions in the Mediterranean area: a Citizen Science dataset collated within the LIFE 4 Pollinators project"". https://doi.org/xxxxx"	HumanObservation	OutsideNatura2000	observation located outside Natura 2000 sites
LIFE4POLL1042	2023-05-20	42.38052	-8.93558	WGS84	Spain	ES	island	"visual observation|photograph|Barberis et al. (in press) ""Insect-flower interactions in the Mediterranean area: a Citizen Science dataset collated within the LIFE 4 Pollinators project"". https://doi.org/xxxxx"	HumanObservation	ES0000254|ES1140004	observation located in Natura 2000 sites with codes ES0000254|ES1140004
LIFE4POLL1043	2023-05-20	42.38052	-8.93558	WGS84	Spain	ES	island	"visual observation|photograph|Barberis et al. (in press) ""Insect-flower interactions in the Mediterranean area: a Citizen Science dataset collated within the LIFE 4 Pollinators project"". https://doi.org/xxxxx"	HumanObservation	ES0000254|ES1140004	observation located in Natura 2000 sites with codes ES0000254|ES1140004
LIFE4POLL1045	2023-05-20	42.38052	-8.93558	WGS84	Spain	ES	island	"visual observation|photograph|Barberis et al. (in press) ""Insect-flower interactions in the Mediterranean area: a Citizen Science dataset collated within the LIFE 4 Pollinators project"". https://doi.org/xxxxx"	HumanObservation	ES0000254|ES1140004	observation located in Natura 2000 sites with codes ES0000254|ES1140004
LIFE4POLL1046	2023-05-21*	42.365631	-8.93558	WGS84	Spain	ES	island, seaside	"visual observation|photograph|Barberis et al. (in press) ""Insect-flower interactions in the Mediterranean area: a Citizen Science dataset collated within the LIFE 4 Pollinators project"". https://doi.org/xxxxx"	HumanObservation	ES0000254|ES1140004	observation located in Natura 2000 sites with codes ES0000254|ES1140004
LIFE4POLL1047	2023-05-21*	42.365631	-8.93558	WGS84	Spain	ES	island, seaside	"visual observation|photograph|Barberis et al. (in press) ""Insect-flower interactions in the Mediterranean area: a Citizen Science dataset collated within the LIFE 4 Pollinators project"". https://doi.org/xxxxx"	HumanObservation	ES0000254|ES1140004	observation located in Natura 2000 sites with codes ES0000254|ES1140004
LIFE4POLL1048	2023-05-21*	42.365631	-8.93558	WGS84	Spain	ES	island, seaside	"visual observation|photograph|Barberis et al. (in press) ""Insect-flower interactions in the Mediterranean area: a Citizen Science dataset collated within the LIFE 4 Pollinators project"". https://doi.org/xxxxx"	HumanObservation	ES0000254|ES1140004	observation located in Natura 2000 sites with codes ES0000254|ES1140004
LIFE4POLL1049	2023-05-21*	42.365631	-8.93558	WGS84	Spain	ES	island, seaside	"visual observation|photograph|Barberis et al. (in press) ""Insect-flower interactions in the Mediterranean area: a Citizen Science dataset collated within the LIFE 4 Pollinators project"". https://doi.org/xxxxx"	HumanObservation	ES0000254|ES1140004	observation located in Natura 2000 sites with codes ES0000254|ES1140004
LIFE4POLL1050	2023-05-21*	42.365631	-8.93558	WGS84	Spain	ES	island, seaside	"visual observation|photograph|Barberis et al. (in press) ""Insect-flower interactions in the Mediterranean area: a Citizen Science dataset collated within the LIFE 4 Pollinators project"". https://doi.org/xxxxx"	HumanObservation	ES0000254|ES1140004	observation located in Natura 2000 sites with codes ES0000254|ES1140004
LIFE4POLL1051	2023-05-21*	42.365631	-8.93558	WGS84	Spain	ES	island, seaside	"visual observation|photograph|Barberis et al. (in press) ""Insect-flower interactions in the Mediterranean area: a Citizen Science dataset collated within the LIFE 4 Pollinators project"". https://doi.org/xxxxx"	HumanObservation	ES0000254|ES1140004	observation located in Natura 2000 sites with codes ES0000254|ES1140004
LIFE4POLL1052	2023-05-21*	42.365631	-8.93558	WGS84	Spain	ES	island, seaside	"visual observation|photograph|Barberis et al. (in press) ""Insect-flower interactions in the Mediterranean area: a Citizen Science dataset collated within the LIFE 4 Pollinators project"". https://doi.org/xxxxx"	HumanObservation	ES0000254|ES1140004	observation located in Natura 2000 sites with codes ES0000254|ES1140004
LIFE4POLL1053	2023-05-21*	42.365631	-8.93558	WGS84	Spain	ES	island, seaside	"visual observation|photograph|Barberis et al. (in press) ""Insect-flower interactions in the Mediterranean area: a Citizen Science dataset collated within the LIFE 4 Pollinators project"". https://doi.org/xxxxx"	HumanObservation	ES0000254|ES1140004	observation located in Natura 2000 sites with codes ES0000254|ES1140004
LIFE4POLL1054	2023-05-21*	42.365631	-8.93558	WGS84	Spain	ES	island, seaside	"visual observation|photograph|Barberis et al. (in press) ""Insect-flower interactions in the Mediterranean area: a Citizen Science dataset collated within the LIFE 4 Pollinators project"". https://doi.org/xxxxx"	HumanObservation	ES0000254|ES1140004	observation located in Natura 2000 sites with codes ES0000254|ES1140004
LIFE4POLL1055	2023-05-21*	42.365631	-8.93558	WGS84	Spain	ES	island, seaside	"visual observation|photograph|Barberis et al. (in press) ""Insect-flower interactions in the Mediterranean area: a Citizen Science dataset collated within the LIFE 4 Pollinators project"". https://doi.org/xxxxx"	HumanObservation	ES0000254|ES1140004	observation located in Natura 2000 sites with codes ES0000254|ES1140004
LIFE4POLL1056	2023-05-21*	42.365631	-8.93558	WGS84	Spain	ES	island, seaside	"visual observation|photograph|Barberis et al. (in press) ""Insect-flower interactions in the Mediterranean area: a Citizen Science dataset collated within the LIFE 4 Pollinators project"". https://doi.org/xxxxx"	HumanObservation	ES0000254|ES1140004	observation located in Natura 2000 sites with codes ES0000254|ES1140004
LIFE4POLL1057	2023-05-21*	42.365631	-8.93558	WGS84	Spain	ES	island, seaside	"visual observation|photograph|Barberis et al. (in press) ""Insect-flower interactions in the Mediterranean area: a Citizen Science dataset collated within the LIFE 4 Pollinators project"". https://doi.org/xxxxx"	HumanObservation	ES0000254|ES1140004	observation located in Natura 2000 sites with codes ES0000254|ES1140004
LIFE4POLL1058	2023-05-21*	42.365631	-8.93558	WGS84	Spain	ES	island, seaside	"visual observation|photograph|Barberis et al. (in press) ""Insect-flower interactions in the Mediterranean area: a Citizen Science dataset collated within the LIFE 4 Pollinators project"". https://doi.org/xxxxx"	HumanObservation	ES0000254|ES1140004	observation located in Natura 2000 sites with codes ES0000254|ES1140004
LIFE4POLL1059	2023-05-21*	42.365631	-8.93558	WGS84	Spain	ES	island, seaside	"visual observation|photograph|Barberis et al. (in press) ""Insect-flower interactions in the Mediterranean area: a Citizen Science dataset collated within the LIFE 4 Pollinators project"". https://doi.org/xxxxx"	HumanObservation	ES0000254|ES1140004	observation located in Natura 2000 sites with codes ES0000254|ES1140004
LIFE4POLL1060	2023-05-21*	42.365631	-8.93558	WGS84	Spain	ES	island, seaside	"visual observation|photograph|Barberis et al. (in press) ""Insect-flower interactions in the Mediterranean area: a Citizen Science dataset collated within the LIFE 4 Pollinators project"". https://doi.org/xxxxx"	HumanObservation	ES0000254|ES1140004	observation located in Natura 2000 sites with codes ES0000254|ES1140004
LIFE4POLL1061	2023-05-21*	42.365631	-8.93558	WGS84	Spain	ES	island, seaside	"visual observation|photograph|Barberis et al. (in press) ""Insect-flower interactions in the Mediterranean area: a Citizen Science dataset collated within the LIFE 4 Pollinators project"". https://doi.org/xxxxx"	HumanObservation	ES0000254|ES1140004	observation located in Natura 2000 sites with codes ES0000254|ES1140004
LIFE4POLL1062	2023-05-21*	42.365631	-8.93558	WGS84	Spain	ES	island, seaside	"visual observation|photograph|Barberis et al. (in press) ""Insect-flower interactions in the Mediterranean area: a Citizen Science dataset collated within the LIFE 4 Pollinators project"". https://doi.org/xxxxx"	HumanObservation	ES0000254|ES1140004	observation located in Natura 2000 sites with codes ES0000254|ES1140004
LIFE4POLL1063	2023-05-21*	42.365631	-8.93558	WGS84	Spain	ES	island, seaside	"visual observation|photograph|Barberis et al. (in press) ""Insect-flower interactions in the Mediterranean area: a Citizen Science dataset collated within the LIFE 4 Pollinators project"". https://doi.org/xxxxx"	HumanObservation	ES0000254|ES1140004	observation located in Natura 2000 sites with codes ES0000254|ES1140004
LIFE4POLL1066	2023-05-21*	42.376078	-8.933065	WGS84	Spain	ES	island, seaside	"visual observation|photograph|Barberis et al. (in press) ""Insect-flower interactions in the Mediterranean area: a Citizen Science dataset collated within the LIFE 4 Pollinators project"". https://doi.org/xxxxx"	HumanObservation	ES0000254|ES1140004	observation located in Natura 2000 sites with codes ES0000254|ES1140004
LIFE4POLL1067	2023-05-21*	42.37611	-8.933065	WGS84	Spain	ES	island, seaside	"visual observation|photograph|Barberis et al. (in press) ""Insect-flower interactions in the Mediterranean area: a Citizen Science dataset collated within the LIFE 4 Pollinators project"". https://doi.org/xxxxx"	HumanObservation	ES0000254|ES1140004	observation located in Natura 2000 sites with codes ES0000254|ES1140004
LIFE4POLL1068	2023-05-21*	42.376173	-8.933022	WGS84	Spain	ES	island, seaside	"visual observation|photograph|Barberis et al. (in press) ""Insect-flower interactions in the Mediterranean area: a Citizen Science dataset collated within the LIFE 4 Pollinators project"". https://doi.org/xxxxx"	HumanObservation	ES0000254|ES1140004	observation located in Natura 2000 sites with codes ES0000254|ES1140004
LIFE4POLL1070	2023-05-21*	42.376094	-8.933065	WGS84	Spain	ES	island, seaside	"visual observation|photograph|Barberis et al. (in press) ""Insect-flower interactions in the Mediterranean area: a Citizen Science dataset collated within the LIFE 4 Pollinators project"". https://doi.org/xxxxx"	HumanObservation	ES0000254|ES1140004	observation located in Natura 2000 sites with codes ES0000254|ES1140004
LIFE4POLL1071	2023-05-21*	42.376062	-8.933043	WGS84	Spain	ES	island, seaside	"visual observation|photograph|Barberis et al. (in press) ""Insect-flower interactions in the Mediterranean area: a Citizen Science dataset collated within the LIFE 4 Pollinators project"". https://doi.org/xxxxx"	HumanObservation	ES0000254|ES1140004	observation located in Natura 2000 sites with codes ES0000254|ES1140004
LIFE4POLL1072	2023-05-21*	42.37584	-8.933204	WGS84	Spain	ES	island, seaside	"visual observation|photograph|Barberis et al. (in press) ""Insect-flower interactions in the Mediterranean area: a Citizen Science dataset collated within the LIFE 4 Pollinators project"". https://doi.org/xxxxx"	HumanObservation	ES0000254|ES1140004	observation located in Natura 2000 sites with codes ES0000254|ES1140004
LIFE4POLL1074	2023-05-21*	42.374969	-8.933859	WGS84	Spain	ES	island, seaside	"visual observation|photograph|Barberis et al. (in press) ""Insect-flower interactions in the Mediterranean area: a Citizen Science dataset collated within the LIFE 4 Pollinators project"". https://doi.org/xxxxx"	HumanObservation	ES0000254|ES1140004	observation located in Natura 2000 sites with codes ES0000254|ES1140004
LIFE4POLL1075	2023-05-21*	42.374905	-8.933773	WGS84	Spain	ES	island, seaside	"visual observation|photograph|Barberis et al. (in press) ""Insect-flower interactions in the Mediterranean area: a Citizen Science dataset collated within the LIFE 4 Pollinators project"". https://doi.org/xxxxx"	HumanObservation	ES0000254|ES1140004	observation located in Natura 2000 sites with codes ES0000254|ES1140004
LIFE4POLL1076	2023-05-21*	42.375222	-8.93358	WGS84	Spain	ES	island, seaside	"visual observation|photograph|Barberis et al. (in press) ""Insect-flower interactions in the Mediterranean area: a Citizen Science dataset collated within the LIFE 4 Pollinators project"". https://doi.org/xxxxx"	HumanObservation	ES0000254|ES1140004	observation located in Natura 2000 sites with codes ES0000254|ES1140004
LIFE4POLL1079	2023-05-21*	42.374121	-8.934996	WGS84	Spain	ES	island, seaside	"visual observation|photograph|Barberis et al. (in press) ""Insect-flower interactions in the Mediterranean area: a Citizen Science dataset collated within the LIFE 4 Pollinators project"". https://doi.org/xxxxx"	HumanObservation	ES0000254|ES1140004	observation located in Natura 2000 sites with codes ES0000254|ES1140004
LIFE4POLL1080	2023-05-21*	42.374081	-8.934975	WGS84	Spain	ES	island, seaside	"visual observation|photograph|Barberis et al. (in press) ""Insect-flower interactions in the Mediterranean area: a Citizen Science dataset collated within the LIFE 4 Pollinators project"". https://doi.org/xxxxx"	HumanObservation	ES0000254|ES1140004	observation located in Natura 2000 sites with codes ES0000254|ES1140004
LIFE4POLL1082	2023-05-21*	42.373875	-8.936434	WGS84	Spain	ES	island	"visual observation|photograph|Barberis et al. (in press) ""Insect-flower interactions in the Mediterranean area: a Citizen Science dataset collated within the LIFE 4 Pollinators project"". https://doi.org/xxxxx"	HumanObservation	ES0000254|ES1140004	observation located in Natura 2000 sites with codes ES0000254|ES1140004
LIFE4POLL1083	2023-05-21*	42.373922	-8.936219	WGS84	Spain	ES	island	"visual observation|photograph|Barberis et al. (in press) ""Insect-flower interactions in the Mediterranean area: a Citizen Science dataset collated within the LIFE 4 Pollinators project"". https://doi.org/xxxxx"	HumanObservation	ES0000254|ES1140004	observation located in Natura 2000 sites with codes ES0000254|ES1140004
LIFE4POLL1084	2023-05-21*	42.373799	-8.936149	WGS84	Spain	ES	island	"visual observation|photograph|Barberis et al. (in press) ""Insect-flower interactions in the Mediterranean area: a Citizen Science dataset collated within the LIFE 4 Pollinators project"". https://doi.org/xxxxx"	HumanObservation	ES0000254|ES1140004	observation located in Natura 2000 sites with codes ES0000254|ES1140004
LIFE4POLL1085	2023-05-21*	42.373859	-8.936327	WGS84	Spain	ES	island	"visual observation|photograph|Barberis et al. (in press) ""Insect-flower interactions in the Mediterranean area: a Citizen Science dataset collated within the LIFE 4 Pollinators project"". https://doi.org/xxxxx"	HumanObservation	ES0000254|ES1140004	observation located in Natura 2000 sites with codes ES0000254|ES1140004
LIFE4POLL1086	2023-05-21*	42.373764	-8.936391	WGS84	Spain	ES	island	"visual observation|photograph|Barberis et al. (in press) ""Insect-flower interactions in the Mediterranean area: a Citizen Science dataset collated within the LIFE 4 Pollinators project"". https://doi.org/xxxxx"	HumanObservation	ES0000254|ES1140004	observation located in Natura 2000 sites with codes ES0000254|ES1140004
LIFE4POLL1087	2023-05-21*	42.373827	-8.936176	WGS84	Spain	ES	island	"visual observation|photograph|Barberis et al. (in press) ""Insect-flower interactions in the Mediterranean area: a Citizen Science dataset collated within the LIFE 4 Pollinators project"". https://doi.org/xxxxx"	HumanObservation	ES0000254|ES1140004	observation located in Natura 2000 sites with codes ES0000254|ES1140004
LIFE4POLL1088	2023-05-21*	42.373875	-8.936005	WGS84	Spain	ES	island	"visual observation|photograph|Barberis et al. (in press) ""Insect-flower interactions in the Mediterranean area: a Citizen Science dataset collated within the LIFE 4 Pollinators project"". https://doi.org/xxxxx"	HumanObservation	ES0000254|ES1140004	observation located in Natura 2000 sites with codes ES0000254|ES1140004
LIFE4POLL1089	2023-05-21*	42.373859	-8.936455	WGS84	Spain	ES	island	"visual observation|photograph|Barberis et al. (in press) ""Insect-flower interactions in the Mediterranean area: a Citizen Science dataset collated within the LIFE 4 Pollinators project"". https://doi.org/xxxxx"	HumanObservation	ES0000254|ES1140004	observation located in Natura 2000 sites with codes ES0000254|ES1140004
LIFE4POLL1090	2023-05-21*	42.373922	-8.93652	WGS84	Spain	ES	island	"visual observation|photograph|Barberis et al. (in press) ""Insect-flower interactions in the Mediterranean area: a Citizen Science dataset collated within the LIFE 4 Pollinators project"". https://doi.org/xxxxx"	HumanObservation	ES0000254|ES1140004	observation located in Natura 2000 sites with codes ES0000254|ES1140004
LIFE4POLL1091	2023-05-21*	42.373859	-8.936305	WGS84	Spain	ES	island	"visual observation|photograph|Barberis et al. (in press) ""Insect-flower interactions in the Mediterranean area: a Citizen Science dataset collated within the LIFE 4 Pollinators project"". https://doi.org/xxxxx"	HumanObservation	ES0000254|ES1140004	observation located in Natura 2000 sites with codes ES0000254|ES1140004
LIFE4POLL1092	2023-05-21*	42.373748	-8.936348	WGS84	Spain	ES	island	"visual observation|photograph|Barberis et al. (in press) ""Insect-flower interactions in the Mediterranean area: a Citizen Science dataset collated within the LIFE 4 Pollinators project"". https://doi.org/xxxxx"	HumanObservation	ES0000254|ES1140004	observation located in Natura 2000 sites with codes ES0000254|ES1140004
LIFE4POLL1093	2023-05-21*	42.373574	-8.936391	WGS84	Spain	ES	island	"visual observation|photograph|Barberis et al. (in press) ""Insect-flower interactions in the Mediterranean area: a Citizen Science dataset collated within the LIFE 4 Pollinators project"". https://doi.org/xxxxx"	HumanObservation	ES0000254|ES1140004	observation located in Natura 2000 sites with codes ES0000254|ES1140004
LIFE4POLL1097	2023-05-21*	42.37351	-8.936348	WGS84	Spain	ES	island	"visual observation|photograph|Barberis et al. (in press) ""Insect-flower interactions in the Mediterranean area: a Citizen Science dataset collated within the LIFE 4 Pollinators project"". https://doi.org/xxxxx"	HumanObservation	ES0000254|ES1140004	observation located in Natura 2000 sites with codes ES0000254|ES1140004
LIFE4POLL1101	2023-05-21*	42.371061	-8.937689	WGS84	Spain	ES	island	"visual observation|photograph|Barberis et al. (in press) ""Insect-flower interactions in the Mediterranean area: a Citizen Science dataset collated within the LIFE 4 Pollinators project"". https://doi.org/xxxxx"	HumanObservation	ES0000254|ES1140004	observation located in Natura 2000 sites with codes ES0000254|ES1140004
LIFE4POLL1102	2023-05-21*	42.371101	-8.937485	WGS84	Spain	ES	island	"visual observation|photograph|Barberis et al. (in press) ""Insect-flower interactions in the Mediterranean area: a Citizen Science dataset collated within the LIFE 4 Pollinators project"". https://doi.org/xxxxx"	HumanObservation	ES0000254|ES1140004	observation located in Natura 2000 sites with codes ES0000254|ES1140004
LIFE4POLL1103	2023-05-21*	42.371101	-8.937464	WGS84	Spain	ES	island	"visual observation|photograph|Barberis et al. (in press) ""Insect-flower interactions in the Mediterranean area: a Citizen Science dataset collated within the LIFE 4 Pollinators project"". https://doi.org/xxxxx"	HumanObservation	ES0000254|ES1140004	observation located in Natura 2000 sites with codes ES0000254|ES1140004
LIFE4POLL1104	2023-05-21*	42.371164	-8.937464	WGS84	Spain	ES	island	"visual observation|photograph|Barberis et al. (in press) ""Insect-flower interactions in the Mediterranean area: a Citizen Science dataset collated within the LIFE 4 Pollinators project"". https://doi.org/xxxxx"	HumanObservation	ES0000254|ES1140004	observation located in Natura 2000 sites with codes ES0000254|ES1140004
LIFE4POLL1105	2023-05-21*	42.371212	-8.937314	WGS84	Spain	ES	island	"visual observation|photograph|Barberis et al. (in press) ""Insect-flower interactions in the Mediterranean area: a Citizen Science dataset collated within the LIFE 4 Pollinators project"". https://doi.org/xxxxx"	HumanObservation	ES0000254|ES1140004	observation located in Natura 2000 sites with codes ES0000254|ES1140004
LIFE4POLL1106	2023-05-21*	42.371291	-8.937163	WGS84	Spain	ES	island	"visual observation|photograph|Barberis et al. (in press) ""Insect-flower interactions in the Mediterranean area: a Citizen Science dataset collated within the LIFE 4 Pollinators project"". https://doi.org/xxxxx"	HumanObservation	ES0000254|ES1140004	observation located in Natura 2000 sites with codes ES0000254|ES1140004
LIFE4POLL1107	2023-05-21*	42.371164	-8.937378	WGS84	Spain	ES	island	"visual observation|photograph|Barberis et al. (in press) ""Insect-flower interactions in the Mediterranean area: a Citizen Science dataset collated within the LIFE 4 Pollinators project"". https://doi.org/xxxxx"	HumanObservation	ES0000254|ES1140004	observation located in Natura 2000 sites with codes ES0000254|ES1140004
LIFE4POLL1111	2023-05-21*	42.371354	-8.936605	WGS84	Spain	ES	island	"visual observation|photograph|Barberis et al. (in press) ""Insect-flower interactions in the Mediterranean area: a Citizen Science dataset collated within the LIFE 4 Pollinators project"". https://doi.org/xxxxx"	HumanObservation	ES0000254|ES1140004	observation located in Natura 2000 sites with codes ES0000254|ES1140004
LIFE4POLL1112	2023-05-21*	42.371703	-8.935962	WGS84	Spain	ES	island	"visual observation|photograph|Barberis et al. (in press) ""Insect-flower interactions in the Mediterranean area: a Citizen Science dataset collated within the LIFE 4 Pollinators project"". https://doi.org/xxxxx"	HumanObservation	ES0000254|ES1140004	observation located in Natura 2000 sites with codes ES0000254|ES1140004
LIFE4POLL1113	2023-05-21*	42.372321	-8.935275	WGS84	Spain	ES	island	"visual observation|photograph|Barberis et al. (in press) ""Insect-flower interactions in the Mediterranean area: a Citizen Science dataset collated within the LIFE 4 Pollinators project"". https://doi.org/xxxxx"	HumanObservation	ES0000254|ES1140004	observation located in Natura 2000 sites with codes ES0000254|ES1140004
LIFE4POLL1114	2023-05-21*	na	na	na	na	na	na	"visual observation|photograph|Barberis et al. (in press) ""Insect-flower interactions in the Mediterranean area: a Citizen Science dataset collated within the LIFE 4 Pollinators project"". https://doi.org/xxxxx"	HumanObservation	na	observation without coordinates
LIFE4POLL1115	2023-05-19	42.21709	-8.90823	WGS84	Spain	ES	island	"visual observation|photograph|Barberis et al. (in press) ""Insect-flower interactions in the Mediterranean area: a Citizen Science dataset collated within the LIFE 4 Pollinators project"". https://doi.org/xxxxx"	HumanObservation	ES0000001	observation located in Natura 2000 site with code ES0000001
LIFE4POLL1116	2023-05-19	42.870393	-8.549133	WGS84	Spain	ES	urban	"visual observation|photograph|Barberis et al. (in press) ""Insect-flower interactions in the Mediterranean area: a Citizen Science dataset collated within the LIFE 4 Pollinators project"". https://doi.org/xxxxx"	HumanObservation	ES0000001	observation located in Natura 2000 site with code ES0000001
LIFE4POLL1117	2023-05-19	42.21709	-8.90823	WGS84	Spain	ES	island	"visual observation|photograph|Barberis et al. (in press) ""Insect-flower interactions in the Mediterranean area: a Citizen Science dataset collated within the LIFE 4 Pollinators project"". https://doi.org/xxxxx"	HumanObservation	ES0000001	observation located in Natura 2000 site with code ES0000001
LIFE4POLL1118	2023-05-19	42.22134	-8.90569	WGS84	Spain	ES	island	"visual observation|photograph|Barberis et al. (in press) ""Insect-flower interactions in the Mediterranean area: a Citizen Science dataset collated within the LIFE 4 Pollinators project"". https://doi.org/xxxxx"	HumanObservation	ES0000001	observation located in Natura 2000 site with code ES0000001
LIFE4POLL1119	2023-05-19	42.22134	-8.90569	WGS84	Spain	ES	island	"visual observation|photograph|Barberis et al. (in press) ""Insect-flower interactions in the Mediterranean area: a Citizen Science dataset collated within the LIFE 4 Pollinators project"". https://doi.org/xxxxx"	HumanObservation	ES0000001	observation located in Natura 2000 site with code ES0000001
LIFE4POLL1120	2023-05-19	42.21709	-8.90823	WGS84	Spain	ES	island	"visual observation|photograph|Barberis et al. (in press) ""Insect-flower interactions in the Mediterranean area: a Citizen Science dataset collated within the LIFE 4 Pollinators project"". https://doi.org/xxxxx"	HumanObservation	ES0000001	observation located in Natura 2000 site with code ES0000001
LIFE4POLL1121	2023-05-21*	42.37802	-8.93276	WGS84	Spain	ES	island	"visual observation|photograph|Barberis et al. (in press) ""Insect-flower interactions in the Mediterranean area: a Citizen Science dataset collated within the LIFE 4 Pollinators project"". https://doi.org/xxxxx"	HumanObservation	ES0000254|ES1140004	observation located in Natura 2000 sites with codes ES0000254|ES1140004
LIFE4POLL1122	2023-05-21*	na	na	na	na	na	seaside	"visual observation|photograph|Barberis et al. (in press) ""Insect-flower interactions in the Mediterranean area: a Citizen Science dataset collated within the LIFE 4 Pollinators project"". https://doi.org/xxxxx"	HumanObservation	na	observation without coordinates
LIFE4POLL1123	2023-05-21*	na	na	na	na	na	na	"visual observation|photograph|Barberis et al. (in press) ""Insect-flower interactions in the Mediterranean area: a Citizen Science dataset collated within the LIFE 4 Pollinators project"". https://doi.org/xxxxx"	HumanObservation	na	observation without coordinates
LIFE4POLL1124	2023-05-21*	na	na	na	na	na	na	"visual observation|photograph|Barberis et al. (in press) ""Insect-flower interactions in the Mediterranean area: a Citizen Science dataset collated within the LIFE 4 Pollinators project"". https://doi.org/xxxxx"	HumanObservation	na	observation without coordinates
LIFE4POLL1125	2023-05-21*	na	na	na	na	na	na	"visual observation|photograph|Barberis et al. (in press) ""Insect-flower interactions in the Mediterranean area: a Citizen Science dataset collated within the LIFE 4 Pollinators project"". https://doi.org/xxxxx"	HumanObservation	na	observation without coordinates
LIFE4POLL1126	2023-05-21*	na	na	na	na	na	na	"visual observation|photograph|Barberis et al. (in press) ""Insect-flower interactions in the Mediterranean area: a Citizen Science dataset collated within the LIFE 4 Pollinators project"". https://doi.org/xxxxx"	HumanObservation	na	observation without coordinates
LIFE4POLL1127	2023-05-21*	na	na	na	na	na	na	"visual observation|photograph|Barberis et al. (in press) ""Insect-flower interactions in the Mediterranean area: a Citizen Science dataset collated within the LIFE 4 Pollinators project"". https://doi.org/xxxxx"	HumanObservation	na	observation without coordinates
LIFE4POLL1128	2023-05-21*	na	na	na	na	na	na	"visual observation|photograph|Barberis et al. (in press) ""Insect-flower interactions in the Mediterranean area: a Citizen Science dataset collated within the LIFE 4 Pollinators project"". https://doi.org/xxxxx"	HumanObservation	na	observation without coordinates
LIFE4POLL1129	2023-05-21*	na	na	na	na	na	na	"visual observation|photograph|Barberis et al. (in press) ""Insect-flower interactions in the Mediterranean area: a Citizen Science dataset collated within the LIFE 4 Pollinators project"". https://doi.org/xxxxx"	HumanObservation	na	observation without coordinates
LIFE4POLL1130	2023-05-21*	na	na	na	na	na	na	"visual observation|photograph|Barberis et al. (in press) ""Insect-flower interactions in the Mediterranean area: a Citizen Science dataset collated within the LIFE 4 Pollinators project"". https://doi.org/xxxxx"	HumanObservation	na	observation without coordinates
LIFE4POLL1131	2023-05-21*	na	na	na	na	na	na	"visual observation|photograph|Barberis et al. (in press) ""Insect-flower interactions in the Mediterranean area: a Citizen Science dataset collated within the LIFE 4 Pollinators project"". https://doi.org/xxxxx"	HumanObservation	na	observation without coordinates
LIFE4POLL1132	2023-05-21*	na	na	na	na	na	na	"visual observation|photograph|Barberis et al. (in press) ""Insect-flower interactions in the Mediterranean area: a Citizen Science dataset collated within the LIFE 4 Pollinators project"". https://doi.org/xxxxx"	HumanObservation	na	observation without coordinates
LIFE4POLL1133	2023-05-21*	na	na	na	na	na	na	"visual observation|photograph|Barberis et al. (in press) ""Insect-flower interactions in the Mediterranean area: a Citizen Science dataset collated within the LIFE 4 Pollinators project"". https://doi.org/xxxxx"	HumanObservation	na	observation without coordinates
LIFE4POLL1135	2023-05-21*	na	na	na	na	na	na	"visual observation|photograph|Barberis et al. (in press) ""Insect-flower interactions in the Mediterranean area: a Citizen Science dataset collated within the LIFE 4 Pollinators project"". https://doi.org/xxxxx"	HumanObservation	na	observation without coordinates
LIFE4POLL1136	2023-05-21*	na	na	na	na	na	na	"visual observation|photograph|Barberis et al. (in press) ""Insect-flower interactions in the Mediterranean area: a Citizen Science dataset collated within the LIFE 4 Pollinators project"". https://doi.org/xxxxx"	HumanObservation	na	observation without coordinates
LIFE4POLL1137	2023-05-21*	na	na	na	na	na	na	"visual observation|photograph|Barberis et al. (in press) ""Insect-flower interactions in the Mediterranean area: a Citizen Science dataset collated within the LIFE 4 Pollinators project"". https://doi.org/xxxxx"	HumanObservation	na	observation without coordinates
LIFE4POLL1138	2023-05-21*	na	na	na	na	na	na	"visual observation|photograph|Barberis et al. (in press) ""Insect-flower interactions in the Mediterranean area: a Citizen Science dataset collated within the LIFE 4 Pollinators project"". https://doi.org/xxxxx"	HumanObservation	na	observation without coordinates
LIFE4POLL1140	2023-05-21*	42.235635	-8.903046	WGS84	Spain	ES	island	"visual observation|photograph|Barberis et al. (in press) ""Insect-flower interactions in the Mediterranean area: a Citizen Science dataset collated within the LIFE 4 Pollinators project"". https://doi.org/xxxxx"	HumanObservation	ES0000001	observation located in Natura 2000 site with code ES0000001
LIFE4POLL1141	2023-05-22*	42.232585	-8.901672	WGS84	Spain	ES	island	"visual observation|photograph|Barberis et al. (in press) ""Insect-flower interactions in the Mediterranean area: a Citizen Science dataset collated within the LIFE 4 Pollinators project"". https://doi.org/xxxxx"	HumanObservation	ES0000001	observation located in Natura 2000 site with code ES0000001
LIFE4POLL1142	2023-05-22*	42.233602	-8.903046	WGS84	Spain	ES	island	"visual observation|photograph|Barberis et al. (in press) ""Insect-flower interactions in the Mediterranean area: a Citizen Science dataset collated within the LIFE 4 Pollinators project"". https://doi.org/xxxxx"	HumanObservation	ES0000001	observation located in Natura 2000 site with code ES0000001
LIFE4POLL1143	2023-05-22*	42.237669	-8.904419	WGS84	Spain	ES	island	"visual observation|photograph|Barberis et al. (in press) ""Insect-flower interactions in the Mediterranean area: a Citizen Science dataset collated within the LIFE 4 Pollinators project"". https://doi.org/xxxxx"	HumanObservation	ES0000001	observation located in Natura 2000 site with code ES0000001
LIFE4POLL1144	2023-05-22*	42.23411	-8.903046	WGS84	Spain	ES	island	"visual observation|photograph|Barberis et al. (in press) ""Insect-flower interactions in the Mediterranean area: a Citizen Science dataset collated within the LIFE 4 Pollinators project"". https://doi.org/xxxxx"	HumanObservation	ES0000001	observation located in Natura 2000 site with code ES0000001
LIFE4POLL1145	2023-05-22*	42.230551	-8.903046	WGS84	Spain	ES	island	"visual observation|photograph|Barberis et al. (in press) ""Insect-flower interactions in the Mediterranean area: a Citizen Science dataset collated within the LIFE 4 Pollinators project"". https://doi.org/xxxxx"	HumanObservation	ES0000001	observation located in Natura 2000 site with code ES0000001
LIFE4POLL1146	2023-05-22*	42.237669	-8.905792	WGS84	Spain	ES	island	"visual observation|photograph|Barberis et al. (in press) ""Insect-flower interactions in the Mediterranean area: a Citizen Science dataset collated within the LIFE 4 Pollinators project"". https://doi.org/xxxxx"	HumanObservation	ES0000001	observation located in Natura 2000 site with code ES0000001
LIFE4POLL1147	2023-05-22*	42.371005	-8.937721	WGS84	Spain	ES	island	"visual observation|photograph|Barberis et al. (in press) ""Insect-flower interactions in the Mediterranean area: a Citizen Science dataset collated within the LIFE 4 Pollinators project"". https://doi.org/xxxxx"	HumanObservation	ES0000254|ES1140004	observation located in Natura 2000 sites with codes ES0000254|ES1140004
LIFE4POLL1148	2023-05-22*	42.229026	-8.903732	WGS84	Spain	ES	island	"visual observation|photograph|Barberis et al. (in press) ""Insect-flower interactions in the Mediterranean area: a Citizen Science dataset collated within the LIFE 4 Pollinators project"". https://doi.org/xxxxx"	HumanObservation	ES0000001	observation located in Natura 2000 site with code ES0000001
LIFE4POLL1149	2023-05-22*	42.228517	-8.898926	WGS84	Spain	ES	island	"visual observation|photograph|Barberis et al. (in press) ""Insect-flower interactions in the Mediterranean area: a Citizen Science dataset collated within the LIFE 4 Pollinators project"". https://doi.org/xxxxx"	HumanObservation	ES0000001	observation located in Natura 2000 site with code ES0000001
LIFE4POLL1150	2023-05-22*	42.234618	-8.904419	WGS84	Spain	ES	island	"visual observation|photograph|Barberis et al. (in press) ""Insect-flower interactions in the Mediterranean area: a Citizen Science dataset collated within the LIFE 4 Pollinators project"". https://doi.org/xxxxx"	HumanObservation	ES0000001	observation located in Natura 2000 site with code ES0000001
LIFE4POLL1151	2023-05-22*	42.228517	-8.898926	WGS84	Spain	ES	island	"visual observation|photograph|Barberis et al. (in press) ""Insect-flower interactions in the Mediterranean area: a Citizen Science dataset collated within the LIFE 4 Pollinators project"". https://doi.org/xxxxx"	HumanObservation	ES0000001	observation located in Natura 2000 site with code ES0000001
LIFE4POLL1152	2023-05-22*	42.230551	-8.901672	WGS84	Spain	ES	island	"visual observation|photograph|Barberis et al. (in press) ""Insect-flower interactions in the Mediterranean area: a Citizen Science dataset collated within the LIFE 4 Pollinators project"". https://doi.org/xxxxx"	HumanObservation	ES0000001	observation located in Natura 2000 site with code ES0000001
LIFE4POLL1153	2023-05-22*	42.235635	-8.903046	WGS84	Spain	ES	island	"visual observation|photograph|Barberis et al. (in press) ""Insect-flower interactions in the Mediterranean area: a Citizen Science dataset collated within the LIFE 4 Pollinators project"". https://doi.org/xxxxx"	HumanObservation	ES0000001	observation located in Natura 2000 site with code ES0000001
LIFE4POLL1154	2023-05-22*	42.235127	-8.903046	WGS84	Spain	ES	island	"visual observation|photograph|Barberis et al. (in press) ""Insect-flower interactions in the Mediterranean area: a Citizen Science dataset collated within the LIFE 4 Pollinators project"". https://doi.org/xxxxx"	HumanObservation	ES0000001	observation located in Natura 2000 site with code ES0000001
LIFE4POLL1155	2023-05-22*	42.233602	-8.903046	WGS84	Spain	ES	island	"visual observation|photograph|Barberis et al. (in press) ""Insect-flower interactions in the Mediterranean area: a Citizen Science dataset collated within the LIFE 4 Pollinators project"". https://doi.org/xxxxx"	HumanObservation	ES0000001	observation located in Natura 2000 site with code ES0000001
LIFE4POLL1156	2023-05-19	42.240382	-8.904809	WGS84	Spain	ES	seaside	"visual observation|photograph|Barberis et al. (in press) ""Insect-flower interactions in the Mediterranean area: a Citizen Science dataset collated within the LIFE 4 Pollinators project"". https://doi.org/xxxxx"	HumanObservation	ES0000001	observation located in Natura 2000 site with code ES0000001
LIFE4POLL1157	2023-05-22*	42.228517	-8.904419	WGS84	Spain	ES	island	"visual observation|photograph|Barberis et al. (in press) ""Insect-flower interactions in the Mediterranean area: a Citizen Science dataset collated within the LIFE 4 Pollinators project"". https://doi.org/xxxxx"	HumanObservation	ES0000001	observation located in Natura 2000 site with code ES0000001
LIFE4POLL1158	2023-05-22*	42.2275	-8.904419	WGS84	Spain	ES	island	"visual observation|photograph|Barberis et al. (in press) ""Insect-flower interactions in the Mediterranean area: a Citizen Science dataset collated within the LIFE 4 Pollinators project"". https://doi.org/xxxxx"	HumanObservation	ES0000001	observation located in Natura 2000 site with code ES0000001
LIFE4POLL1159	2023-05-22*	42.234364	-8.903389	WGS84	Spain	ES	island	"visual observation|photograph|Barberis et al. (in press) ""Insect-flower interactions in the Mediterranean area: a Citizen Science dataset collated within the LIFE 4 Pollinators project"". https://doi.org/xxxxx"	HumanObservation	ES0000001	observation located in Natura 2000 site with code ES0000001
LIFE4POLL1161	2023-05-19	42.230471	-8.902242	WGS84	Spain	ES	island	"visual observation|photograph|Barberis et al. (in press) ""Insect-flower interactions in the Mediterranean area: a Citizen Science dataset collated within the LIFE 4 Pollinators project"". https://doi.org/xxxxx"	HumanObservation	OutsideNatura2000	observation located outside Natura 2000 sites
LIFE4POLL1162	2023-05-19	42.217494	-8.906865	WGS84	Spain	ES	island	"visual observation|photograph|Barberis et al. (in press) ""Insect-flower interactions in the Mediterranean area: a Citizen Science dataset collated within the LIFE 4 Pollinators project"". https://doi.org/xxxxx"	HumanObservation	OutsideNatura2000	observation located outside Natura 2000 sites
LIFE4POLL1164	2023-05-19	42.235922	-8.903964	WGS84	Spain	ES	island	"visual observation|photograph|Barberis et al. (in press) ""Insect-flower interactions in the Mediterranean area: a Citizen Science dataset collated within the LIFE 4 Pollinators project"". https://doi.org/xxxxx"	HumanObservation	OutsideNatura2000	observation located outside Natura 2000 sites
LIFE4POLL1166	2023-05-22*	42.380865	-8.935318	WGS84	Spain	ES	island	"visual observation|photograph|Barberis et al. (in press) ""Insect-flower interactions in the Mediterranean area: a Citizen Science dataset collated within the LIFE 4 Pollinators project"". https://doi.org/xxxxx"	HumanObservation	ES0000254|ES1140004	observation located in Natura 2000 sites with codes ES0000254|ES1140004
LIFE4POLL1169	2023-05-22*	42.377822	-8.939438	WGS84	Spain	ES	island	"visual observation|photograph|Barberis et al. (in press) ""Insect-flower interactions in the Mediterranean area: a Citizen Science dataset collated within the LIFE 4 Pollinators project"". https://doi.org/xxxxx"	HumanObservation	ES0000254|ES1140004	observation located in Natura 2000 sites with codes ES0000254|ES1140004
LIFE4POLL1170	2023-05-22*	42.378836	-8.936691	WGS84	Spain	ES	island	"visual observation|photograph|Barberis et al. (in press) ""Insect-flower interactions in the Mediterranean area: a Citizen Science dataset collated within the LIFE 4 Pollinators project"". https://doi.org/xxxxx"	HumanObservation	ES0000254|ES1140004	observation located in Natura 2000 sites with codes ES0000254|ES1140004
LIFE4POLL1171	2023-05-22*	42.3763	-8.936005	WGS84	Spain	ES	island	"visual observation|photograph|Barberis et al. (in press) ""Insect-flower interactions in the Mediterranean area: a Citizen Science dataset collated within the LIFE 4 Pollinators project"". https://doi.org/xxxxx"	HumanObservation	ES0000254|ES1140004	observation located in Natura 2000 sites with codes ES0000254|ES1140004
LIFE4POLL1173	2023-05-22*	42.379344	-8.936005	WGS84	Spain	ES	island	"visual observation|photograph|Barberis et al. (in press) ""Insect-flower interactions in the Mediterranean area: a Citizen Science dataset collated within the LIFE 4 Pollinators project"". https://doi.org/xxxxx"	HumanObservation	ES0000254|ES1140004	observation located in Natura 2000 sites with codes ES0000254|ES1140004
LIFE4POLL1175	2023-05-22*	42.376807	-8.936005	WGS84	Spain	ES	island	"visual observation|photograph|Barberis et al. (in press) ""Insect-flower interactions in the Mediterranean area: a Citizen Science dataset collated within the LIFE 4 Pollinators project"". https://doi.org/xxxxx"	HumanObservation	ES0000254|ES1140004	observation located in Natura 2000 sites with codes ES0000254|ES1140004
LIFE4POLL1177	2023-05-22*	42.378836	-8.937378	WGS84	Spain	ES	island	"visual observation|photograph|Barberis et al. (in press) ""Insect-flower interactions in the Mediterranean area: a Citizen Science dataset collated within the LIFE 4 Pollinators project"". https://doi.org/xxxxx"	HumanObservation	ES0000254|ES1140004	observation located in Natura 2000 sites with codes ES0000254|ES1140004
LIFE4POLL1178	2023-05-22*	42.377822	-8.938065	WGS84	Spain	ES	island	"visual observation|photograph|Barberis et al. (in press) ""Insect-flower interactions in the Mediterranean area: a Citizen Science dataset collated within the LIFE 4 Pollinators project"". https://doi.org/xxxxx"	HumanObservation	ES0000254|ES1140004	observation located in Natura 2000 sites with codes ES0000254|ES1140004
LIFE4POLL1180	2023-05-22*	42.376807	-8.936691	WGS84	Spain	ES	island	"visual observation|photograph|Barberis et al. (in press) ""Insect-flower interactions in the Mediterranean area: a Citizen Science dataset collated within the LIFE 4 Pollinators project"". https://doi.org/xxxxx"	HumanObservation	ES0000254|ES1140004	observation located in Natura 2000 sites with codes ES0000254|ES1140004
LIFE4POLL1183	2023-05-22	45.014839	7.622044	WGS84	Italy	IT	urban	"visual observation|photograph|Barberis et al. (in press) ""Insect-flower interactions in the Mediterranean area: a Citizen Science dataset collated within the LIFE 4 Pollinators project"". https://doi.org/xxxxx"	HumanObservation	ES0000254|ES1140004	observation located in Natura 2000 sites with codes ES0000254|ES1140004
LIFE4POLL1184	2023-05-22*	42.378836	-8.936005	WGS84	Spain	ES	island	"visual observation|photograph|Barberis et al. (in press) ""Insect-flower interactions in the Mediterranean area: a Citizen Science dataset collated within the LIFE 4 Pollinators project"". https://doi.org/xxxxx"	HumanObservation	ES0000254|ES1140004	observation located in Natura 2000 sites with codes ES0000254|ES1140004
LIFE4POLL1185	2023-05-22*	42.374778	-8.937378	WGS84	Spain	ES	island	"visual observation|photograph|Barberis et al. (in press) ""Insect-flower interactions in the Mediterranean area: a Citizen Science dataset collated within the LIFE 4 Pollinators project"". https://doi.org/xxxxx"	HumanObservation	ES0000254|ES1140004	observation located in Natura 2000 sites with codes ES0000254|ES1140004
LIFE4POLL1186	2023-05-22*	42.375793	-8.937378	WGS84	Spain	ES	island	"visual observation|photograph|Barberis et al. (in press) ""Insect-flower interactions in the Mediterranean area: a Citizen Science dataset collated within the LIFE 4 Pollinators project"". https://doi.org/xxxxx"	HumanObservation	ES0000254|ES1140004	observation located in Natura 2000 sites with codes ES0000254|ES1140004
LIFE4POLL1187	2023-05-22*	42.373764	-8.936005	WGS84	Spain	ES	island	"visual observation|photograph|Barberis et al. (in press) ""Insect-flower interactions in the Mediterranean area: a Citizen Science dataset collated within the LIFE 4 Pollinators project"". https://doi.org/xxxxx"	HumanObservation	ES0000254|ES1140004	observation located in Natura 2000 sites with codes ES0000254|ES1140004
LIFE4POLL1188	2023-05-22	45.014726	7.625681	WGS84	Italy	IT	urban	"visual observation|photograph|Barberis et al. (in press) ""Insect-flower interactions in the Mediterranean area: a Citizen Science dataset collated within the LIFE 4 Pollinators project"". https://doi.org/xxxxx"	HumanObservation	ES0000254|ES1140004	observation located in Natura 2000 sites with codes ES0000254|ES1140004
LIFE4POLL1189	2023-05-22*	42.377822	-8.936005	WGS84	Spain	ES	island	"visual observation|photograph|Barberis et al. (in press) ""Insect-flower interactions in the Mediterranean area: a Citizen Science dataset collated within the LIFE 4 Pollinators project"". https://doi.org/xxxxx"	HumanObservation	ES0000254|ES1140004	observation located in Natura 2000 sites with codes ES0000254|ES1140004
LIFE4POLL1190	2023-05-22*	42.375793	-8.936005	WGS84	Spain	ES	island	"visual observation|photograph|Barberis et al. (in press) ""Insect-flower interactions in the Mediterranean area: a Citizen Science dataset collated within the LIFE 4 Pollinators project"". https://doi.org/xxxxx"	HumanObservation	ES0000254|ES1140004	observation located in Natura 2000 sites with codes ES0000254|ES1140004
LIFE4POLL1191	2023-05-22*	42.371735	-8.936691	WGS84	Spain	ES	island	"visual observation|photograph|Barberis et al. (in press) ""Insect-flower interactions in the Mediterranean area: a Citizen Science dataset collated within the LIFE 4 Pollinators project"". https://doi.org/xxxxx"	HumanObservation	ES0000254|ES1140004	observation located in Natura 2000 sites with codes ES0000254|ES1140004
LIFE4POLL1192	2023-05-22*	42.372749	-8.938065	WGS84	Spain	ES	island	"visual observation|photograph|Barberis et al. (in press) ""Insect-flower interactions in the Mediterranean area: a Citizen Science dataset collated within the LIFE 4 Pollinators project"". https://doi.org/xxxxx"	HumanObservation	ES0000254|ES1140004	observation located in Natura 2000 sites with codes ES0000254|ES1140004
LIFE4POLL1193	2023-05-22*	42.373764	-8.937378	WGS84	Spain	ES	island	"visual observation|photograph|Barberis et al. (in press) ""Insect-flower interactions in the Mediterranean area: a Citizen Science dataset collated within the LIFE 4 Pollinators project"". https://doi.org/xxxxx"	HumanObservation	ES0000254|ES1140004	observation located in Natura 2000 sites with codes ES0000254|ES1140004
LIFE4POLL1195	2023-05-22*	42.373764	-8.937378	WGS84	Spain	ES	island	"visual observation|photograph|Barberis et al. (in press) ""Insect-flower interactions in the Mediterranean area: a Citizen Science dataset collated within the LIFE 4 Pollinators project"". https://doi.org/xxxxx"	HumanObservation	ES0000254|ES1140004	observation located in Natura 2000 sites with codes ES0000254|ES1140004
LIFE4POLL1196	2023-05-22*	42.372242	-8.936691	WGS84	Spain	ES	island	"visual observation|photograph|Barberis et al. (in press) ""Insect-flower interactions in the Mediterranean area: a Citizen Science dataset collated within the LIFE 4 Pollinators project"". https://doi.org/xxxxx"	HumanObservation	ES0000254|ES1140004	observation located in Natura 2000 sites with codes ES0000254|ES1140004
LIFE4POLL1197	2023-05-22*	42.373257	-8.937378	WGS84	Spain	ES	island	"visual observation|photograph|Barberis et al. (in press) ""Insect-flower interactions in the Mediterranean area: a Citizen Science dataset collated within the LIFE 4 Pollinators project"". https://doi.org/xxxxx"	HumanObservation	ES0000254|ES1140004	observation located in Natura 2000 sites with codes ES0000254|ES1140004
LIFE4POLL1198	2023-05-22*	42.37072	-8.936691	WGS84	Spain	ES	island	"visual observation|photograph|Barberis et al. (in press) ""Insect-flower interactions in the Mediterranean area: a Citizen Science dataset collated within the LIFE 4 Pollinators project"". https://doi.org/xxxxx"	HumanObservation	ES0000254|ES1140004	observation located in Natura 2000 sites with codes ES0000254|ES1140004
LIFE4POLL1199	2023-05-22*	42.371227	-8.936691	WGS84	Spain	ES	island	"visual observation|photograph|Barberis et al. (in press) ""Insect-flower interactions in the Mediterranean area: a Citizen Science dataset collated within the LIFE 4 Pollinators project"". https://doi.org/xxxxx"	HumanObservation	ES0000254|ES1140004	observation located in Natura 2000 sites with codes ES0000254|ES1140004
LIFE4POLL1200	2023-05-22*	42.371227	-8.936691	WGS84	Spain	ES	island	"visual observation|photograph|Barberis et al. (in press) ""Insect-flower interactions in the Mediterranean area: a Citizen Science dataset collated within the LIFE 4 Pollinators project"". https://doi.org/xxxxx"	HumanObservation	ES0000254|ES1140004	observation located in Natura 2000 sites with codes ES0000254|ES1140004
LIFE4POLL1201	2023-05-22*	42.371735	-8.936691	WGS84	Spain	ES	island	"visual observation|photograph|Barberis et al. (in press) ""Insect-flower interactions in the Mediterranean area: a Citizen Science dataset collated within the LIFE 4 Pollinators project"". https://doi.org/xxxxx"	HumanObservation	ES0000254|ES1140004	observation located in Natura 2000 sites with codes ES0000254|ES1140004
LIFE4POLL1204	2023-05-22*	42.367106	-8.936949	WGS84	Spain	ES	island	"visual observation|photograph|Barberis et al. (in press) ""Insect-flower interactions in the Mediterranean area: a Citizen Science dataset collated within the LIFE 4 Pollinators project"". https://doi.org/xxxxx"	HumanObservation	ES0000254|ES1140004	observation located in Natura 2000 sites with codes ES0000254|ES1140004
LIFE4POLL1205	2023-05-22	45.014809	7.622205	WGS84	Italy	IT	urban	"visual observation|photograph|Barberis et al. (in press) ""Insect-flower interactions in the Mediterranean area: a Citizen Science dataset collated within the LIFE 4 Pollinators project"". https://doi.org/xxxxx"	HumanObservation	ES0000254|ES1140004	observation located in Natura 2000 sites with codes ES0000254|ES1140004
LIFE4POLL1206	2023-05-22	45.014832	7.62213	WGS84	Italy	IT	urban	"visual observation|photograph|Barberis et al. (in press) ""Insect-flower interactions in the Mediterranean area: a Citizen Science dataset collated within the LIFE 4 Pollinators project"". https://doi.org/xxxxx"	HumanObservation	OutsideNatura2000	observation located outside Natura 2000 sites
LIFE4POLL1207	2023-05-22*	42.372749	-8.937378	WGS84	Spain	ES	island	"visual observation|photograph|Barberis et al. (in press) ""Insect-flower interactions in the Mediterranean area: a Citizen Science dataset collated within the LIFE 4 Pollinators project"". https://doi.org/xxxxx"	HumanObservation	ES0000254|ES1140004	observation located in Natura 2000 sites with codes ES0000254|ES1140004
LIFE4POLL1208	2023-05-22*	42.369452	-8.936691	WGS84	Spain	ES	island	"visual observation|photograph|Barberis et al. (in press) ""Insect-flower interactions in the Mediterranean area: a Citizen Science dataset collated within the LIFE 4 Pollinators project"". https://doi.org/xxxxx"	HumanObservation	ES0000254|ES1140004	observation located in Natura 2000 sites with codes ES0000254|ES1140004
LIFE4POLL1210	2023-05-22*	42.369706	-8.936691	WGS84	Spain	ES	island	"visual observation|photograph|Barberis et al. (in press) ""Insect-flower interactions in the Mediterranean area: a Citizen Science dataset collated within the LIFE 4 Pollinators project"". https://doi.org/xxxxx"	HumanObservation	ES0000254|ES1140004	observation located in Natura 2000 sites with codes ES0000254|ES1140004
LIFE4POLL1211	2023-05-22*	42.372749	-8.936691	WGS84	Spain	ES	island	"visual observation|photograph|Barberis et al. (in press) ""Insect-flower interactions in the Mediterranean area: a Citizen Science dataset collated within the LIFE 4 Pollinators project"". https://doi.org/xxxxx"	HumanObservation	ES0000254|ES1140004	observation located in Natura 2000 sites with codes ES0000254|ES1140004
LIFE4POLL1212	2023-05-22*	42.368437	-8.937035	WGS84	Spain	ES	island	"visual observation|photograph|Barberis et al. (in press) ""Insect-flower interactions in the Mediterranean area: a Citizen Science dataset collated within the LIFE 4 Pollinators project"". https://doi.org/xxxxx"	HumanObservation	ES0000254|ES1140004	observation located in Natura 2000 sites with codes ES0000254|ES1140004
LIFE4POLL1213	2023-05-22*	42.37072	-8.937378	WGS84	Spain	ES	island	"visual observation|photograph|Barberis et al. (in press) ""Insect-flower interactions in the Mediterranean area: a Citizen Science dataset collated within the LIFE 4 Pollinators project"". https://doi.org/xxxxx"	HumanObservation	ES0000254|ES1140004	observation located in Natura 2000 sites with codes ES0000254|ES1140004
LIFE4POLL1214	2023-05-22*	42.37072	-8.937378	WGS84	Spain	ES	island	"visual observation|photograph|Barberis et al. (in press) ""Insect-flower interactions in the Mediterranean area: a Citizen Science dataset collated within the LIFE 4 Pollinators project"". https://doi.org/xxxxx"	HumanObservation	ES0000254|ES1140004	observation located in Natura 2000 sites with codes ES0000254|ES1140004
LIFE4POLL1216	2023-05-22*	42.371227	-8.936691	WGS84	Spain	ES	island	"visual observation|photograph|Barberis et al. (in press) ""Insect-flower interactions in the Mediterranean area: a Citizen Science dataset collated within the LIFE 4 Pollinators project"". https://doi.org/xxxxx"	HumanObservation	ES0000254|ES1140004	observation located in Natura 2000 sites with codes ES0000254|ES1140004
LIFE4POLL1217	2023-05-22*	42.368628	-8.936949	WGS84	Spain	ES	island	"visual observation|photograph|Barberis et al. (in press) ""Insect-flower interactions in the Mediterranean area: a Citizen Science dataset collated within the LIFE 4 Pollinators project"". https://doi.org/xxxxx"	HumanObservation	ES0000254|ES1140004	observation located in Natura 2000 sites with codes ES0000254|ES1140004
LIFE4POLL1218	2023-05-22*	42.373257	-8.936691	WGS84	Spain	ES	island	"visual observation|photograph|Barberis et al. (in press) ""Insect-flower interactions in the Mediterranean area: a Citizen Science dataset collated within the LIFE 4 Pollinators project"". https://doi.org/xxxxx"	HumanObservation	ES0000254|ES1140004	observation located in Natura 2000 sites with codes ES0000254|ES1140004
LIFE4POLL1219	2023-05-22*	42.370213	-8.936005	WGS84	Spain	ES	island	"visual observation|photograph|Barberis et al. (in press) ""Insect-flower interactions in the Mediterranean area: a Citizen Science dataset collated within the LIFE 4 Pollinators project"". https://doi.org/xxxxx"	HumanObservation	ES0000254|ES1140004	observation located in Natura 2000 sites with codes ES0000254|ES1140004
LIFE4POLL1225	2023-05-19	42.2275	-8.903732	WGS84	Spain	ES	island	"visual observation|photograph|Barberis et al. (in press) ""Insect-flower interactions in the Mediterranean area: a Citizen Science dataset collated within the LIFE 4 Pollinators project"". https://doi.org/xxxxx"	HumanObservation	ES0000001	observation located in Natura 2000 site with code ES0000001
LIFE4POLL1226	2023-05-19	42.2275	-8.903732	WGS84	Spain	ES	island	"visual observation|photograph|Barberis et al. (in press) ""Insect-flower interactions in the Mediterranean area: a Citizen Science dataset collated within the LIFE 4 Pollinators project"". https://doi.org/xxxxx"	HumanObservation	ES0000001	observation located in Natura 2000 site with code ES0000001
LIFE4POLL1227	2023-05-19	42.230043	-8.905106	WGS84	Spain	ES	island	"visual observation|photograph|Barberis et al. (in press) ""Insect-flower interactions in the Mediterranean area: a Citizen Science dataset collated within the LIFE 4 Pollinators project"". https://doi.org/xxxxx"	HumanObservation	ES0000001	observation located in Natura 2000 site with code ES0000001
LIFE4POLL1229	2023-05-22*	42.205786	-8.463892	WGS84	Spain	ES	lowland	"visual observation|photograph|Barberis et al. (in press) ""Insect-flower interactions in the Mediterranean area: a Citizen Science dataset collated within the LIFE 4 Pollinators project"". https://doi.org/xxxxx"	HumanObservation	ES0000001	observation located in Natura 2000 site with code ES0000001
LIFE4POLL1231	2023-05-19	42.236398	-8.905106	WGS84	Spain	ES	island	"visual observation|photograph|Barberis et al. (in press) ""Insect-flower interactions in the Mediterranean area: a Citizen Science dataset collated within the LIFE 4 Pollinators project"". https://doi.org/xxxxx"	HumanObservation	ES0000001	observation located in Natura 2000 site with code ES0000001
LIFE4POLL1232	2023-05-19	42.235635	-8.905792	WGS84	Spain	ES	island	"visual observation|photograph|Barberis et al. (in press) ""Insect-flower interactions in the Mediterranean area: a Citizen Science dataset collated within the LIFE 4 Pollinators project"". https://doi.org/xxxxx"	HumanObservation	ES0000001	observation located in Natura 2000 site with code ES0000001
LIFE4POLL1233	2023-05-19	42.241735	-8.907509	WGS84	Spain	ES	island	"visual observation|photograph|Barberis et al. (in press) ""Insect-flower interactions in the Mediterranean area: a Citizen Science dataset collated within the LIFE 4 Pollinators project"". https://doi.org/xxxxx"	HumanObservation	ES0000001	observation located in Natura 2000 site with code ES0000001
LIFE4POLL1234	2023-05-22*	42.172324	-8.693079	WGS84	Spain	ES	lowland	"visual observation|photograph|Barberis et al. (in press) ""Insect-flower interactions in the Mediterranean area: a Citizen Science dataset collated within the LIFE 4 Pollinators project"". https://doi.org/xxxxx"	HumanObservation	OutsideNatura2000	observation located outside Natura 2000 sites
LIFE4POLL1235	2023-05-22*	42.172324	-8.693079	WGS84	Spain	ES	lowland	"visual observation|photograph|Barberis et al. (in press) ""Insect-flower interactions in the Mediterranean area: a Citizen Science dataset collated within the LIFE 4 Pollinators project"". https://doi.org/xxxxx"	HumanObservation	OutsideNatura2000	observation located outside Natura 2000 sites
LIFE4POLL1236	2023-05-22*	42.371633	-8.9361	WGS84	Spain	ES	island	"visual observation|photograph|Barberis et al. (in press) ""Insect-flower interactions in the Mediterranean area: a Citizen Science dataset collated within the LIFE 4 Pollinators project"". https://doi.org/xxxxx"	HumanObservation	OutsideNatura2000	observation located outside Natura 2000 sites
LIFE4POLL1237	2023-05-22*	42.3716	-8.9361	WGS84	Spain	ES	island	"visual observation|photograph|Barberis et al. (in press) ""Insect-flower interactions in the Mediterranean area: a Citizen Science dataset collated within the LIFE 4 Pollinators project"". https://doi.org/xxxxx"	HumanObservation	ES0000254|ES1140004	observation located in Natura 2000 sites with codes ES0000254|ES1140004
LIFE4POLL1238	2023-05-22*	42.3716	-8.9361	WGS84	Spain	ES	island	"visual observation|photograph|Barberis et al. (in press) ""Insect-flower interactions in the Mediterranean area: a Citizen Science dataset collated within the LIFE 4 Pollinators project"". https://doi.org/xxxxx"	HumanObservation	ES0000254|ES1140004	observation located in Natura 2000 sites with codes ES0000254|ES1140004
LIFE4POLL1242	2023-05-22*	42.3716	-8.9361	WGS84	Spain	ES	island	"visual observation|photograph|Barberis et al. (in press) ""Insect-flower interactions in the Mediterranean area: a Citizen Science dataset collated within the LIFE 4 Pollinators project"". https://doi.org/xxxxx"	HumanObservation	ES0000254|ES1140004	observation located in Natura 2000 sites with codes ES0000254|ES1140004
LIFE4POLL1243	2023-05-22*	42.3716	-8.9361	WGS84	Spain	ES	island	"visual observation|photograph|Barberis et al. (in press) ""Insect-flower interactions in the Mediterranean area: a Citizen Science dataset collated within the LIFE 4 Pollinators project"". https://doi.org/xxxxx"	HumanObservation	ES0000254|ES1140004	observation located in Natura 2000 sites with codes ES0000254|ES1140004
LIFE4POLL1244	2023-05-22*	42.3716	-8.9361	WGS84	Spain	ES	island	"visual observation|photograph|Barberis et al. (in press) ""Insect-flower interactions in the Mediterranean area: a Citizen Science dataset collated within the LIFE 4 Pollinators project"". https://doi.org/xxxxx"	HumanObservation	ES0000254|ES1140004	observation located in Natura 2000 sites with codes ES0000254|ES1140004
LIFE4POLL1245	2023-05-22*	42.3716	-8.9361	WGS84	Spain	ES	island	"visual observation|photograph|Barberis et al. (in press) ""Insect-flower interactions in the Mediterranean area: a Citizen Science dataset collated within the LIFE 4 Pollinators project"". https://doi.org/xxxxx"	HumanObservation	ES0000254|ES1140004	observation located in Natura 2000 sites with codes ES0000254|ES1140004
LIFE4POLL1246	2023-05-22*	42.3716	-8.9361	WGS84	Spain	ES	island	"visual observation|photograph|Barberis et al. (in press) ""Insect-flower interactions in the Mediterranean area: a Citizen Science dataset collated within the LIFE 4 Pollinators project"". https://doi.org/xxxxx"	HumanObservation	ES0000254|ES1140004	observation located in Natura 2000 sites with codes ES0000254|ES1140004
LIFE4POLL1248	2023-05-19	42.23411	-8.905106	WGS84	Spain	ES	island	"visual observation|photograph|Barberis et al. (in press) ""Insect-flower interactions in the Mediterranean area: a Citizen Science dataset collated within the LIFE 4 Pollinators project"". https://doi.org/xxxxx"	HumanObservation	ES0000001	observation located in Natura 2000 site with code ES0000001
LIFE4POLL1250	2023-05-21	42.3716	-8.9361	WGS84	Spain	ES	island	"visual observation|photograph|Barberis et al. (in press) ""Insect-flower interactions in the Mediterranean area: a Citizen Science dataset collated within the LIFE 4 Pollinators project"". https://doi.org/xxxxx"	HumanObservation	ES0000254|ES1140004	observation located in Natura 2000 sites with codes ES0000254|ES1140004
LIFE4POLL1252	2023-05-19	42.237669	-8.906479	WGS84	Spain	ES	island	"visual observation|photograph|Barberis et al. (in press) ""Insect-flower interactions in the Mediterranean area: a Citizen Science dataset collated within the LIFE 4 Pollinators project"". https://doi.org/xxxxx"	HumanObservation	ES0000001	observation located in Natura 2000 site with code ES0000001
LIFE4POLL1254	2023-05-21	42.3716	-8.9361	WGS84	Spain	ES	island	"visual observation|photograph|Barberis et al. (in press) ""Insect-flower interactions in the Mediterranean area: a Citizen Science dataset collated within the LIFE 4 Pollinators project"". https://doi.org/xxxxx"	HumanObservation	ES0000254|ES1140004	observation located in Natura 2000 sites with codes ES0000254|ES1140004
LIFE4POLL1255	2023-05-19	42.23716	-8.905106	WGS84	Spain	ES	island	"visual observation|photograph|Barberis et al. (in press) ""Insect-flower interactions in the Mediterranean area: a Citizen Science dataset collated within the LIFE 4 Pollinators project"". https://doi.org/xxxxx"	HumanObservation	ES0000001	observation located in Natura 2000 site with code ES0000001
LIFE4POLL1256	2023-05-21	42.3716	-8.9361	WGS84	Spain	ES	island	"visual observation|photograph|Barberis et al. (in press) ""Insect-flower interactions in the Mediterranean area: a Citizen Science dataset collated within the LIFE 4 Pollinators project"". https://doi.org/xxxxx"	HumanObservation	ES0000254|ES1140004	observation located in Natura 2000 sites with codes ES0000254|ES1140004
LIFE4POLL1257	2023-05-21	42.3716	-8.9361	WGS84	Spain	ES	island	"visual observation|photograph|Barberis et al. (in press) ""Insect-flower interactions in the Mediterranean area: a Citizen Science dataset collated within the LIFE 4 Pollinators project"". https://doi.org/xxxxx"	HumanObservation	ES0000254|ES1140004	observation located in Natura 2000 sites with codes ES0000254|ES1140004
LIFE4POLL1259	2023-05-19	42.241227	-8.907166	WGS84	Spain	ES	island	"visual observation|photograph|Barberis et al. (in press) ""Insect-flower interactions in the Mediterranean area: a Citizen Science dataset collated within the LIFE 4 Pollinators project"". https://doi.org/xxxxx"	HumanObservation	ES0000001	observation located in Natura 2000 site with code ES0000001
LIFE4POLL1260	2023-05-21	42.3716	-8.9361	WGS84	Spain	ES	island	"visual observation|photograph|Barberis et al. (in press) ""Insect-flower interactions in the Mediterranean area: a Citizen Science dataset collated within the LIFE 4 Pollinators project"". https://doi.org/xxxxx"	HumanObservation	ES0000254|ES1140004	observation located in Natura 2000 sites with codes ES0000254|ES1140004
LIFE4POLL1261	2023-05-19	42.241735	-8.907852	WGS84	Spain	ES	island	"visual observation|photograph|Barberis et al. (in press) ""Insect-flower interactions in the Mediterranean area: a Citizen Science dataset collated within the LIFE 4 Pollinators project"". https://doi.org/xxxxx"	HumanObservation	ES0000001	observation located in Natura 2000 site with code ES0000001
LIFE4POLL1262	2023-05-20	42.3716	-8.9361	WGS84	Spain	ES	island	"visual observation|photograph|Barberis et al. (in press) ""Insect-flower interactions in the Mediterranean area: a Citizen Science dataset collated within the LIFE 4 Pollinators project"". https://doi.org/xxxxx"	HumanObservation	ES0000254|ES1140004	observation located in Natura 2000 sites with codes ES0000254|ES1140004
LIFE4POLL1263	2023-05-20	42.3716	-8.9361	WGS84	Spain	ES	island	"visual observation|photograph|Barberis et al. (in press) ""Insect-flower interactions in the Mediterranean area: a Citizen Science dataset collated within the LIFE 4 Pollinators project"". https://doi.org/xxxxx"	HumanObservation	ES0000254|ES1140004	observation located in Natura 2000 sites with codes ES0000254|ES1140004
LIFE4POLL1264	2023-05-19	42.242752	-8.909225	WGS84	Spain	ES	island	"visual observation|photograph|Barberis et al. (in press) ""Insect-flower interactions in the Mediterranean area: a Citizen Science dataset collated within the LIFE 4 Pollinators project"". https://doi.org/xxxxx"	HumanObservation	ES0000001	observation located in Natura 2000 site with code ES0000001
LIFE4POLL1265	2023-05-19	42.244277	-8.909912	WGS84	Spain	ES	island	"visual observation|photograph|Barberis et al. (in press) ""Insect-flower interactions in the Mediterranean area: a Citizen Science dataset collated within the LIFE 4 Pollinators project"". https://doi.org/xxxxx"	HumanObservation	ES0000001	observation located in Natura 2000 site with code ES0000001
LIFE4POLL1266	2023-05-19	42.242752	-8.908539	WGS84	Spain	ES	island	"visual observation|photograph|Barberis et al. (in press) ""Insect-flower interactions in the Mediterranean area: a Citizen Science dataset collated within the LIFE 4 Pollinators project"". https://doi.org/xxxxx"	HumanObservation	ES0000001	observation located in Natura 2000 site with code ES0000001
LIFE4POLL1267	2023-05-19	42.245802	-8.911972	WGS84	Spain	ES	island	"visual observation|photograph|Barberis et al. (in press) ""Insect-flower interactions in the Mediterranean area: a Citizen Science dataset collated within the LIFE 4 Pollinators project"". https://doi.org/xxxxx"	HumanObservation	ES0000001	observation located in Natura 2000 site with code ES0000001
LIFE4POLL1268	2023-05-19	42.244785	-8.910599	WGS84	Spain	ES	island	"visual observation|photograph|Barberis et al. (in press) ""Insect-flower interactions in the Mediterranean area: a Citizen Science dataset collated within the LIFE 4 Pollinators project"". https://doi.org/xxxxx"	HumanObservation	ES0000001	observation located in Natura 2000 site with code ES0000001
LIFE4POLL1269	2023-05-19	42.244785	-8.911285	WGS84	Spain	ES	island	"visual observation|photograph|Barberis et al. (in press) ""Insect-flower interactions in the Mediterranean area: a Citizen Science dataset collated within the LIFE 4 Pollinators project"". https://doi.org/xxxxx"	HumanObservation	ES0000001	observation located in Natura 2000 site with code ES0000001
LIFE4POLL1270	2023-05-19	42.246819	-8.911972	WGS84	Spain	ES	island	"visual observation|photograph|Barberis et al. (in press) ""Insect-flower interactions in the Mediterranean area: a Citizen Science dataset collated within the LIFE 4 Pollinators project"". https://doi.org/xxxxx"	HumanObservation	ES0000001	observation located in Natura 2000 site with code ES0000001
LIFE4POLL1271	2023-05-19	42.247073	-8.911972	WGS84	Spain	ES	island	"visual observation|photograph|Barberis et al. (in press) ""Insect-flower interactions in the Mediterranean area: a Citizen Science dataset collated within the LIFE 4 Pollinators project"". https://doi.org/xxxxx"	HumanObservation	ES0000001	observation located in Natura 2000 site with code ES0000001
LIFE4POLL1272	2023-05-19	42.247327	-8.913345	WGS84	Spain	ES	island	"visual observation|photograph|Barberis et al. (in press) ""Insect-flower interactions in the Mediterranean area: a Citizen Science dataset collated within the LIFE 4 Pollinators project"". https://doi.org/xxxxx"	HumanObservation	ES0000001	observation located in Natura 2000 site with code ES0000001
LIFE4POLL1274	2023-05-19	42.247581	-8.911972	WGS84	Spain	ES	island	"visual observation|photograph|Barberis et al. (in press) ""Insect-flower interactions in the Mediterranean area: a Citizen Science dataset collated within the LIFE 4 Pollinators project"". https://doi.org/xxxxx"	HumanObservation	ES0000001	observation located in Natura 2000 site with code ES0000001
LIFE4POLL1275	2023-05-19	42.247835	-8.912659	WGS84	Spain	ES	island	"visual observation|photograph|Barberis et al. (in press) ""Insect-flower interactions in the Mediterranean area: a Citizen Science dataset collated within the LIFE 4 Pollinators project"". https://doi.org/xxxxx"	HumanObservation	ES0000001	observation located in Natura 2000 site with code ES0000001
LIFE4POLL1279	2023-05-19	42.19546	-8.907852	WGS84	Spain	ES	island	"visual observation|photograph|Barberis et al. (in press) ""Insect-flower interactions in the Mediterranean area: a Citizen Science dataset collated within the LIFE 4 Pollinators project"". https://doi.org/xxxxx"	HumanObservation	ES0000001	observation located in Natura 2000 site with code ES0000001
LIFE4POLL1281	2023-05-20	42.366281	-8.942871	WGS84	Spain	ES	island	"visual observation|photograph|Barberis et al. (in press) ""Insect-flower interactions in the Mediterranean area: a Citizen Science dataset collated within the LIFE 4 Pollinators project"". https://doi.org/xxxxx"	HumanObservation	ES0000254|ES1140004	observation located in Natura 2000 sites with codes ES0000254|ES1140004
LIFE4POLL1284	2023-05-20	42.36514	-8.940125	WGS84	Spain	ES	island	"visual observation|photograph|Barberis et al. (in press) ""Insect-flower interactions in the Mediterranean area: a Citizen Science dataset collated within the LIFE 4 Pollinators project"". https://doi.org/xxxxx"	HumanObservation	ES0000254|ES1140004	observation located in Natura 2000 sites with codes ES0000254|ES1140004
LIFE4POLL1285	2023-05-20	42.369262	-8.938537	WGS84	Spain	ES	island, seaside	"visual observation|photograph|Barberis et al. (in press) ""Insect-flower interactions in the Mediterranean area: a Citizen Science dataset collated within the LIFE 4 Pollinators project"". https://doi.org/xxxxx"	HumanObservation	ES0000254|ES1140004	observation located in Natura 2000 sites with codes ES0000254|ES1140004
LIFE4POLL1287	2023-05-20	42.36793	-8.938408	WGS84	Spain	ES	island, seaside	"visual observation|photograph|Barberis et al. (in press) ""Insect-flower interactions in the Mediterranean area: a Citizen Science dataset collated within the LIFE 4 Pollinators project"". https://doi.org/xxxxx"	HumanObservation	ES0000254|ES1140004	observation located in Natura 2000 sites with codes ES0000254|ES1140004
LIFE4POLL1288	2023-05-20	42.367676	-8.939266	WGS84	Spain	ES	island, seaside	"visual observation|photograph|Barberis et al. (in press) ""Insect-flower interactions in the Mediterranean area: a Citizen Science dataset collated within the LIFE 4 Pollinators project"". https://doi.org/xxxxx"	HumanObservation	ES0000254|ES1140004	observation located in Natura 2000 sites with codes ES0000254|ES1140004
LIFE4POLL1289	2023-05-20	42.365901	-8.93961	WGS84	Spain	ES	island, seaside	"visual observation|photograph|Barberis et al. (in press) ""Insect-flower interactions in the Mediterranean area: a Citizen Science dataset collated within the LIFE 4 Pollinators project"". https://doi.org/xxxxx"	HumanObservation	ES0000254|ES1140004	observation located in Natura 2000 sites with codes ES0000254|ES1140004
LIFE4POLL1290	2023-05-20	42.364759	-8.939266	WGS84	Spain	ES	island	"visual observation|photograph|Barberis et al. (in press) ""Insect-flower interactions in the Mediterranean area: a Citizen Science dataset collated within the LIFE 4 Pollinators project"". https://doi.org/xxxxx"	HumanObservation	ES0000254|ES1140004	observation located in Natura 2000 sites with codes ES0000254|ES1140004
LIFE4POLL1291	2023-05-20	42.36793	-8.937721	WGS84	Spain	ES	island	"visual observation|photograph|Barberis et al. (in press) ""Insect-flower interactions in the Mediterranean area: a Citizen Science dataset collated within the LIFE 4 Pollinators project"". https://doi.org/xxxxx"	HumanObservation	ES0000254|ES1140004	observation located in Natura 2000 sites with codes ES0000254|ES1140004
LIFE4POLL1292	2023-05-20	42.370213	-8.936691	WGS84	Spain	ES	island	"visual observation|photograph|Barberis et al. (in press) ""Insect-flower interactions in the Mediterranean area: a Citizen Science dataset collated within the LIFE 4 Pollinators project"". https://doi.org/xxxxx"	HumanObservation	ES0000254|ES1140004	observation located in Natura 2000 sites with codes ES0000254|ES1140004
LIFE4POLL1293	2023-05-20	42.366535	-8.93858	WGS84	Spain	ES	island, seaside	"visual observation|photograph|Barberis et al. (in press) ""Insect-flower interactions in the Mediterranean area: a Citizen Science dataset collated within the LIFE 4 Pollinators project"". https://doi.org/xxxxx"	HumanObservation	ES0000254|ES1140004	observation located in Natura 2000 sites with codes ES0000254|ES1140004
LIFE4POLL1294	2023-05-20	42.372622	-8.936348	WGS84	Spain	ES	island	"visual observation|photograph|Barberis et al. (in press) ""Insect-flower interactions in the Mediterranean area: a Citizen Science dataset collated within the LIFE 4 Pollinators project"". https://doi.org/xxxxx"	HumanObservation	ES0000254|ES1140004	observation located in Natura 2000 sites with codes ES0000254|ES1140004
LIFE4POLL1295	2023-05-20	42.364886	-8.938065	WGS84	Spain	ES	island	"visual observation|photograph|Barberis et al. (in press) ""Insect-flower interactions in the Mediterranean area: a Citizen Science dataset collated within the LIFE 4 Pollinators project"". https://doi.org/xxxxx"	HumanObservation	ES0000254|ES1140004	observation located in Natura 2000 sites with codes ES0000254|ES1140004
LIFE4POLL1296	2023-05-20	42.368184	-8.936691	WGS84	Spain	ES	island	"visual observation|photograph|Barberis et al. (in press) ""Insect-flower interactions in the Mediterranean area: a Citizen Science dataset collated within the LIFE 4 Pollinators project"". https://doi.org/xxxxx"	HumanObservation	ES0000254|ES1140004	observation located in Natura 2000 sites with codes ES0000254|ES1140004
LIFE4POLL1298	2023-05-20	42.37351	-8.937721	WGS84	Spain	ES	seaside	"visual observation|photograph|Barberis et al. (in press) ""Insect-flower interactions in the Mediterranean area: a Citizen Science dataset collated within the LIFE 4 Pollinators project"". https://doi.org/xxxxx"	HumanObservation	ES0000254|ES1140004	observation located in Natura 2000 sites with codes ES0000254|ES1140004
LIFE4POLL1299	2023-05-20	42.373764	-8.93652	WGS84	Spain	ES	island	"visual observation|photograph|Barberis et al. (in press) ""Insect-flower interactions in the Mediterranean area: a Citizen Science dataset collated within the LIFE 4 Pollinators project"". https://doi.org/xxxxx"	HumanObservation	ES0000254|ES1140004	observation located in Natura 2000 sites with codes ES0000254|ES1140004
LIFE4POLL1300	2023-05-20	42.372115	-8.936691	WGS84	Spain	ES	island	"visual observation|photograph|Barberis et al. (in press) ""Insect-flower interactions in the Mediterranean area: a Citizen Science dataset collated within the LIFE 4 Pollinators project"". https://doi.org/xxxxx"	HumanObservation	ES0000254|ES1140004	observation located in Natura 2000 sites with codes ES0000254|ES1140004
LIFE4POLL1301	2023-05-20	42.377441	-8.936176	WGS84	Spain	ES	island	"visual observation|photograph|Barberis et al. (in press) ""Insect-flower interactions in the Mediterranean area: a Citizen Science dataset collated within the LIFE 4 Pollinators project"". https://doi.org/xxxxx"	HumanObservation	ES0000254|ES1140004	observation located in Natura 2000 sites with codes ES0000254|ES1140004
LIFE4POLL1302	2023-05-20	42.38052	-8.93558	WGS84	Spain	ES	island	"visual observation|photograph|Barberis et al. (in press) ""Insect-flower interactions in the Mediterranean area: a Citizen Science dataset collated within the LIFE 4 Pollinators project"". https://doi.org/xxxxx"	HumanObservation	ES0000254|ES1140004	observation located in Natura 2000 sites with codes ES0000254|ES1140004
LIFE4POLL1303	2023-05-20	42.374905	-8.937035	WGS84	Spain	ES	island	"visual observation|photograph|Barberis et al. (in press) ""Insect-flower interactions in the Mediterranean area: a Citizen Science dataset collated within the LIFE 4 Pollinators project"". https://doi.org/xxxxx"	HumanObservation	ES0000254|ES1140004	observation located in Natura 2000 sites with codes ES0000254|ES1140004
LIFE4POLL1305	2023-05-20	42.38052	-8.93558	WGS84	Spain	ES	island	"visual observation|photograph|Barberis et al. (in press) ""Insect-flower interactions in the Mediterranean area: a Citizen Science dataset collated within the LIFE 4 Pollinators project"". https://doi.org/xxxxx"	HumanObservation	ES0000254|ES1140004	observation located in Natura 2000 sites with codes ES0000254|ES1140004
LIFE4POLL1306	2023-05-20	42.38052	-8.93558	WGS84	Spain	ES	island	"visual observation|photograph|Barberis et al. (in press) ""Insect-flower interactions in the Mediterranean area: a Citizen Science dataset collated within the LIFE 4 Pollinators project"". https://doi.org/xxxxx"	HumanObservation	ES0000254|ES1140004	observation located in Natura 2000 sites with codes ES0000254|ES1140004
LIFE4POLL1307	2023-05-20	42.38052	-8.93558	WGS84	Spain	ES	island	"visual observation|photograph|Barberis et al. (in press) ""Insect-flower interactions in the Mediterranean area: a Citizen Science dataset collated within the LIFE 4 Pollinators project"". https://doi.org/xxxxx"	HumanObservation	ES0000254|ES1140004	observation located in Natura 2000 sites with codes ES0000254|ES1140004
LIFE4POLL1309	2023-05-20	42.38052	-8.93558	WGS84	Spain	ES	island	"visual observation|photograph|Barberis et al. (in press) ""Insect-flower interactions in the Mediterranean area: a Citizen Science dataset collated within the LIFE 4 Pollinators project"". https://doi.org/xxxxx"	HumanObservation	ES0000254|ES1140004	observation located in Natura 2000 sites with codes ES0000254|ES1140004
LIFE4POLL1310	2023-05-20	42.38052	-8.93558	WGS84	Spain	ES	island	"visual observation|photograph|Barberis et al. (in press) ""Insect-flower interactions in the Mediterranean area: a Citizen Science dataset collated within the LIFE 4 Pollinators project"". https://doi.org/xxxxx"	HumanObservation	ES0000254|ES1140004	observation located in Natura 2000 sites with codes ES0000254|ES1140004
LIFE4POLL1311	2023-05-20	42.38052	-8.93558	WGS84	Spain	ES	island	"visual observation|photograph|Barberis et al. (in press) ""Insect-flower interactions in the Mediterranean area: a Citizen Science dataset collated within the LIFE 4 Pollinators project"". https://doi.org/xxxxx"	HumanObservation	ES0000254|ES1140004	observation located in Natura 2000 sites with codes ES0000254|ES1140004
LIFE4POLL1312	2023-05-20	42.38052	-8.93558	WGS84	Spain	ES	island	"visual observation|photograph|Barberis et al. (in press) ""Insect-flower interactions in the Mediterranean area: a Citizen Science dataset collated within the LIFE 4 Pollinators project"". https://doi.org/xxxxx"	HumanObservation	ES0000254|ES1140004	observation located in Natura 2000 sites with codes ES0000254|ES1140004
LIFE4POLL1313	2023-05-20	42.38052	-8.93558	WGS84	Spain	ES	island	"visual observation|photograph|Barberis et al. (in press) ""Insect-flower interactions in the Mediterranean area: a Citizen Science dataset collated within the LIFE 4 Pollinators project"". https://doi.org/xxxxx"	HumanObservation	ES0000254|ES1140004	observation located in Natura 2000 sites with codes ES0000254|ES1140004
LIFE4POLL1315	2023-05-20	42.38052	-8.93558	WGS84	Spain	ES	island	"visual observation|photograph|Barberis et al. (in press) ""Insect-flower interactions in the Mediterranean area: a Citizen Science dataset collated within the LIFE 4 Pollinators project"". https://doi.org/xxxxx"	HumanObservation	ES0000254|ES1140004	observation located in Natura 2000 sites with codes ES0000254|ES1140004
LIFE4POLL1316	2023-05-20	42.38052	-8.93558	WGS84	Spain	ES	island	"visual observation|photograph|Barberis et al. (in press) ""Insect-flower interactions in the Mediterranean area: a Citizen Science dataset collated within the LIFE 4 Pollinators project"". https://doi.org/xxxxx"	HumanObservation	ES0000254|ES1140004	observation located in Natura 2000 sites with codes ES0000254|ES1140004
LIFE4POLL1317	2023-05-20	42.38052	-8.93558	WGS84	Spain	ES	island	"visual observation|photograph|Barberis et al. (in press) ""Insect-flower interactions in the Mediterranean area: a Citizen Science dataset collated within the LIFE 4 Pollinators project"". https://doi.org/xxxxx"	HumanObservation	ES0000254|ES1140004	observation located in Natura 2000 sites with codes ES0000254|ES1140004
LIFE4POLL1319	2023-05-20	42.38052	-8.93558	WGS84	Spain	ES	island	"visual observation|photograph|Barberis et al. (in press) ""Insect-flower interactions in the Mediterranean area: a Citizen Science dataset collated within the LIFE 4 Pollinators project"". https://doi.org/xxxxx"	HumanObservation	ES0000254|ES1140004	observation located in Natura 2000 sites with codes ES0000254|ES1140004
LIFE4POLL1320	2023-05-20	42.38052	-8.93558	WGS84	Spain	ES	island	"visual observation|photograph|Barberis et al. (in press) ""Insect-flower interactions in the Mediterranean area: a Citizen Science dataset collated within the LIFE 4 Pollinators project"". https://doi.org/xxxxx"	HumanObservation	ES0000254|ES1140004	observation located in Natura 2000 sites with codes ES0000254|ES1140004
LIFE4POLL1321	2023-05-20	42.38052	-8.93558	WGS84	Spain	ES	island	"visual observation|photograph|Barberis et al. (in press) ""Insect-flower interactions in the Mediterranean area: a Citizen Science dataset collated within the LIFE 4 Pollinators project"". https://doi.org/xxxxx"	HumanObservation	ES0000254|ES1140004	observation located in Natura 2000 sites with codes ES0000254|ES1140004
LIFE4POLL1322	2023-05-20	42.38052	-8.93558	WGS84	Spain	ES	island	"visual observation|photograph|Barberis et al. (in press) ""Insect-flower interactions in the Mediterranean area: a Citizen Science dataset collated within the LIFE 4 Pollinators project"". https://doi.org/xxxxx"	HumanObservation	ES0000254|ES1140004	observation located in Natura 2000 sites with codes ES0000254|ES1140004
LIFE4POLL1323	2023-05-20	42.38052	-8.93558	WGS84	Spain	ES	island	"visual observation|photograph|Barberis et al. (in press) ""Insect-flower interactions in the Mediterranean area: a Citizen Science dataset collated within the LIFE 4 Pollinators project"". https://doi.org/xxxxx"	HumanObservation	ES0000254|ES1140004	observation located in Natura 2000 sites with codes ES0000254|ES1140004
LIFE4POLL1325	2023-05-20	42.38052	-8.93558	WGS84	Spain	ES	island	"visual observation|photograph|Barberis et al. (in press) ""Insect-flower interactions in the Mediterranean area: a Citizen Science dataset collated within the LIFE 4 Pollinators project"". https://doi.org/xxxxx"	HumanObservation	ES0000254|ES1140004	observation located in Natura 2000 sites with codes ES0000254|ES1140004
LIFE4POLL1327	2023-05-20	42.38052	-8.93558	WGS84	Spain	ES	island	"visual observation|photograph|Barberis et al. (in press) ""Insect-flower interactions in the Mediterranean area: a Citizen Science dataset collated within the LIFE 4 Pollinators project"". https://doi.org/xxxxx"	HumanObservation	ES0000254|ES1140004	observation located in Natura 2000 sites with codes ES0000254|ES1140004
LIFE4POLL1328	2023-05-20	42.38052	-8.93558	WGS84	Spain	ES	island	"visual observation|photograph|Barberis et al. (in press) ""Insect-flower interactions in the Mediterranean area: a Citizen Science dataset collated within the LIFE 4 Pollinators project"". https://doi.org/xxxxx"	HumanObservation	ES0000254|ES1140004	observation located in Natura 2000 sites with codes ES0000254|ES1140004
LIFE4POLL1330	2023-05-20	42.38052	-8.93558	WGS84	Spain	ES	island	"visual observation|photograph|Barberis et al. (in press) ""Insect-flower interactions in the Mediterranean area: a Citizen Science dataset collated within the LIFE 4 Pollinators project"". https://doi.org/xxxxx"	HumanObservation	ES0000254|ES1140004	observation located in Natura 2000 sites with codes ES0000254|ES1140004
LIFE4POLL1331	2023-05-20	42.38052	-8.93558	WGS84	Spain	ES	island	"visual observation|photograph|Barberis et al. (in press) ""Insect-flower interactions in the Mediterranean area: a Citizen Science dataset collated within the LIFE 4 Pollinators project"". https://doi.org/xxxxx"	HumanObservation	ES0000254|ES1140004	observation located in Natura 2000 sites with codes ES0000254|ES1140004
LIFE4POLL1332	2023-05-20	42.38052	-8.93558	WGS84	Spain	ES	island	"visual observation|photograph|Barberis et al. (in press) ""Insect-flower interactions in the Mediterranean area: a Citizen Science dataset collated within the LIFE 4 Pollinators project"". https://doi.org/xxxxx"	HumanObservation	ES0000254|ES1140004	observation located in Natura 2000 sites with codes ES0000254|ES1140004
LIFE4POLL1333	2023-05-20	42.38052	-8.93558	WGS84	Spain	ES	island	"visual observation|photograph|Barberis et al. (in press) ""Insect-flower interactions in the Mediterranean area: a Citizen Science dataset collated within the LIFE 4 Pollinators project"". https://doi.org/xxxxx"	HumanObservation	ES0000254|ES1140004	observation located in Natura 2000 sites with codes ES0000254|ES1140004
LIFE4POLL1334	2023-05-20	42.38052	-8.93558	WGS84	Spain	ES	island	"visual observation|photograph|Barberis et al. (in press) ""Insect-flower interactions in the Mediterranean area: a Citizen Science dataset collated within the LIFE 4 Pollinators project"". https://doi.org/xxxxx"	HumanObservation	ES0000254|ES1140004	observation located in Natura 2000 sites with codes ES0000254|ES1140004
LIFE4POLL1335	2023-05-20	42.38052	-8.93558	WGS84	Spain	ES	island	"visual observation|photograph|Barberis et al. (in press) ""Insect-flower interactions in the Mediterranean area: a Citizen Science dataset collated within the LIFE 4 Pollinators project"". https://doi.org/xxxxx"	HumanObservation	ES0000254|ES1140004	observation located in Natura 2000 sites with codes ES0000254|ES1140004
LIFE4POLL1336	2023-05-20	42.38052	-8.93558	WGS84	Spain	ES	island	"visual observation|photograph|Barberis et al. (in press) ""Insect-flower interactions in the Mediterranean area: a Citizen Science dataset collated within the LIFE 4 Pollinators project"". https://doi.org/xxxxx"	HumanObservation	ES0000254|ES1140004	observation located in Natura 2000 sites with codes ES0000254|ES1140004
LIFE4POLL1337	2023-05-20	42.38052	-8.93558	WGS84	Spain	ES	island	"visual observation|photograph|Barberis et al. (in press) ""Insect-flower interactions in the Mediterranean area: a Citizen Science dataset collated within the LIFE 4 Pollinators project"". https://doi.org/xxxxx"	HumanObservation	ES0000254|ES1140004	observation located in Natura 2000 sites with codes ES0000254|ES1140004
LIFE4POLL1338	2023-05-20	42.38052	-8.93558	WGS84	Spain	ES	island	"visual observation|photograph|Barberis et al. (in press) ""Insect-flower interactions in the Mediterranean area: a Citizen Science dataset collated within the LIFE 4 Pollinators project"". https://doi.org/xxxxx"	HumanObservation	ES0000254|ES1140004	observation located in Natura 2000 sites with codes ES0000254|ES1140004
LIFE4POLL1340	2023-05-20	42.38052	-8.93558	WGS84	Spain	ES	island	"visual observation|photograph|Barberis et al. (in press) ""Insect-flower interactions in the Mediterranean area: a Citizen Science dataset collated within the LIFE 4 Pollinators project"". https://doi.org/xxxxx"	HumanObservation	ES0000254|ES1140004	observation located in Natura 2000 sites with codes ES0000254|ES1140004
LIFE4POLL1341	2023-05-20	42.38052	-8.93558	WGS84	Spain	ES	island	"visual observation|photograph|Barberis et al. (in press) ""Insect-flower interactions in the Mediterranean area: a Citizen Science dataset collated within the LIFE 4 Pollinators project"". https://doi.org/xxxxx"	HumanObservation	ES0000254|ES1140004	observation located in Natura 2000 sites with codes ES0000254|ES1140004
LIFE4POLL1342	2023-05-20	42.38052	-8.93558	WGS84	Spain	ES	island	"visual observation|photograph|Barberis et al. (in press) ""Insect-flower interactions in the Mediterranean area: a Citizen Science dataset collated within the LIFE 4 Pollinators project"". https://doi.org/xxxxx"	HumanObservation	ES0000254|ES1140004	observation located in Natura 2000 sites with codes ES0000254|ES1140004
LIFE4POLL1343	2023-05-20	42.38052	-8.93558	WGS84	Spain	ES	island	"visual observation|photograph|Barberis et al. (in press) ""Insect-flower interactions in the Mediterranean area: a Citizen Science dataset collated within the LIFE 4 Pollinators project"". https://doi.org/xxxxx"	HumanObservation	ES0000254|ES1140004	observation located in Natura 2000 sites with codes ES0000254|ES1140004
LIFE4POLL1344	2023-05-20	42.38052	-8.93558	WGS84	Spain	ES	island	"visual observation|photograph|Barberis et al. (in press) ""Insect-flower interactions in the Mediterranean area: a Citizen Science dataset collated within the LIFE 4 Pollinators project"". https://doi.org/xxxxx"	HumanObservation	ES0000254|ES1140004	observation located in Natura 2000 sites with codes ES0000254|ES1140004
LIFE4POLL1345	2023-05-20	42.38052	-8.93558	WGS84	Spain	ES	island	"visual observation|photograph|Barberis et al. (in press) ""Insect-flower interactions in the Mediterranean area: a Citizen Science dataset collated within the LIFE 4 Pollinators project"". https://doi.org/xxxxx"	HumanObservation	ES0000254|ES1140004	observation located in Natura 2000 sites with codes ES0000254|ES1140004
LIFE4POLL1346	2023-05-22	38.067268	23.83399	WGS84	Greece	GR	mountain	"visual observation|photograph|Barberis et al. (in press) ""Insect-flower interactions in the Mediterranean area: a Citizen Science dataset collated within the LIFE 4 Pollinators project"". https://doi.org/xxxxx"	HumanObservation	OutsideNatura2000	observation located outside Natura 2000 sites
LIFE4POLL1347	2023-05-22*	42.363992	-8.939525	WGS84	Spain	ES	island	"visual observation|photograph|Barberis et al. (in press) ""Insect-flower interactions in the Mediterranean area: a Citizen Science dataset collated within the LIFE 4 Pollinators project"". https://doi.org/xxxxx"	HumanObservation	ES0000254|ES1140004	observation located in Natura 2000 sites with codes ES0000254|ES1140004
LIFE4POLL1349	2023-05-20	na	na	na	na	na	na	"visual observation|photograph|Barberis et al. (in press) ""Insect-flower interactions in the Mediterranean area: a Citizen Science dataset collated within the LIFE 4 Pollinators project"". https://doi.org/xxxxx"	HumanObservation	ES0000254|ES1140004	observation located in Natura 2000 sites with codes ES0000254|ES1140004
LIFE4POLL1352	2023-05-22*	42.38052	-8.93558	WGS84	Spain	ES	island	"visual observation|photograph|Barberis et al. (in press) ""Insect-flower interactions in the Mediterranean area: a Citizen Science dataset collated within the LIFE 4 Pollinators project"". https://doi.org/xxxxx"	HumanObservation	ES0000254|ES1140004	observation located in Natura 2000 sites with codes ES0000254|ES1140004
LIFE4POLL1353	2023-05-20	42.37802	-8.93276	WGS84	Spain	ES	island	"visual observation|photograph|Barberis et al. (in press) ""Insect-flower interactions in the Mediterranean area: a Citizen Science dataset collated within the LIFE 4 Pollinators project"". https://doi.org/xxxxx"	HumanObservation	ES0000254|ES1140004	observation located in Natura 2000 sites with codes ES0000254|ES1140004
LIFE4POLL1355	2023-05-20	42.38052	-8.93558	WGS84	Spain	ES	island	"visual observation|photograph|Barberis et al. (in press) ""Insect-flower interactions in the Mediterranean area: a Citizen Science dataset collated within the LIFE 4 Pollinators project"". https://doi.org/xxxxx"	HumanObservation	ES0000254|ES1140004	observation located in Natura 2000 sites with codes ES0000254|ES1140004
LIFE4POLL1356	2023-05-20	42.38052	-8.93558	WGS84	Spain	ES	island	"visual observation|photograph|Barberis et al. (in press) ""Insect-flower interactions in the Mediterranean area: a Citizen Science dataset collated within the LIFE 4 Pollinators project"". https://doi.org/xxxxx"	HumanObservation	ES0000254|ES1140004	observation located in Natura 2000 sites with codes ES0000254|ES1140004
LIFE4POLL1357	2023-05-20	42.38052	-8.93558	WGS84	Spain	ES	island	"visual observation|photograph|Barberis et al. (in press) ""Insect-flower interactions in the Mediterranean area: a Citizen Science dataset collated within the LIFE 4 Pollinators project"". https://doi.org/xxxxx"	HumanObservation	ES0000254|ES1140004	observation located in Natura 2000 sites with codes ES0000254|ES1140004
LIFE4POLL1358	2023-05-20	42.38052	-8.93558	WGS84	Spain	ES	island	"visual observation|photograph|Barberis et al. (in press) ""Insect-flower interactions in the Mediterranean area: a Citizen Science dataset collated within the LIFE 4 Pollinators project"". https://doi.org/xxxxx"	HumanObservation	ES0000254|ES1140004	observation located in Natura 2000 sites with codes ES0000254|ES1140004
LIFE4POLL1359	2023-05-20	42.38052	-8.93558	WGS84	Spain	ES	island	"visual observation|photograph|Barberis et al. (in press) ""Insect-flower interactions in the Mediterranean area: a Citizen Science dataset collated within the LIFE 4 Pollinators project"". https://doi.org/xxxxx"	HumanObservation	ES0000254|ES1140004	observation located in Natura 2000 sites with codes ES0000254|ES1140004
LIFE4POLL1360	2023-05-20	42.38052	-8.93558	WGS84	Spain	ES	island	"visual observation|photograph|Barberis et al. (in press) ""Insect-flower interactions in the Mediterranean area: a Citizen Science dataset collated within the LIFE 4 Pollinators project"". https://doi.org/xxxxx"	HumanObservation	ES0000254|ES1140004	observation located in Natura 2000 sites with codes ES0000254|ES1140004
LIFE4POLL1361	2023-05-20	42.38052	-8.93558	WGS84	Spain	ES	island	"visual observation|photograph|Barberis et al. (in press) ""Insect-flower interactions in the Mediterranean area: a Citizen Science dataset collated within the LIFE 4 Pollinators project"". https://doi.org/xxxxx"	HumanObservation	ES0000254|ES1140004	observation located in Natura 2000 sites with codes ES0000254|ES1140004
LIFE4POLL1362	2023-05-20	42.38052	-8.93558	WGS84	Spain	ES	island	"visual observation|photograph|Barberis et al. (in press) ""Insect-flower interactions in the Mediterranean area: a Citizen Science dataset collated within the LIFE 4 Pollinators project"". https://doi.org/xxxxx"	HumanObservation	ES0000254|ES1140004	observation located in Natura 2000 sites with codes ES0000254|ES1140004
LIFE4POLL1367	2023-05-20	42.38052	-8.93558	WGS84	Spain	ES	island	"visual observation|photograph|Barberis et al. (in press) ""Insect-flower interactions in the Mediterranean area: a Citizen Science dataset collated within the LIFE 4 Pollinators project"". https://doi.org/xxxxx"	HumanObservation	ES0000254|ES1140004	observation located in Natura 2000 sites with codes ES0000254|ES1140004
LIFE4POLL1369	2023-05-20	42.38052	-8.93558	WGS84	Spain	ES	island	"visual observation|photograph|Barberis et al. (in press) ""Insect-flower interactions in the Mediterranean area: a Citizen Science dataset collated within the LIFE 4 Pollinators project"". https://doi.org/xxxxx"	HumanObservation	ES0000254|ES1140004	observation located in Natura 2000 sites with codes ES0000254|ES1140004
LIFE4POLL1370	2023-05-20	42.38052	-8.93558	WGS84	Spain	ES	island	"visual observation|photograph|Barberis et al. (in press) ""Insect-flower interactions in the Mediterranean area: a Citizen Science dataset collated within the LIFE 4 Pollinators project"". https://doi.org/xxxxx"	HumanObservation	ES0000254|ES1140004	observation located in Natura 2000 sites with codes ES0000254|ES1140004
LIFE4POLL1374	2023-05-20	42.38052	-8.93558	WGS84	Spain	ES	island	"visual observation|photograph|Barberis et al. (in press) ""Insect-flower interactions in the Mediterranean area: a Citizen Science dataset collated within the LIFE 4 Pollinators project"". https://doi.org/xxxxx"	HumanObservation	ES0000254|ES1140004	observation located in Natura 2000 sites with codes ES0000254|ES1140004
LIFE4POLL1375	2023-05-20	42.38052	-8.93558	WGS84	Spain	ES	island	"visual observation|photograph|Barberis et al. (in press) ""Insect-flower interactions in the Mediterranean area: a Citizen Science dataset collated within the LIFE 4 Pollinators project"". https://doi.org/xxxxx"	HumanObservation	ES0000254|ES1140004	observation located in Natura 2000 sites with codes ES0000254|ES1140004
LIFE4POLL1376	2023-05-20	42.38052	-8.93558	WGS84	Spain	ES	island	"visual observation|photograph|Barberis et al. (in press) ""Insect-flower interactions in the Mediterranean area: a Citizen Science dataset collated within the LIFE 4 Pollinators project"". https://doi.org/xxxxx"	HumanObservation	ES0000254|ES1140004	observation located in Natura 2000 sites with codes ES0000254|ES1140004
LIFE4POLL1377	2023-05-20	42.38052	-8.93558	WGS84	Spain	ES	island	"visual observation|photograph|Barberis et al. (in press) ""Insect-flower interactions in the Mediterranean area: a Citizen Science dataset collated within the LIFE 4 Pollinators project"". https://doi.org/xxxxx"	HumanObservation	ES0000254|ES1140004	observation located in Natura 2000 sites with codes ES0000254|ES1140004
LIFE4POLL1378	2023-05-20	42.38052	-8.93558	WGS84	Spain	ES	island	"visual observation|photograph|Barberis et al. (in press) ""Insect-flower interactions in the Mediterranean area: a Citizen Science dataset collated within the LIFE 4 Pollinators project"". https://doi.org/xxxxx"	HumanObservation	ES0000254|ES1140004	observation located in Natura 2000 sites with codes ES0000254|ES1140004
LIFE4POLL1379	2023-05-20	42.38052	-8.93558	WGS84	Spain	ES	island	"visual observation|photograph|Barberis et al. (in press) ""Insect-flower interactions in the Mediterranean area: a Citizen Science dataset collated within the LIFE 4 Pollinators project"". https://doi.org/xxxxx"	HumanObservation	ES0000254|ES1140004	observation located in Natura 2000 sites with codes ES0000254|ES1140004
LIFE4POLL1380	2023-05-20	42.38052	-8.93558	WGS84	Spain	ES	island	"visual observation|photograph|Barberis et al. (in press) ""Insect-flower interactions in the Mediterranean area: a Citizen Science dataset collated within the LIFE 4 Pollinators project"". https://doi.org/xxxxx"	HumanObservation	ES0000254|ES1140004	observation located in Natura 2000 sites with codes ES0000254|ES1140004
LIFE4POLL1381	2023-05-20	42.38052	-8.93558	WGS84	Spain	ES	island	"visual observation|photograph|Barberis et al. (in press) ""Insect-flower interactions in the Mediterranean area: a Citizen Science dataset collated within the LIFE 4 Pollinators project"". https://doi.org/xxxxx"	HumanObservation	ES0000254|ES1140004	observation located in Natura 2000 sites with codes ES0000254|ES1140004
LIFE4POLL1382	2023-05-20	42.38052	-8.93558	WGS84	Spain	ES	island	"visual observation|photograph|Barberis et al. (in press) ""Insect-flower interactions in the Mediterranean area: a Citizen Science dataset collated within the LIFE 4 Pollinators project"". https://doi.org/xxxxx"	HumanObservation	ES0000254|ES1140004	observation located in Natura 2000 sites with codes ES0000254|ES1140004
LIFE4POLL1384	2023-05-20	42.38052	-8.93558	WGS84	Spain	ES	island	"visual observation|photograph|Barberis et al. (in press) ""Insect-flower interactions in the Mediterranean area: a Citizen Science dataset collated within the LIFE 4 Pollinators project"". https://doi.org/xxxxx"	HumanObservation	ES0000254|ES1140004	observation located in Natura 2000 sites with codes ES0000254|ES1140004
LIFE4POLL1385	2023-05-20	42.38052	-8.93558	WGS84	Spain	ES	island	"visual observation|photograph|Barberis et al. (in press) ""Insect-flower interactions in the Mediterranean area: a Citizen Science dataset collated within the LIFE 4 Pollinators project"". https://doi.org/xxxxx"	HumanObservation	ES0000254|ES1140004	observation located in Natura 2000 sites with codes ES0000254|ES1140004
LIFE4POLL1386	2023-05-20	42.38052	-8.93558	WGS84	Spain	ES	island	"visual observation|photograph|Barberis et al. (in press) ""Insect-flower interactions in the Mediterranean area: a Citizen Science dataset collated within the LIFE 4 Pollinators project"". https://doi.org/xxxxx"	HumanObservation	ES0000254|ES1140004	observation located in Natura 2000 sites with codes ES0000254|ES1140004
LIFE4POLL1387	2023-05-20	42.38052	-8.93558	WGS84	Spain	ES	island	"visual observation|photograph|Barberis et al. (in press) ""Insect-flower interactions in the Mediterranean area: a Citizen Science dataset collated within the LIFE 4 Pollinators project"". https://doi.org/xxxxx"	HumanObservation	ES0000254|ES1140004	observation located in Natura 2000 sites with codes ES0000254|ES1140004
LIFE4POLL1388	2023-05-20	42.38052	-8.93558	WGS84	Spain	ES	island	"visual observation|photograph|Barberis et al. (in press) ""Insect-flower interactions in the Mediterranean area: a Citizen Science dataset collated within the LIFE 4 Pollinators project"". https://doi.org/xxxxx"	HumanObservation	ES0000254|ES1140004	observation located in Natura 2000 sites with codes ES0000254|ES1140004
LIFE4POLL1389	2023-05-20	42.38052	-8.93558	WGS84	Spain	ES	island	"visual observation|photograph|Barberis et al. (in press) ""Insect-flower interactions in the Mediterranean area: a Citizen Science dataset collated within the LIFE 4 Pollinators project"". https://doi.org/xxxxx"	HumanObservation	ES0000254|ES1140004	observation located in Natura 2000 sites with codes ES0000254|ES1140004
LIFE4POLL1390	2023-05-20	42.38052	-8.93558	WGS84	Spain	ES	island	"visual observation|photograph|Barberis et al. (in press) ""Insect-flower interactions in the Mediterranean area: a Citizen Science dataset collated within the LIFE 4 Pollinators project"". https://doi.org/xxxxx"	HumanObservation	ES0000254|ES1140004	observation located in Natura 2000 sites with codes ES0000254|ES1140004
LIFE4POLL1391	2023-05-20	42.38052	-8.93558	WGS84	Spain	ES	island	"visual observation|photograph|Barberis et al. (in press) ""Insect-flower interactions in the Mediterranean area: a Citizen Science dataset collated within the LIFE 4 Pollinators project"". https://doi.org/xxxxx"	HumanObservation	ES0000254|ES1140004	observation located in Natura 2000 sites with codes ES0000254|ES1140004
LIFE4POLL1392	2023-05-20	42.38052	-8.93558	WGS84	Spain	ES	island	"visual observation|photograph|Barberis et al. (in press) ""Insect-flower interactions in the Mediterranean area: a Citizen Science dataset collated within the LIFE 4 Pollinators project"". https://doi.org/xxxxx"	HumanObservation	ES0000254|ES1140004	observation located in Natura 2000 sites with codes ES0000254|ES1140004
LIFE4POLL1393	2023-05-20	42.38052	-8.93558	WGS84	Spain	ES	island	"visual observation|photograph|Barberis et al. (in press) ""Insect-flower interactions in the Mediterranean area: a Citizen Science dataset collated within the LIFE 4 Pollinators project"". https://doi.org/xxxxx"	HumanObservation	ES0000254|ES1140004	observation located in Natura 2000 sites with codes ES0000254|ES1140004
LIFE4POLL1394	2023-05-20	42.38052	-8.93558	WGS84	Spain	ES	island	"visual observation|photograph|Barberis et al. (in press) ""Insect-flower interactions in the Mediterranean area: a Citizen Science dataset collated within the LIFE 4 Pollinators project"". https://doi.org/xxxxx"	HumanObservation	ES0000254|ES1140004	observation located in Natura 2000 sites with codes ES0000254|ES1140004
LIFE4POLL1396	2023-05-20	42.38052	-8.93558	WGS84	Spain	ES	island	"visual observation|photograph|Barberis et al. (in press) ""Insect-flower interactions in the Mediterranean area: a Citizen Science dataset collated within the LIFE 4 Pollinators project"". https://doi.org/xxxxx"	HumanObservation	ES0000254|ES1140004	observation located in Natura 2000 sites with codes ES0000254|ES1140004
LIFE4POLL1398	2023-05-20	42.38052	-8.93558	WGS84	Spain	ES	island	"visual observation|photograph|Barberis et al. (in press) ""Insect-flower interactions in the Mediterranean area: a Citizen Science dataset collated within the LIFE 4 Pollinators project"". https://doi.org/xxxxx"	HumanObservation	ES0000254|ES1140004	observation located in Natura 2000 sites with codes ES0000254|ES1140004
LIFE4POLL1401	2023-05-20	42.38052	-8.93558	WGS84	Spain	ES	island	"visual observation|photograph|Barberis et al. (in press) ""Insect-flower interactions in the Mediterranean area: a Citizen Science dataset collated within the LIFE 4 Pollinators project"". https://doi.org/xxxxx"	HumanObservation	ES0000254|ES1140004	observation located in Natura 2000 sites with codes ES0000254|ES1140004
LIFE4POLL1403	2023-05-20	42.38052	-8.93558	WGS84	Spain	ES	island	"visual observation|photograph|Barberis et al. (in press) ""Insect-flower interactions in the Mediterranean area: a Citizen Science dataset collated within the LIFE 4 Pollinators project"". https://doi.org/xxxxx"	HumanObservation	ES0000254|ES1140004	observation located in Natura 2000 sites with codes ES0000254|ES1140004
LIFE4POLL1404	2023-05-20	42.38052	-8.93558	WGS84	Spain	ES	island	"visual observation|photograph|Barberis et al. (in press) ""Insect-flower interactions in the Mediterranean area: a Citizen Science dataset collated within the LIFE 4 Pollinators project"". https://doi.org/xxxxx"	HumanObservation	ES0000254|ES1140004	observation located in Natura 2000 sites with codes ES0000254|ES1140004
LIFE4POLL1407	2023-05-20	42.38052	-8.93558	WGS84	Spain	ES	island	"visual observation|photograph|Barberis et al. (in press) ""Insect-flower interactions in the Mediterranean area: a Citizen Science dataset collated within the LIFE 4 Pollinators project"". https://doi.org/xxxxx"	HumanObservation	ES0000254|ES1140004	observation located in Natura 2000 sites with codes ES0000254|ES1140004
LIFE4POLL1408	2023-05-20	42.38052	-8.93558	WGS84	Spain	ES	island	"visual observation|photograph|Barberis et al. (in press) ""Insect-flower interactions in the Mediterranean area: a Citizen Science dataset collated within the LIFE 4 Pollinators project"". https://doi.org/xxxxx"	HumanObservation	ES0000254|ES1140004	observation located in Natura 2000 sites with codes ES0000254|ES1140004
LIFE4POLL1410	2023-05-22*	42.24203	-8.903489	WGS84	Spain	ES	island	"visual observation|photograph|Barberis et al. (in press) ""Insect-flower interactions in the Mediterranean area: a Citizen Science dataset collated within the LIFE 4 Pollinators project"". https://doi.org/xxxxx"	HumanObservation	ES0000254|ES1140004	observation located in Natura 2000 sites with codes ES0000254|ES1140004
LIFE4POLL1411	2023-05-22*	42.230499	-8.901674	WGS84	Spain	ES	island	"visual observation|photograph|Barberis et al. (in press) ""Insect-flower interactions in the Mediterranean area: a Citizen Science dataset collated within the LIFE 4 Pollinators project"". https://doi.org/xxxxx"	HumanObservation	ES0000254|ES1140004	observation located in Natura 2000 sites with codes ES0000254|ES1140004
LIFE4POLL1412	2023-05-19	42.231726	-8.903739	WGS84	Spain	ES	island	"visual observation|photograph|Barberis et al. (in press) ""Insect-flower interactions in the Mediterranean area: a Citizen Science dataset collated within the LIFE 4 Pollinators project"". https://doi.org/xxxxx"	HumanObservation	ES0000254|ES1140004	observation located in Natura 2000 sites with codes ES0000254|ES1140004
LIFE4POLL1413	2023-05-21	38.057045	23.801618	WGS84	Greece	GR	mountain	"visual observation|photograph|Barberis et al. (in press) ""Insect-flower interactions in the Mediterranean area: a Citizen Science dataset collated within the LIFE 4 Pollinators project"". https://doi.org/xxxxx"	HumanObservation	OutsideNatura2000	observation located outside Natura 2000 sites
LIFE4POLL1414	2023-05-23*	42.363992	-8.939525	WGS84	Spain	ES	island	"visual observation|photograph|Barberis et al. (in press) ""Insect-flower interactions in the Mediterranean area: a Citizen Science dataset collated within the LIFE 4 Pollinators project"". https://doi.org/xxxxx"	HumanObservation	ES0000254|ES1140004	observation located in Natura 2000 sites with codes ES0000254|ES1140004
LIFE4POLL1415	2023-05-23*	42.3716	-8.9361	WGS84	Spain	ES	island	"visual observation|photograph|Barberis et al. (in press) ""Insect-flower interactions in the Mediterranean area: a Citizen Science dataset collated within the LIFE 4 Pollinators project"". https://doi.org/xxxxx"	HumanObservation	ES0000254|ES1140004	observation located in Natura 2000 sites with codes ES0000254|ES1140004
LIFE4POLL1416	2023-05-23*	42.21709	-8.90823	WGS84	Spain	ES	island	"visual observation|photograph|Barberis et al. (in press) ""Insect-flower interactions in the Mediterranean area: a Citizen Science dataset collated within the LIFE 4 Pollinators project"". https://doi.org/xxxxx"	HumanObservation	ES0000001	observation located in Natura 2000 site with code ES0000001
LIFE4POLL1417	2023-05-23*	42.21709	-8.90823	WGS84	Spain	ES	island	"visual observation|photograph|Barberis et al. (in press) ""Insect-flower interactions in the Mediterranean area: a Citizen Science dataset collated within the LIFE 4 Pollinators project"". https://doi.org/xxxxx"	HumanObservation	ES0000001	observation located in Natura 2000 site with code ES0000001
LIFE4POLL1418	2023-05-23*	42.21709	-8.90823	WGS84	Spain	ES	island	"visual observation|photograph|Barberis et al. (in press) ""Insect-flower interactions in the Mediterranean area: a Citizen Science dataset collated within the LIFE 4 Pollinators project"". https://doi.org/xxxxx"	HumanObservation	ES0000001	observation located in Natura 2000 site with code ES0000001
LIFE4POLL1419	2023-05-23*	42.22134	-8.90569	WGS84	Spain	ES	island	"visual observation|photograph|Barberis et al. (in press) ""Insect-flower interactions in the Mediterranean area: a Citizen Science dataset collated within the LIFE 4 Pollinators project"". https://doi.org/xxxxx"	HumanObservation	ES0000001	observation located in Natura 2000 site with code ES0000001
LIFE4POLL1420	2023-05-23*	42.21709	-8.90823	WGS84	Spain	ES	island	"visual observation|photograph|Barberis et al. (in press) ""Insect-flower interactions in the Mediterranean area: a Citizen Science dataset collated within the LIFE 4 Pollinators project"". https://doi.org/xxxxx"	HumanObservation	ES0000001	observation located in Natura 2000 site with code ES0000001
LIFE4POLL1421	2023-05-23*	42.21709	-8.90823	WGS84	Spain	ES	island	"visual observation|photograph|Barberis et al. (in press) ""Insect-flower interactions in the Mediterranean area: a Citizen Science dataset collated within the LIFE 4 Pollinators project"". https://doi.org/xxxxx"	HumanObservation	ES0000001	observation located in Natura 2000 site with code ES0000001
LIFE4POLL1422	2023-05-23*	42.21709	-8.90823	WGS84	Spain	ES	island	"visual observation|photograph|Barberis et al. (in press) ""Insect-flower interactions in the Mediterranean area: a Citizen Science dataset collated within the LIFE 4 Pollinators project"". https://doi.org/xxxxx"	HumanObservation	ES0000001	observation located in Natura 2000 site with code ES0000001
LIFE4POLL1423	2023-05-23*	42.21709	-8.90823	WGS84	Spain	ES	island	"visual observation|photograph|Barberis et al. (in press) ""Insect-flower interactions in the Mediterranean area: a Citizen Science dataset collated within the LIFE 4 Pollinators project"". https://doi.org/xxxxx"	HumanObservation	ES0000001	observation located in Natura 2000 site with code ES0000001
LIFE4POLL1424	2023-05-23*	42.21709	-8.90823	WGS84	Spain	ES	island	"visual observation|photograph|Barberis et al. (in press) ""Insect-flower interactions in the Mediterranean area: a Citizen Science dataset collated within the LIFE 4 Pollinators project"". https://doi.org/xxxxx"	HumanObservation	ES0000001	observation located in Natura 2000 site with code ES0000001
LIFE4POLL1425	2023-05-23*	42.21709	-8.90823	WGS84	Spain	ES	island	"visual observation|photograph|Barberis et al. (in press) ""Insect-flower interactions in the Mediterranean area: a Citizen Science dataset collated within the LIFE 4 Pollinators project"". https://doi.org/xxxxx"	HumanObservation	ES0000001	observation located in Natura 2000 site with code ES0000001
LIFE4POLL1426	2023-05-23*	42.21709	-8.90823	WGS84	Spain	ES	island	"visual observation|photograph|Barberis et al. (in press) ""Insect-flower interactions in the Mediterranean area: a Citizen Science dataset collated within the LIFE 4 Pollinators project"". https://doi.org/xxxxx"	HumanObservation	ES0000001	observation located in Natura 2000 site with code ES0000001
LIFE4POLL1427	2023-05-23*	42.21709	-8.90823	WGS84	Spain	ES	island	"visual observation|photograph|Barberis et al. (in press) ""Insect-flower interactions in the Mediterranean area: a Citizen Science dataset collated within the LIFE 4 Pollinators project"". https://doi.org/xxxxx"	HumanObservation	ES0000001	observation located in Natura 2000 site with code ES0000001
LIFE4POLL1428	2023-05-23*	42.21709	-8.90823	WGS84	Spain	ES	island	"visual observation|photograph|Barberis et al. (in press) ""Insect-flower interactions in the Mediterranean area: a Citizen Science dataset collated within the LIFE 4 Pollinators project"". https://doi.org/xxxxx"	HumanObservation	ES0000001	observation located in Natura 2000 site with code ES0000001
LIFE4POLL1430	2023-05-23*	42.21709	-8.90823	WGS84	Spain	ES	island	"visual observation|photograph|Barberis et al. (in press) ""Insect-flower interactions in the Mediterranean area: a Citizen Science dataset collated within the LIFE 4 Pollinators project"". https://doi.org/xxxxx"	HumanObservation	ES0000001	observation located in Natura 2000 site with code ES0000001
LIFE4POLL1431	2023-05-23*	42.21709	-8.90823	WGS84	Spain	ES	island	"visual observation|photograph|Barberis et al. (in press) ""Insect-flower interactions in the Mediterranean area: a Citizen Science dataset collated within the LIFE 4 Pollinators project"". https://doi.org/xxxxx"	HumanObservation	ES0000001	observation located in Natura 2000 site with code ES0000001
LIFE4POLL1432	2023-05-23*	42.21709	-8.90823	WGS84	Spain	ES	island	"visual observation|photograph|Barberis et al. (in press) ""Insect-flower interactions in the Mediterranean area: a Citizen Science dataset collated within the LIFE 4 Pollinators project"". https://doi.org/xxxxx"	HumanObservation	ES0000001	observation located in Natura 2000 site with code ES0000001
LIFE4POLL1433	2023-05-23*	42.21709	-8.90823	WGS84	Spain	ES	island	"visual observation|photograph|Barberis et al. (in press) ""Insect-flower interactions in the Mediterranean area: a Citizen Science dataset collated within the LIFE 4 Pollinators project"". https://doi.org/xxxxx"	HumanObservation	ES0000001	observation located in Natura 2000 site with code ES0000001
LIFE4POLL1435	2023-05-23*	na	na	na	na	na	na	"visual observation|photograph|Barberis et al. (in press) ""Insect-flower interactions in the Mediterranean area: a Citizen Science dataset collated within the LIFE 4 Pollinators project"". https://doi.org/xxxxx"	HumanObservation	na	observation without coordinates
LIFE4POLL1437	2023-05-23*	na	na	na	na	na	na	"visual observation|photograph|Barberis et al. (in press) ""Insect-flower interactions in the Mediterranean area: a Citizen Science dataset collated within the LIFE 4 Pollinators project"". https://doi.org/xxxxx"	HumanObservation	na	observation without coordinates
LIFE4POLL1438	2023-05-23*	na	na	na	na	na	na	"visual observation|photograph|Barberis et al. (in press) ""Insect-flower interactions in the Mediterranean area: a Citizen Science dataset collated within the LIFE 4 Pollinators project"". https://doi.org/xxxxx"	HumanObservation	na	observation without coordinates
LIFE4POLL1439	2023-05-23*	na	na	na	na	na	na	"visual observation|photograph|Barberis et al. (in press) ""Insect-flower interactions in the Mediterranean area: a Citizen Science dataset collated within the LIFE 4 Pollinators project"". https://doi.org/xxxxx"	HumanObservation	na	observation without coordinates
LIFE4POLL1441	2023-05-20	42.371662	-8.936242	WGS84	Spain	ES	island	"visual observation|photograph|Barberis et al. (in press) ""Insect-flower interactions in the Mediterranean area: a Citizen Science dataset collated within the LIFE 4 Pollinators project"". https://doi.org/xxxxx"	HumanObservation	ES0000254|ES1140004	observation located in Natura 2000 sites with codes ES0000254|ES1140004
LIFE4POLL1442	2023-05-19	42.21709	-8.90823	WGS84	Spain	ES	island	"visual observation|photograph|Barberis et al. (in press) ""Insect-flower interactions in the Mediterranean area: a Citizen Science dataset collated within the LIFE 4 Pollinators project"". https://doi.org/xxxxx"	HumanObservation	ES0000001	observation located in Natura 2000 site with code ES0000001
LIFE4POLL1443	2023-05-20	42.371662	-8.936242	WGS84	Spain	ES	island	"visual observation|photograph|Barberis et al. (in press) ""Insect-flower interactions in the Mediterranean area: a Citizen Science dataset collated within the LIFE 4 Pollinators project"". https://doi.org/xxxxx"	HumanObservation	ES0000254|ES1140004	observation located in Natura 2000 sites with codes ES0000254|ES1140004
LIFE4POLL1445	2023-05-20	42.371662	-8.936242	WGS84	Spain	ES	island	"visual observation|photograph|Barberis et al. (in press) ""Insect-flower interactions in the Mediterranean area: a Citizen Science dataset collated within the LIFE 4 Pollinators project"". https://doi.org/xxxxx"	HumanObservation	ES0000254|ES1140004	observation located in Natura 2000 sites with codes ES0000254|ES1140004
LIFE4POLL1446	2023-05-20	42.371662	-8.936242	WGS84	Spain	ES	island	"visual observation|photograph|Barberis et al. (in press) ""Insect-flower interactions in the Mediterranean area: a Citizen Science dataset collated within the LIFE 4 Pollinators project"". https://doi.org/xxxxx"	HumanObservation	ES0000254|ES1140004	observation located in Natura 2000 sites with codes ES0000254|ES1140004
LIFE4POLL1447	2023-05-20	42.371662	-8.936242	WGS84	Spain	ES	island	"visual observation|photograph|Barberis et al. (in press) ""Insect-flower interactions in the Mediterranean area: a Citizen Science dataset collated within the LIFE 4 Pollinators project"". https://doi.org/xxxxx"	HumanObservation	ES0000254|ES1140004	observation located in Natura 2000 sites with codes ES0000254|ES1140004
LIFE4POLL1448	2023-05-20	42.371662	-8.936242	WGS84	Spain	ES	island	"visual observation|photograph|Barberis et al. (in press) ""Insect-flower interactions in the Mediterranean area: a Citizen Science dataset collated within the LIFE 4 Pollinators project"". https://doi.org/xxxxx"	HumanObservation	OutsideNatura2000	observation located outside Natura 2000 sites
LIFE4POLL1449	2023-05-20	42.371662	-8.936242	WGS84	Spain	ES	island	"visual observation|photograph|Barberis et al. (in press) ""Insect-flower interactions in the Mediterranean area: a Citizen Science dataset collated within the LIFE 4 Pollinators project"". https://doi.org/xxxxx"	HumanObservation	ES0000254|ES1140004	observation located in Natura 2000 sites with codes ES0000254|ES1140004
LIFE4POLL1451	2023-05-20	42.371662	-8.936242	WGS84	Spain	ES	island	"visual observation|photograph|Barberis et al. (in press) ""Insect-flower interactions in the Mediterranean area: a Citizen Science dataset collated within the LIFE 4 Pollinators project"". https://doi.org/xxxxx"	HumanObservation	ES0000254|ES1140004	observation located in Natura 2000 sites with codes ES0000254|ES1140004
LIFE4POLL1452	2023-05-20	42.371662	-8.936242	WGS84	Spain	ES	island	"visual observation|photograph|Barberis et al. (in press) ""Insect-flower interactions in the Mediterranean area: a Citizen Science dataset collated within the LIFE 4 Pollinators project"". https://doi.org/xxxxx"	HumanObservation	ES0000254|ES1140004	observation located in Natura 2000 sites with codes ES0000254|ES1140004
LIFE4POLL1453	2023-05-20	42.371662	-8.936242	WGS84	Spain	ES	island	"visual observation|photograph|Barberis et al. (in press) ""Insect-flower interactions in the Mediterranean area: a Citizen Science dataset collated within the LIFE 4 Pollinators project"". https://doi.org/xxxxx"	HumanObservation	ES0000254|ES1140004	observation located in Natura 2000 sites with codes ES0000254|ES1140004
LIFE4POLL1455	2023-05-20	42.371662	-8.936242	WGS84	Spain	ES	island	"visual observation|photograph|Barberis et al. (in press) ""Insect-flower interactions in the Mediterranean area: a Citizen Science dataset collated within the LIFE 4 Pollinators project"". https://doi.org/xxxxx"	HumanObservation	ES0000254|ES1140004	observation located in Natura 2000 sites with codes ES0000254|ES1140004
LIFE4POLL1456	2023-05-20	42.371662	-8.936242	WGS84	Spain	ES	island	"visual observation|photograph|Barberis et al. (in press) ""Insect-flower interactions in the Mediterranean area: a Citizen Science dataset collated within the LIFE 4 Pollinators project"". https://doi.org/xxxxx"	HumanObservation	ES0000254|ES1140004	observation located in Natura 2000 sites with codes ES0000254|ES1140004
LIFE4POLL1457	2023-05-20	42.371662	-8.936242	WGS84	Spain	ES	island	"visual observation|photograph|Barberis et al. (in press) ""Insect-flower interactions in the Mediterranean area: a Citizen Science dataset collated within the LIFE 4 Pollinators project"". https://doi.org/xxxxx"	HumanObservation	ES0000254|ES1140004	observation located in Natura 2000 sites with codes ES0000254|ES1140004
LIFE4POLL1458	2023-05-20	42.371662	-8.936242	WGS84	Spain	ES	island	"visual observation|photograph|Barberis et al. (in press) ""Insect-flower interactions in the Mediterranean area: a Citizen Science dataset collated within the LIFE 4 Pollinators project"". https://doi.org/xxxxx"	HumanObservation	ES0000254|ES1140004	observation located in Natura 2000 sites with codes ES0000254|ES1140004
LIFE4POLL1459	2023-05-20	42.371662	-8.936242	WGS84	Spain	ES	island	"visual observation|photograph|Barberis et al. (in press) ""Insect-flower interactions in the Mediterranean area: a Citizen Science dataset collated within the LIFE 4 Pollinators project"". https://doi.org/xxxxx"	HumanObservation	ES0000254|ES1140004	observation located in Natura 2000 sites with codes ES0000254|ES1140004
LIFE4POLL1460	2023-05-20	42.371662	-8.936242	WGS84	Spain	ES	island	"visual observation|photograph|Barberis et al. (in press) ""Insect-flower interactions in the Mediterranean area: a Citizen Science dataset collated within the LIFE 4 Pollinators project"". https://doi.org/xxxxx"	HumanObservation	ES0000254|ES1140004	observation located in Natura 2000 sites with codes ES0000254|ES1140004
LIFE4POLL1461	2023-05-20	42.371662	-8.936242	WGS84	Spain	ES	island	"visual observation|photograph|Barberis et al. (in press) ""Insect-flower interactions in the Mediterranean area: a Citizen Science dataset collated within the LIFE 4 Pollinators project"". https://doi.org/xxxxx"	HumanObservation	ES0000254|ES1140004	observation located in Natura 2000 sites with codes ES0000254|ES1140004
LIFE4POLL1463	2023-05-20	42.371662	-8.936242	WGS84	Spain	ES	island	"visual observation|photograph|Barberis et al. (in press) ""Insect-flower interactions in the Mediterranean area: a Citizen Science dataset collated within the LIFE 4 Pollinators project"". https://doi.org/xxxxx"	HumanObservation	ES0000254|ES1140004	observation located in Natura 2000 sites with codes ES0000254|ES1140004
LIFE4POLL1466	2023-05-20	42.371662	-8.936242	WGS84	Spain	ES	island	"visual observation|photograph|Barberis et al. (in press) ""Insect-flower interactions in the Mediterranean area: a Citizen Science dataset collated within the LIFE 4 Pollinators project"". https://doi.org/xxxxx"	HumanObservation	ES0000254|ES1140004	observation located in Natura 2000 sites with codes ES0000254|ES1140004
LIFE4POLL1467	2023-05-20	42.371662	-8.936242	WGS84	Spain	ES	island	"visual observation|photograph|Barberis et al. (in press) ""Insect-flower interactions in the Mediterranean area: a Citizen Science dataset collated within the LIFE 4 Pollinators project"". https://doi.org/xxxxx"	HumanObservation	ES0000254|ES1140004	observation located in Natura 2000 sites with codes ES0000254|ES1140004
LIFE4POLL1468	2023-05-20	42.371662	-8.936242	WGS84	Spain	ES	island	"visual observation|photograph|Barberis et al. (in press) ""Insect-flower interactions in the Mediterranean area: a Citizen Science dataset collated within the LIFE 4 Pollinators project"". https://doi.org/xxxxx"	HumanObservation	ES0000254|ES1140004	observation located in Natura 2000 sites with codes ES0000254|ES1140004
LIFE4POLL1469	2023-05-20	42.371662	-8.936242	WGS84	Spain	ES	island	"visual observation|photograph|Barberis et al. (in press) ""Insect-flower interactions in the Mediterranean area: a Citizen Science dataset collated within the LIFE 4 Pollinators project"". https://doi.org/xxxxx"	HumanObservation	ES0000254|ES1140004	observation located in Natura 2000 sites with codes ES0000254|ES1140004
LIFE4POLL1470	2023-05-20	42.371662	-8.936242	WGS84	Spain	ES	island	"visual observation|photograph|Barberis et al. (in press) ""Insect-flower interactions in the Mediterranean area: a Citizen Science dataset collated within the LIFE 4 Pollinators project"". https://doi.org/xxxxx"	HumanObservation	ES0000254|ES1140004	observation located in Natura 2000 sites with codes ES0000254|ES1140004
LIFE4POLL1471	2023-05-20	42.371662	-8.936242	WGS84	Spain	ES	island	"visual observation|photograph|Barberis et al. (in press) ""Insect-flower interactions in the Mediterranean area: a Citizen Science dataset collated within the LIFE 4 Pollinators project"". https://doi.org/xxxxx"	HumanObservation	ES0000254|ES1140004	observation located in Natura 2000 sites with codes ES0000254|ES1140004
LIFE4POLL1472	2023-05-20	42.371662	-8.936242	WGS84	Spain	ES	island	"visual observation|photograph|Barberis et al. (in press) ""Insect-flower interactions in the Mediterranean area: a Citizen Science dataset collated within the LIFE 4 Pollinators project"". https://doi.org/xxxxx"	HumanObservation	ES0000254|ES1140004	observation located in Natura 2000 sites with codes ES0000254|ES1140004
LIFE4POLL1474	2023-05-20	42.371662	-8.936242	WGS84	Spain	ES	island	"visual observation|photograph|Barberis et al. (in press) ""Insect-flower interactions in the Mediterranean area: a Citizen Science dataset collated within the LIFE 4 Pollinators project"". https://doi.org/xxxxx"	HumanObservation	ES0000254|ES1140004	observation located in Natura 2000 sites with codes ES0000254|ES1140004
LIFE4POLL1475	2023-05-20	42.371662	-8.936242	WGS84	Spain	ES	island	"visual observation|photograph|Barberis et al. (in press) ""Insect-flower interactions in the Mediterranean area: a Citizen Science dataset collated within the LIFE 4 Pollinators project"". https://doi.org/xxxxx"	HumanObservation	ES0000254|ES1140004	observation located in Natura 2000 sites with codes ES0000254|ES1140004
LIFE4POLL1476	2023-05-20	42.371662	-8.936242	WGS84	Spain	ES	island	"visual observation|photograph|Barberis et al. (in press) ""Insect-flower interactions in the Mediterranean area: a Citizen Science dataset collated within the LIFE 4 Pollinators project"". https://doi.org/xxxxx"	HumanObservation	ES0000254|ES1140004	observation located in Natura 2000 sites with codes ES0000254|ES1140004
LIFE4POLL1477	2023-05-20	42.371662	-8.936242	WGS84	Spain	ES	island	"visual observation|photograph|Barberis et al. (in press) ""Insect-flower interactions in the Mediterranean area: a Citizen Science dataset collated within the LIFE 4 Pollinators project"". https://doi.org/xxxxx"	HumanObservation	ES0000254|ES1140004	observation located in Natura 2000 sites with codes ES0000254|ES1140004
LIFE4POLL1478	2023-05-20	42.371662	-8.936242	WGS84	Spain	ES	island	"visual observation|photograph|Barberis et al. (in press) ""Insect-flower interactions in the Mediterranean area: a Citizen Science dataset collated within the LIFE 4 Pollinators project"". https://doi.org/xxxxx"	HumanObservation	ES0000254|ES1140004	observation located in Natura 2000 sites with codes ES0000254|ES1140004
LIFE4POLL1479	2023-05-20	42.371662	-8.936242	WGS84	Spain	ES	island	"visual observation|photograph|Barberis et al. (in press) ""Insect-flower interactions in the Mediterranean area: a Citizen Science dataset collated within the LIFE 4 Pollinators project"". https://doi.org/xxxxx"	HumanObservation	ES0000254|ES1140004	observation located in Natura 2000 sites with codes ES0000254|ES1140004
LIFE4POLL1480	2023-05-20	42.371662	-8.936242	WGS84	Spain	ES	island	"visual observation|photograph|Barberis et al. (in press) ""Insect-flower interactions in the Mediterranean area: a Citizen Science dataset collated within the LIFE 4 Pollinators project"". https://doi.org/xxxxx"	HumanObservation	ES0000254|ES1140004	observation located in Natura 2000 sites with codes ES0000254|ES1140004
LIFE4POLL1481	2023-05-20	42.371662	-8.936242	WGS84	Spain	ES	island	"visual observation|photograph|Barberis et al. (in press) ""Insect-flower interactions in the Mediterranean area: a Citizen Science dataset collated within the LIFE 4 Pollinators project"". https://doi.org/xxxxx"	HumanObservation	ES0000254|ES1140004	observation located in Natura 2000 sites with codes ES0000254|ES1140004
LIFE4POLL1482	2023-05-20	42.371662	-8.936242	WGS84	Spain	ES	island	"visual observation|photograph|Barberis et al. (in press) ""Insect-flower interactions in the Mediterranean area: a Citizen Science dataset collated within the LIFE 4 Pollinators project"". https://doi.org/xxxxx"	HumanObservation	ES0000254|ES1140004	observation located in Natura 2000 sites with codes ES0000254|ES1140004
LIFE4POLL1483	2023-05-20	42.371662	-8.936242	WGS84	Spain	ES	island	"visual observation|photograph|Barberis et al. (in press) ""Insect-flower interactions in the Mediterranean area: a Citizen Science dataset collated within the LIFE 4 Pollinators project"". https://doi.org/xxxxx"	HumanObservation	ES0000254|ES1140004	observation located in Natura 2000 sites with codes ES0000254|ES1140004
LIFE4POLL1485	2023-05-20	42.371662	-8.936242	WGS84	Spain	ES	island	"visual observation|photograph|Barberis et al. (in press) ""Insect-flower interactions in the Mediterranean area: a Citizen Science dataset collated within the LIFE 4 Pollinators project"". https://doi.org/xxxxx"	HumanObservation	ES0000254|ES1140004	observation located in Natura 2000 sites with codes ES0000254|ES1140004
LIFE4POLL1487	2023-05-20	42.371662	-8.936242	WGS84	Spain	ES	island	"visual observation|photograph|Barberis et al. (in press) ""Insect-flower interactions in the Mediterranean area: a Citizen Science dataset collated within the LIFE 4 Pollinators project"". https://doi.org/xxxxx"	HumanObservation	ES0000254|ES1140004	observation located in Natura 2000 sites with codes ES0000254|ES1140004
LIFE4POLL1490	2023-05-20	42.371662	-8.936242	WGS84	Spain	ES	island	"visual observation|photograph|Barberis et al. (in press) ""Insect-flower interactions in the Mediterranean area: a Citizen Science dataset collated within the LIFE 4 Pollinators project"". https://doi.org/xxxxx"	HumanObservation	ES0000254|ES1140004	observation located in Natura 2000 sites with codes ES0000254|ES1140004
LIFE4POLL1491	2023-05-20	42.371662	-8.936242	WGS84	Spain	ES	island	"visual observation|photograph|Barberis et al. (in press) ""Insect-flower interactions in the Mediterranean area: a Citizen Science dataset collated within the LIFE 4 Pollinators project"". https://doi.org/xxxxx"	HumanObservation	ES0000254|ES1140004	observation located in Natura 2000 sites with codes ES0000254|ES1140004
LIFE4POLL1492	2023-05-20	42.371662	-8.936242	WGS84	Spain	ES	island	"visual observation|photograph|Barberis et al. (in press) ""Insect-flower interactions in the Mediterranean area: a Citizen Science dataset collated within the LIFE 4 Pollinators project"". https://doi.org/xxxxx"	HumanObservation	ES0000254|ES1140004	observation located in Natura 2000 sites with codes ES0000254|ES1140004
LIFE4POLL1493	2023-05-20	42.371662	-8.936242	WGS84	Spain	ES	island	"visual observation|photograph|Barberis et al. (in press) ""Insect-flower interactions in the Mediterranean area: a Citizen Science dataset collated within the LIFE 4 Pollinators project"". https://doi.org/xxxxx"	HumanObservation	ES0000254|ES1140004	observation located in Natura 2000 sites with codes ES0000254|ES1140004
LIFE4POLL1494	2023-05-20	42.371662	-8.936242	WGS84	Spain	ES	island	"visual observation|photograph|Barberis et al. (in press) ""Insect-flower interactions in the Mediterranean area: a Citizen Science dataset collated within the LIFE 4 Pollinators project"". https://doi.org/xxxxx"	HumanObservation	ES0000254|ES1140004	observation located in Natura 2000 sites with codes ES0000254|ES1140004
LIFE4POLL1495	2023-05-20	42.371662	-8.936242	WGS84	Spain	ES	island	"visual observation|photograph|Barberis et al. (in press) ""Insect-flower interactions in the Mediterranean area: a Citizen Science dataset collated within the LIFE 4 Pollinators project"". https://doi.org/xxxxx"	HumanObservation	ES0000254|ES1140004	observation located in Natura 2000 sites with codes ES0000254|ES1140004
LIFE4POLL1497	2023-05-20	42.371662	-8.936242	WGS84	Spain	ES	island	"visual observation|photograph|Barberis et al. (in press) ""Insect-flower interactions in the Mediterranean area: a Citizen Science dataset collated within the LIFE 4 Pollinators project"". https://doi.org/xxxxx"	HumanObservation	ES0000254|ES1140004	observation located in Natura 2000 sites with codes ES0000254|ES1140004
LIFE4POLL1498	2023-05-20	42.371662	-8.936242	WGS84	Spain	ES	island	"visual observation|photograph|Barberis et al. (in press) ""Insect-flower interactions in the Mediterranean area: a Citizen Science dataset collated within the LIFE 4 Pollinators project"". https://doi.org/xxxxx"	HumanObservation	ES0000254|ES1140004	observation located in Natura 2000 sites with codes ES0000254|ES1140004
LIFE4POLL1499	2023-05-20	42.371662	-8.936242	WGS84	Spain	ES	island	"visual observation|photograph|Barberis et al. (in press) ""Insect-flower interactions in the Mediterranean area: a Citizen Science dataset collated within the LIFE 4 Pollinators project"". https://doi.org/xxxxx"	HumanObservation	ES0000254|ES1140004	observation located in Natura 2000 sites with codes ES0000254|ES1140004
LIFE4POLL1500	2023-05-20	42.371662	-8.936242	WGS84	Spain	ES	island	"visual observation|photograph|Barberis et al. (in press) ""Insect-flower interactions in the Mediterranean area: a Citizen Science dataset collated within the LIFE 4 Pollinators project"". https://doi.org/xxxxx"	HumanObservation	ES0000254|ES1140004	observation located in Natura 2000 sites with codes ES0000254|ES1140004
LIFE4POLL1501	2023-05-20	42.371662	-8.936242	WGS84	Spain	ES	island	"visual observation|photograph|Barberis et al. (in press) ""Insect-flower interactions in the Mediterranean area: a Citizen Science dataset collated within the LIFE 4 Pollinators project"". https://doi.org/xxxxx"	HumanObservation	ES0000254|ES1140004	observation located in Natura 2000 sites with codes ES0000254|ES1140004
LIFE4POLL1502	2023-05-20	42.371662	-8.936242	WGS84	Spain	ES	island	"visual observation|photograph|Barberis et al. (in press) ""Insect-flower interactions in the Mediterranean area: a Citizen Science dataset collated within the LIFE 4 Pollinators project"". https://doi.org/xxxxx"	HumanObservation	ES0000254|ES1140004	observation located in Natura 2000 sites with codes ES0000254|ES1140004
LIFE4POLL1504	2023-05-20	42.371662	-8.936242	WGS84	Spain	ES	island	"visual observation|photograph|Barberis et al. (in press) ""Insect-flower interactions in the Mediterranean area: a Citizen Science dataset collated within the LIFE 4 Pollinators project"". https://doi.org/xxxxx"	HumanObservation	ES0000254|ES1140004	observation located in Natura 2000 sites with codes ES0000254|ES1140004
LIFE4POLL1505	2023-05-24*	42.38052	-8.93558	WGS84	Spain	ES	island	"visual observation|photograph|Barberis et al. (in press) ""Insect-flower interactions in the Mediterranean area: a Citizen Science dataset collated within the LIFE 4 Pollinators project"". https://doi.org/xxxxx"	HumanObservation	ES0000254|ES1140004	observation located in Natura 2000 sites with codes ES0000254|ES1140004
LIFE4POLL1506	2023-05-24*	42.38052	-8.93558	WGS84	Spain	ES	island	"visual observation|photograph|Barberis et al. (in press) ""Insect-flower interactions in the Mediterranean area: a Citizen Science dataset collated within the LIFE 4 Pollinators project"". https://doi.org/xxxxx"	HumanObservation	ES0000254|ES1140004	observation located in Natura 2000 sites with codes ES0000254|ES1140004
LIFE4POLL1509	2023-05-24*	42.38052	-8.93558	WGS84	Spain	ES	island	"visual observation|photograph|Barberis et al. (in press) ""Insect-flower interactions in the Mediterranean area: a Citizen Science dataset collated within the LIFE 4 Pollinators project"". https://doi.org/xxxxx"	HumanObservation	ES0000254|ES1140004	observation located in Natura 2000 sites with codes ES0000254|ES1140004
LIFE4POLL1510	2023-05-24*	42.38052	-8.93558	WGS84	Spain	ES	island	"visual observation|photograph|Barberis et al. (in press) ""Insect-flower interactions in the Mediterranean area: a Citizen Science dataset collated within the LIFE 4 Pollinators project"". https://doi.org/xxxxx"	HumanObservation	ES0000254|ES1140004	observation located in Natura 2000 sites with codes ES0000254|ES1140004
LIFE4POLL1511	2023-05-24*	42.38052	-8.93558	WGS84	Spain	ES	island	"visual observation|photograph|Barberis et al. (in press) ""Insect-flower interactions in the Mediterranean area: a Citizen Science dataset collated within the LIFE 4 Pollinators project"". https://doi.org/xxxxx"	HumanObservation	ES0000254|ES1140004	observation located in Natura 2000 sites with codes ES0000254|ES1140004
LIFE4POLL1512	2023-05-24*	42.38052	-8.93558	WGS84	Spain	ES	island	"visual observation|photograph|Barberis et al. (in press) ""Insect-flower interactions in the Mediterranean area: a Citizen Science dataset collated within the LIFE 4 Pollinators project"". https://doi.org/xxxxx"	HumanObservation	ES0000254|ES1140004	observation located in Natura 2000 sites with codes ES0000254|ES1140004
LIFE4POLL1513	2023-05-24*	42.38052	-8.93558	WGS84	Spain	ES	island	"visual observation|photograph|Barberis et al. (in press) ""Insect-flower interactions in the Mediterranean area: a Citizen Science dataset collated within the LIFE 4 Pollinators project"". https://doi.org/xxxxx"	HumanObservation	ES0000254|ES1140004	observation located in Natura 2000 sites with codes ES0000254|ES1140004
LIFE4POLL1514	2023-05-24*	42.38052	-8.93558	WGS84	Spain	ES	island	"visual observation|photograph|Barberis et al. (in press) ""Insect-flower interactions in the Mediterranean area: a Citizen Science dataset collated within the LIFE 4 Pollinators project"". https://doi.org/xxxxx"	HumanObservation	ES0000254|ES1140004	observation located in Natura 2000 sites with codes ES0000254|ES1140004
LIFE4POLL1515	2023-05-24*	42.38052	-8.93558	WGS84	Spain	ES	island	"visual observation|photograph|Barberis et al. (in press) ""Insect-flower interactions in the Mediterranean area: a Citizen Science dataset collated within the LIFE 4 Pollinators project"". https://doi.org/xxxxx"	HumanObservation	ES0000254|ES1140004	observation located in Natura 2000 sites with codes ES0000254|ES1140004
LIFE4POLL1516	2023-05-24*	42.38052	-8.93558	WGS84	Spain	ES	island	"visual observation|photograph|Barberis et al. (in press) ""Insect-flower interactions in the Mediterranean area: a Citizen Science dataset collated within the LIFE 4 Pollinators project"". https://doi.org/xxxxx"	HumanObservation	ES0000254|ES1140004	observation located in Natura 2000 sites with codes ES0000254|ES1140004
LIFE4POLL1517	2023-05-24*	42.38052	-8.93558	WGS84	Spain	ES	island	"visual observation|photograph|Barberis et al. (in press) ""Insect-flower interactions in the Mediterranean area: a Citizen Science dataset collated within the LIFE 4 Pollinators project"". https://doi.org/xxxxx"	HumanObservation	ES0000254|ES1140004	observation located in Natura 2000 sites with codes ES0000254|ES1140004
LIFE4POLL1518	2023-05-24*	42.38052	-8.93558	WGS84	Spain	ES	island	"visual observation|photograph|Barberis et al. (in press) ""Insect-flower interactions in the Mediterranean area: a Citizen Science dataset collated within the LIFE 4 Pollinators project"". https://doi.org/xxxxx"	HumanObservation	ES0000254|ES1140004	observation located in Natura 2000 sites with codes ES0000254|ES1140004
LIFE4POLL1519	2023-05-24*	42.38052	-8.93558	WGS84	Spain	ES	island	"visual observation|photograph|Barberis et al. (in press) ""Insect-flower interactions in the Mediterranean area: a Citizen Science dataset collated within the LIFE 4 Pollinators project"". https://doi.org/xxxxx"	HumanObservation	ES0000254|ES1140004	observation located in Natura 2000 sites with codes ES0000254|ES1140004
LIFE4POLL1521	2023-05-24*	42.38052	-8.93558	WGS84	Spain	ES	island	"visual observation|photograph|Barberis et al. (in press) ""Insect-flower interactions in the Mediterranean area: a Citizen Science dataset collated within the LIFE 4 Pollinators project"". https://doi.org/xxxxx"	HumanObservation	ES0000254|ES1140004	observation located in Natura 2000 sites with codes ES0000254|ES1140004
LIFE4POLL1522	2023-05-24*	42.38052	-8.93558	WGS84	Spain	ES	island	"visual observation|photograph|Barberis et al. (in press) ""Insect-flower interactions in the Mediterranean area: a Citizen Science dataset collated within the LIFE 4 Pollinators project"". https://doi.org/xxxxx"	HumanObservation	ES0000254|ES1140004	observation located in Natura 2000 sites with codes ES0000254|ES1140004
LIFE4POLL1523	2023-05-24*	42.38052	-8.93558	WGS84	Spain	ES	island	"visual observation|photograph|Barberis et al. (in press) ""Insect-flower interactions in the Mediterranean area: a Citizen Science dataset collated within the LIFE 4 Pollinators project"". https://doi.org/xxxxx"	HumanObservation	ES0000254|ES1140004	observation located in Natura 2000 sites with codes ES0000254|ES1140004
LIFE4POLL1524	2023-05-24*	42.38052	-8.93558	WGS84	Spain	ES	island	"visual observation|photograph|Barberis et al. (in press) ""Insect-flower interactions in the Mediterranean area: a Citizen Science dataset collated within the LIFE 4 Pollinators project"". https://doi.org/xxxxx"	HumanObservation	ES0000254|ES1140004	observation located in Natura 2000 sites with codes ES0000254|ES1140004
LIFE4POLL1525	2023-05-24*	42.38052	-8.93558	WGS84	Spain	ES	island	"visual observation|photograph|Barberis et al. (in press) ""Insect-flower interactions in the Mediterranean area: a Citizen Science dataset collated within the LIFE 4 Pollinators project"". https://doi.org/xxxxx"	HumanObservation	ES0000254|ES1140004	observation located in Natura 2000 sites with codes ES0000254|ES1140004
LIFE4POLL1526	2023-05-24*	42.38052	-8.93558	WGS84	Spain	ES	island	"visual observation|photograph|Barberis et al. (in press) ""Insect-flower interactions in the Mediterranean area: a Citizen Science dataset collated within the LIFE 4 Pollinators project"". https://doi.org/xxxxx"	HumanObservation	ES0000254|ES1140004	observation located in Natura 2000 sites with codes ES0000254|ES1140004
LIFE4POLL1527	2023-05-24*	42.38052	-8.93558	WGS84	Spain	ES	island	"visual observation|photograph|Barberis et al. (in press) ""Insect-flower interactions in the Mediterranean area: a Citizen Science dataset collated within the LIFE 4 Pollinators project"". https://doi.org/xxxxx"	HumanObservation	ES0000254|ES1140004	observation located in Natura 2000 sites with codes ES0000254|ES1140004
LIFE4POLL1528	2023-05-24*	42.38052	-8.93558	WGS84	Spain	ES	island	"visual observation|photograph|Barberis et al. (in press) ""Insect-flower interactions in the Mediterranean area: a Citizen Science dataset collated within the LIFE 4 Pollinators project"". https://doi.org/xxxxx"	HumanObservation	ES0000254|ES1140004	observation located in Natura 2000 sites with codes ES0000254|ES1140004
LIFE4POLL1529	2023-05-24*	42.38052	-8.93558	WGS84	Spain	ES	island	"visual observation|photograph|Barberis et al. (in press) ""Insect-flower interactions in the Mediterranean area: a Citizen Science dataset collated within the LIFE 4 Pollinators project"". https://doi.org/xxxxx"	HumanObservation	ES0000254|ES1140004	observation located in Natura 2000 sites with codes ES0000254|ES1140004
LIFE4POLL1530	2023-05-24*	42.38052	-8.93558	WGS84	Spain	ES	island	"visual observation|photograph|Barberis et al. (in press) ""Insect-flower interactions in the Mediterranean area: a Citizen Science dataset collated within the LIFE 4 Pollinators project"". https://doi.org/xxxxx"	HumanObservation	ES0000254|ES1140004	observation located in Natura 2000 sites with codes ES0000254|ES1140004
LIFE4POLL1531	2023-05-19	42.21505	-8.909433	WGS84	Spain	ES	island	"visual observation|photograph|Barberis et al. (in press) ""Insect-flower interactions in the Mediterranean area: a Citizen Science dataset collated within the LIFE 4 Pollinators project"". https://doi.org/xxxxx"	HumanObservation	ES0000254|ES1140004	observation located in Natura 2000 sites with codes ES0000254|ES1140004
LIFE4POLL1532	2023-05-19	42.239433	-8.905083	WGS84	Spain	ES	island	"visual observation|photograph|Barberis et al. (in press) ""Insect-flower interactions in the Mediterranean area: a Citizen Science dataset collated within the LIFE 4 Pollinators project"". https://doi.org/xxxxx"	HumanObservation	ES0000001	observation located in Natura 2000 site with code ES0000001
LIFE4POLL1533	2023-05-24*	42.239217	-8.9049	WGS84	Spain	ES	island	"visual observation|photograph|Barberis et al. (in press) ""Insect-flower interactions in the Mediterranean area: a Citizen Science dataset collated within the LIFE 4 Pollinators project"". https://doi.org/xxxxx"	HumanObservation	ES0000001	observation located in Natura 2000 site with code ES0000001
LIFE4POLL1534	2023-05-24*	42.238667	-8.904317	WGS84	Spain	ES	island	"visual observation|photograph|Barberis et al. (in press) ""Insect-flower interactions in the Mediterranean area: a Citizen Science dataset collated within the LIFE 4 Pollinators project"". https://doi.org/xxxxx"	HumanObservation	ES0000001	observation located in Natura 2000 site with code ES0000001
LIFE4POLL1535	2023-05-19	42.238667	-8.904317	WGS84	Spain	ES	island	"visual observation|photograph|Barberis et al. (in press) ""Insect-flower interactions in the Mediterranean area: a Citizen Science dataset collated within the LIFE 4 Pollinators project"". https://doi.org/xxxxx"	HumanObservation	ES0000001	observation located in Natura 2000 site with code ES0000001
LIFE4POLL1536	2023-05-19	42.21709	-8.90823	WGS84	Spain	ES	island	"visual observation|photograph|Barberis et al. (in press) ""Insect-flower interactions in the Mediterranean area: a Citizen Science dataset collated within the LIFE 4 Pollinators project"". https://doi.org/xxxxx"	HumanObservation	ES0000001	observation located in Natura 2000 site with code ES0000001
LIFE4POLL1537	2023-05-19	42.217083	-8.9034	WGS84	Spain	ES	island	"visual observation|photograph|Barberis et al. (in press) ""Insect-flower interactions in the Mediterranean area: a Citizen Science dataset collated within the LIFE 4 Pollinators project"". https://doi.org/xxxxx"	HumanObservation	ES0000001	observation located in Natura 2000 site with code ES0000001
LIFE4POLL1538	2023-05-19	42.218867	-8.907033	WGS84	Spain	ES	island	"visual observation|photograph|Barberis et al. (in press) ""Insect-flower interactions in the Mediterranean area: a Citizen Science dataset collated within the LIFE 4 Pollinators project"". https://doi.org/xxxxx"	HumanObservation	ES0000001	observation located in Natura 2000 site with code ES0000001
LIFE4POLL1539	2023-05-19	42.2166	-8.90315	WGS84	Spain	ES	island, seaside	"visual observation|photograph|Barberis et al. (in press) ""Insect-flower interactions in the Mediterranean area: a Citizen Science dataset collated within the LIFE 4 Pollinators project"". https://doi.org/xxxxx"	HumanObservation	ES0000001	observation located in Natura 2000 site with code ES0000001
LIFE4POLL1540	2023-05-19	42.2367	-8.904167	WGS84	Spain	ES	island	"visual observation|photograph|Barberis et al. (in press) ""Insect-flower interactions in the Mediterranean area: a Citizen Science dataset collated within the LIFE 4 Pollinators project"". https://doi.org/xxxxx"	HumanObservation	ES0000001	observation located in Natura 2000 site with code ES0000001
LIFE4POLL1541	2023-05-19	42.236467	-8.904067	WGS84	Spain	ES	island	"visual observation|photograph|Barberis et al. (in press) ""Insect-flower interactions in the Mediterranean area: a Citizen Science dataset collated within the LIFE 4 Pollinators project"". https://doi.org/xxxxx"	HumanObservation	ES0000001	observation located in Natura 2000 site with code ES0000001
LIFE4POLL1542	2023-05-19	42.227683	-8.9011	WGS84	Spain	ES	island	"visual observation|photograph|Barberis et al. (in press) ""Insect-flower interactions in the Mediterranean area: a Citizen Science dataset collated within the LIFE 4 Pollinators project"". https://doi.org/xxxxx"	HumanObservation	ES0000001	observation located in Natura 2000 site with code ES0000001
LIFE4POLL1543	2023-05-19	42.22905	-8.901	WGS84	Spain	ES	island	"visual observation|photograph|Barberis et al. (in press) ""Insect-flower interactions in the Mediterranean area: a Citizen Science dataset collated within the LIFE 4 Pollinators project"". https://doi.org/xxxxx"	HumanObservation	ES0000001	observation located in Natura 2000 site with code ES0000001
LIFE4POLL1544	2023-05-19	42.23965	-8.90505	WGS84	Spain	ES	island	"visual observation|photograph|Barberis et al. (in press) ""Insect-flower interactions in the Mediterranean area: a Citizen Science dataset collated within the LIFE 4 Pollinators project"". https://doi.org/xxxxx"	HumanObservation	ES0000001	observation located in Natura 2000 site with code ES0000001
LIFE4POLL1545	2023-05-19	42.2296	-8.9011	WGS84	Spain	ES	island, seaside	"visual observation|photograph|Barberis et al. (in press) ""Insect-flower interactions in the Mediterranean area: a Citizen Science dataset collated within the LIFE 4 Pollinators project"". https://doi.org/xxxxx"	HumanObservation	ES0000001	observation located in Natura 2000 site with code ES0000001
LIFE4POLL1546	2023-05-19	42.22905	-8.901	WGS84	Spain	ES	island, seaside	"visual observation|photograph|Barberis et al. (in press) ""Insect-flower interactions in the Mediterranean area: a Citizen Science dataset collated within the LIFE 4 Pollinators project"". https://doi.org/xxxxx"	HumanObservation	ES0000001	observation located in Natura 2000 site with code ES0000001
LIFE4POLL1547	2023-05-19	42.229383	-8.90105	WGS84	Spain	ES	island, seaside	"visual observation|photograph|Barberis et al. (in press) ""Insect-flower interactions in the Mediterranean area: a Citizen Science dataset collated within the LIFE 4 Pollinators project"". https://doi.org/xxxxx"	HumanObservation	ES0000001	observation located in Natura 2000 site with code ES0000001
LIFE4POLL1548	2023-05-19	42.21905	-8.907067	WGS84	Spain	ES	island	"visual observation|photograph|Barberis et al. (in press) ""Insect-flower interactions in the Mediterranean area: a Citizen Science dataset collated within the LIFE 4 Pollinators project"". https://doi.org/xxxxx"	HumanObservation	ES0000001	observation located in Natura 2000 site with code ES0000001
LIFE4POLL1549	2023-05-19	42.23965	-8.90505	WGS84	Spain	ES	island	"visual observation|photograph|Barberis et al. (in press) ""Insect-flower interactions in the Mediterranean area: a Citizen Science dataset collated within the LIFE 4 Pollinators project"". https://doi.org/xxxxx"	HumanObservation	ES0000001	observation located in Natura 2000 site with code ES0000001
LIFE4POLL1550	2023-05-19	42.242067	-8.90355	WGS84	Spain	ES	island	"visual observation|photograph|Barberis et al. (in press) ""Insect-flower interactions in the Mediterranean area: a Citizen Science dataset collated within the LIFE 4 Pollinators project"". https://doi.org/xxxxx"	HumanObservation	ES0000001	observation located in Natura 2000 site with code ES0000001
LIFE4POLL1551	2023-05-19	42.241017	-8.905217	WGS84	Spain	ES	island	"visual observation|photograph|Barberis et al. (in press) ""Insect-flower interactions in the Mediterranean area: a Citizen Science dataset collated within the LIFE 4 Pollinators project"". https://doi.org/xxxxx"	HumanObservation	ES0000001	observation located in Natura 2000 site with code ES0000001
LIFE4POLL1552	2023-05-19	42.24075	-8.9052	WGS84	Spain	ES	island	"visual observation|photograph|Barberis et al. (in press) ""Insect-flower interactions in the Mediterranean area: a Citizen Science dataset collated within the LIFE 4 Pollinators project"". https://doi.org/xxxxx"	HumanObservation	ES0000001	observation located in Natura 2000 site with code ES0000001
LIFE4POLL1553	2023-05-19	42.240867	-8.905183	WGS84	Spain	ES	island	"visual observation|photograph|Barberis et al. (in press) ""Insect-flower interactions in the Mediterranean area: a Citizen Science dataset collated within the LIFE 4 Pollinators project"". https://doi.org/xxxxx"	HumanObservation	ES0000001	observation located in Natura 2000 site with code ES0000001
LIFE4POLL1554	2023-05-19	42.228183	-8.901117	WGS84	Spain	ES	island	"visual observation|photograph|Barberis et al. (in press) ""Insect-flower interactions in the Mediterranean area: a Citizen Science dataset collated within the LIFE 4 Pollinators project"". https://doi.org/xxxxx"	HumanObservation	ES0000001	observation located in Natura 2000 site with code ES0000001
LIFE4POLL1555	2023-05-19	42.227067	-8.90135	WGS84	Spain	ES	island, seaside	"visual observation|photograph|Barberis et al. (in press) ""Insect-flower interactions in the Mediterranean area: a Citizen Science dataset collated within the LIFE 4 Pollinators project"". https://doi.org/xxxxx"	HumanObservation	ES0000001	observation located in Natura 2000 site with code ES0000001
LIFE4POLL1556	2023-05-19	42.237683	-8.904117	WGS84	Spain	ES	island	"visual observation|photograph|Barberis et al. (in press) ""Insect-flower interactions in the Mediterranean area: a Citizen Science dataset collated within the LIFE 4 Pollinators project"". https://doi.org/xxxxx"	HumanObservation	ES0000001	observation located in Natura 2000 site with code ES0000001
LIFE4POLL1557	2023-05-19	42.233383	-8.903383	WGS84	Spain	ES	island	"visual observation|photograph|Barberis et al. (in press) ""Insect-flower interactions in the Mediterranean area: a Citizen Science dataset collated within the LIFE 4 Pollinators project"". https://doi.org/xxxxx"	HumanObservation	ES0000001	observation located in Natura 2000 site with code ES0000001
LIFE4POLL1558	2023-05-19	42.22715	-8.901283	WGS84	Spain	ES	island, seaside	"visual observation|photograph|Barberis et al. (in press) ""Insect-flower interactions in the Mediterranean area: a Citizen Science dataset collated within the LIFE 4 Pollinators project"". https://doi.org/xxxxx"	HumanObservation	ES0000001	observation located in Natura 2000 site with code ES0000001
LIFE4POLL1559	2023-05-19	42.242067	-8.90355	WGS84	Spain	ES	island, seaside	"visual observation|photograph|Barberis et al. (in press) ""Insect-flower interactions in the Mediterranean area: a Citizen Science dataset collated within the LIFE 4 Pollinators project"". https://doi.org/xxxxx"	HumanObservation	ES0000001	observation located in Natura 2000 site with code ES0000001
LIFE4POLL1560	2023-05-19	42.227067	-8.90135	WGS84	Spain	ES	island, seaside	"visual observation|photograph|Barberis et al. (in press) ""Insect-flower interactions in the Mediterranean area: a Citizen Science dataset collated within the LIFE 4 Pollinators project"". https://doi.org/xxxxx"	HumanObservation	ES0000001	observation located in Natura 2000 site with code ES0000001
LIFE4POLL1561	2023-05-19	42.227067	-8.90135	WGS84	Spain	ES	island, seaside	"visual observation|photograph|Barberis et al. (in press) ""Insect-flower interactions in the Mediterranean area: a Citizen Science dataset collated within the LIFE 4 Pollinators project"". https://doi.org/xxxxx"	HumanObservation	ES0000001	observation located in Natura 2000 site with code ES0000001
LIFE4POLL1562	2023-05-19	42.227067	-8.90135	WGS84	Spain	ES	island, seaside	"visual observation|photograph|Barberis et al. (in press) ""Insect-flower interactions in the Mediterranean area: a Citizen Science dataset collated within the LIFE 4 Pollinators project"". https://doi.org/xxxxx"	HumanObservation	ES0000001	observation located in Natura 2000 site with code ES0000001
LIFE4POLL1563	2023-05-19	42.238967	-8.90465	WGS84	Spain	ES	island, seaside	"visual observation|photograph|Barberis et al. (in press) ""Insect-flower interactions in the Mediterranean area: a Citizen Science dataset collated within the LIFE 4 Pollinators project"". https://doi.org/xxxxx"	HumanObservation	ES0000001	observation located in Natura 2000 site with code ES0000001
LIFE4POLL1564	2023-05-19	42.236467	-8.904133	WGS84	Spain	ES	island	"visual observation|photograph|Barberis et al. (in press) ""Insect-flower interactions in the Mediterranean area: a Citizen Science dataset collated within the LIFE 4 Pollinators project"". https://doi.org/xxxxx"	HumanObservation	ES0000001	observation located in Natura 2000 site with code ES0000001
LIFE4POLL1565	2023-05-19	42.23845	-8.90415	WGS84	Spain	ES	island	"visual observation|photograph|Barberis et al. (in press) ""Insect-flower interactions in the Mediterranean area: a Citizen Science dataset collated within the LIFE 4 Pollinators project"". https://doi.org/xxxxx"	HumanObservation	ES0000001	observation located in Natura 2000 site with code ES0000001
LIFE4POLL1566	2023-05-19	42.230483	-8.902417	WGS84	Spain	ES	island, seaside	"visual observation|photograph|Barberis et al. (in press) ""Insect-flower interactions in the Mediterranean area: a Citizen Science dataset collated within the LIFE 4 Pollinators project"". https://doi.org/xxxxx"	HumanObservation	ES0000001	observation located in Natura 2000 site with code ES0000001
LIFE4POLL1567	2023-05-25*	42.227717	-8.901133	WGS84	Spain	ES	island, seaside	"visual observation|photograph|Barberis et al. (in press) ""Insect-flower interactions in the Mediterranean area: a Citizen Science dataset collated within the LIFE 4 Pollinators project"". https://doi.org/xxxxx"	HumanObservation	ES0000001	observation located in Natura 2000 site with code ES0000001
LIFE4POLL1568	2023-05-19	42.242417	-8.903767	WGS84	Spain	ES	island, seaside	"visual observation|photograph|Barberis et al. (in press) ""Insect-flower interactions in the Mediterranean area: a Citizen Science dataset collated within the LIFE 4 Pollinators project"". https://doi.org/xxxxx"	HumanObservation	ES0000001	observation located in Natura 2000 site with code ES0000001
LIFE4POLL1569	2023-05-19	42.2173	-8.906833	WGS84	Spain	ES	island	"visual observation|photograph|Barberis et al. (in press) ""Insect-flower interactions in the Mediterranean area: a Citizen Science dataset collated within the LIFE 4 Pollinators project"". https://doi.org/xxxxx"	HumanObservation	ES0000001	observation located in Natura 2000 site with code ES0000001
LIFE4POLL1570	2023-05-19	42.2173	-8.906833	WGS84	Spain	ES	island	"visual observation|photograph|Barberis et al. (in press) ""Insect-flower interactions in the Mediterranean area: a Citizen Science dataset collated within the LIFE 4 Pollinators project"". https://doi.org/xxxxx"	HumanObservation	ES0000001	observation located in Natura 2000 site with code ES0000001
LIFE4POLL1571	2023-05-19	42.241033	-8.9038	WGS84	Spain	ES	island	"visual observation|photograph|Barberis et al. (in press) ""Insect-flower interactions in the Mediterranean area: a Citizen Science dataset collated within the LIFE 4 Pollinators project"". https://doi.org/xxxxx"	HumanObservation	ES0000001	observation located in Natura 2000 site with code ES0000001
LIFE4POLL1572	2023-05-19	42.228133	-8.901117	WGS84	Spain	ES	island, seaside	"visual observation|photograph|Barberis et al. (in press) ""Insect-flower interactions in the Mediterranean area: a Citizen Science dataset collated within the LIFE 4 Pollinators project"". https://doi.org/xxxxx"	HumanObservation	ES0000001	observation located in Natura 2000 site with code ES0000001
LIFE4POLL1573	2023-05-19	42.2411	-8.9039	WGS84	Spain	ES	island	"visual observation|photograph|Barberis et al. (in press) ""Insect-flower interactions in the Mediterranean area: a Citizen Science dataset collated within the LIFE 4 Pollinators project"". https://doi.org/xxxxx"	HumanObservation	ES0000001	observation located in Natura 2000 site with code ES0000001
LIFE4POLL1574	2023-05-25*	42.242417	-8.903767	WGS84	Spain	ES	island	"visual observation|photograph|Barberis et al. (in press) ""Insect-flower interactions in the Mediterranean area: a Citizen Science dataset collated within the LIFE 4 Pollinators project"". https://doi.org/xxxxx"	HumanObservation	ES0000001	observation located in Natura 2000 site with code ES0000001
LIFE4POLL1575	2023-05-19	42.24155	-8.9043	WGS84	Spain	ES	island	"visual observation|photograph|Barberis et al. (in press) ""Insect-flower interactions in the Mediterranean area: a Citizen Science dataset collated within the LIFE 4 Pollinators project"". https://doi.org/xxxxx"	HumanObservation	ES0000001	observation located in Natura 2000 site with code ES0000001
LIFE4POLL1576	2023-05-19	42.24155	-8.9043	WGS84	Spain	ES	island	"visual observation|photograph|Barberis et al. (in press) ""Insect-flower interactions in the Mediterranean area: a Citizen Science dataset collated within the LIFE 4 Pollinators project"". https://doi.org/xxxxx"	HumanObservation	ES0000001	observation located in Natura 2000 site with code ES0000001
LIFE4POLL1577	2023-05-19	42.21665	-8.903117	WGS84	Spain	ES	island, seaside	"visual observation|photograph|Barberis et al. (in press) ""Insect-flower interactions in the Mediterranean area: a Citizen Science dataset collated within the LIFE 4 Pollinators project"". https://doi.org/xxxxx"	HumanObservation	ES0000001	observation located in Natura 2000 site with code ES0000001
LIFE4POLL1578	2023-05-19	42.241067	-8.903917	WGS84	Spain	ES	island	"visual observation|photograph|Barberis et al. (in press) ""Insect-flower interactions in the Mediterranean area: a Citizen Science dataset collated within the LIFE 4 Pollinators project"". https://doi.org/xxxxx"	HumanObservation	ES0000001	observation located in Natura 2000 site with code ES0000001
LIFE4POLL1579	2023-05-19	42.241067	-8.90415	WGS84	Spain	ES	island	"visual observation|photograph|Barberis et al. (in press) ""Insect-flower interactions in the Mediterranean area: a Citizen Science dataset collated within the LIFE 4 Pollinators project"". https://doi.org/xxxxx"	HumanObservation	ES0000001	observation located in Natura 2000 site with code ES0000001
LIFE4POLL1580	2023-05-19	42.23455	-8.903517	WGS84	Spain	ES	island	"visual observation|photograph|Barberis et al. (in press) ""Insect-flower interactions in the Mediterranean area: a Citizen Science dataset collated within the LIFE 4 Pollinators project"". https://doi.org/xxxxx"	HumanObservation	ES0000001	observation located in Natura 2000 site with code ES0000001
LIFE4POLL1581	2023-05-26*	na	na	na	na	na	n	"visual observation|photograph|Barberis et al. (in press) ""Insect-flower interactions in the Mediterranean area: a Citizen Science dataset collated within the LIFE 4 Pollinators project"". https://doi.org/xxxxx"	HumanObservation	ES0000001	observation located in Natura 2000 site with code ES0000001
LIFE4POLL1582	2023-05-19	42.219365	-8.905106	WGS84	Spain	ES	island	"visual observation|photograph|Barberis et al. (in press) ""Insect-flower interactions in the Mediterranean area: a Citizen Science dataset collated within the LIFE 4 Pollinators project"". https://doi.org/xxxxx"	HumanObservation	ES0000001	observation located in Natura 2000 site with code ES0000001
LIFE4POLL1583	2023-05-23	na	na	na	na	na	n	"visual observation|photograph|Barberis et al. (in press) ""Insect-flower interactions in the Mediterranean area: a Citizen Science dataset collated within the LIFE 4 Pollinators project"". https://doi.org/xxxxx"	HumanObservation	ES0000001	observation located in Natura 2000 site with code ES0000001
LIFE4POLL1584	2023-05-19	42.2275	-8.903732	WGS84	Spain	ES	seaside	"visual observation|photograph|Barberis et al. (in press) ""Insect-flower interactions in the Mediterranean area: a Citizen Science dataset collated within the LIFE 4 Pollinators project"". https://doi.org/xxxxx"	HumanObservation	ES0000001	observation located in Natura 2000 site with code ES0000001
LIFE4POLL1586	2023-05-19	42.230551	-8.903732	WGS84	Spain	ES	seaside	"visual observation|photograph|Barberis et al. (in press) ""Insect-flower interactions in the Mediterranean area: a Citizen Science dataset collated within the LIFE 4 Pollinators project"". https://doi.org/xxxxx"	HumanObservation	ES0000001	observation located in Natura 2000 site with code ES0000001
LIFE4POLL1587	2023-05-19	42.234618	-8.903732	WGS84	Spain	ES	seaside	"visual observation|photograph|Barberis et al. (in press) ""Insect-flower interactions in the Mediterranean area: a Citizen Science dataset collated within the LIFE 4 Pollinators project"". https://doi.org/xxxxx"	HumanObservation	ES0000001	observation located in Natura 2000 site with code ES0000001
LIFE4POLL1588	2023-05-19	42.233602	-8.903046	WGS84	Spain	ES	seaside	"visual observation|photograph|Barberis et al. (in press) ""Insect-flower interactions in the Mediterranean area: a Citizen Science dataset collated within the LIFE 4 Pollinators project"". https://doi.org/xxxxx"	HumanObservation	ES0000001	observation located in Natura 2000 site with code ES0000001
LIFE4POLL1589	2023-05-19	42.236144	-8.903732	WGS84	Spain	ES	island	"visual observation|photograph|Barberis et al. (in press) ""Insect-flower interactions in the Mediterranean area: a Citizen Science dataset collated within the LIFE 4 Pollinators project"". https://doi.org/xxxxx"	HumanObservation	ES0000001	observation located in Natura 2000 site with code ES0000001
LIFE4POLL1590	2023-05-19	42.23716	-8.904419	WGS84	Spain	ES	seaside	"visual observation|photograph|Barberis et al. (in press) ""Insect-flower interactions in the Mediterranean area: a Citizen Science dataset collated within the LIFE 4 Pollinators project"". https://doi.org/xxxxx"	HumanObservation	ES0000001	observation located in Natura 2000 site with code ES0000001
LIFE4POLL1591	2023-05-19	42.240719	-8.905792	WGS84	Spain	ES	seaside	"visual observation|photograph|Barberis et al. (in press) ""Insect-flower interactions in the Mediterranean area: a Citizen Science dataset collated within the LIFE 4 Pollinators project"". https://doi.org/xxxxx"	HumanObservation	ES0000001	observation located in Natura 2000 site with code ES0000001
LIFE4POLL1593	2023-05-19	42.242244	-8.906479	WGS84	Spain	ES	seaside	"visual observation|photograph|Barberis et al. (in press) ""Insect-flower interactions in the Mediterranean area: a Citizen Science dataset collated within the LIFE 4 Pollinators project"". https://doi.org/xxxxx"	HumanObservation	ES0000001	observation located in Natura 2000 site with code ES0000001
LIFE4POLL1594	2023-05-19	42.240719	-8.905106	WGS84	Spain	ES	seaside	"visual observation|photograph|Barberis et al. (in press) ""Insect-flower interactions in the Mediterranean area: a Citizen Science dataset collated within the LIFE 4 Pollinators project"". https://doi.org/xxxxx"	HumanObservation	ES0000001	observation located in Natura 2000 site with code ES0000001
LIFE4POLL1595	2023-05-19	42.23716	-8.904419	WGS84	Spain	ES	seaside	"visual observation|photograph|Barberis et al. (in press) ""Insect-flower interactions in the Mediterranean area: a Citizen Science dataset collated within the LIFE 4 Pollinators project"". https://doi.org/xxxxx"	HumanObservation	ES0000001	observation located in Natura 2000 site with code ES0000001
LIFE4POLL1596	2023-05-19	42.233093	-8.901672	WGS84	Spain	ES	seaside	"visual observation|photograph|Barberis et al. (in press) ""Insect-flower interactions in the Mediterranean area: a Citizen Science dataset collated within the LIFE 4 Pollinators project"". https://doi.org/xxxxx"	HumanObservation	ES0000001	observation located in Natura 2000 site with code ES0000001
LIFE4POLL1597	2023-05-19	42.236144	-8.903732	WGS84	Spain	ES	seaside	"visual observation|photograph|Barberis et al. (in press) ""Insect-flower interactions in the Mediterranean area: a Citizen Science dataset collated within the LIFE 4 Pollinators project"". https://doi.org/xxxxx"	HumanObservation	ES0000001	observation located in Natura 2000 site with code ES0000001
LIFE4POLL1598	2023-05-19	42.23716	-8.903732	WGS84	Spain	ES	seaside	"visual observation|photograph|Barberis et al. (in press) ""Insect-flower interactions in the Mediterranean area: a Citizen Science dataset collated within the LIFE 4 Pollinators project"". https://doi.org/xxxxx"	HumanObservation	ES0000001	observation located in Natura 2000 site with code ES0000001
LIFE4POLL1599	2023-05-19	42.235635	-8.902359	WGS84	Spain	ES	seaside	"visual observation|photograph|Barberis et al. (in press) ""Insect-flower interactions in the Mediterranean area: a Citizen Science dataset collated within the LIFE 4 Pollinators project"". https://doi.org/xxxxx"	HumanObservation	ES0000001	observation located in Natura 2000 site with code ES0000001
LIFE4POLL1600	2023-05-19	42.232076	-8.903046	WGS84	Spain	ES	seaside	"visual observation|photograph|Barberis et al. (in press) ""Insect-flower interactions in the Mediterranean area: a Citizen Science dataset collated within the LIFE 4 Pollinators project"". https://doi.org/xxxxx"	HumanObservation	ES0000001	observation located in Natura 2000 site with code ES0000001
LIFE4POLL1601	2023-05-19	42.233602	-8.903046	WGS84	Spain	ES	island	"visual observation|photograph|Barberis et al. (in press) ""Insect-flower interactions in the Mediterranean area: a Citizen Science dataset collated within the LIFE 4 Pollinators project"". https://doi.org/xxxxx"	HumanObservation	ES0000001	observation located in Natura 2000 site with code ES0000001
LIFE4POLL1602	2023-05-20	42.232585	-8.903046	WGS84	Spain	ES	seaside	"visual observation|photograph|Barberis et al. (in press) ""Insect-flower interactions in the Mediterranean area: a Citizen Science dataset collated within the LIFE 4 Pollinators project"". https://doi.org/xxxxx"	HumanObservation	ES0000001	observation located in Natura 2000 site with code ES0000001
LIFE4POLL1603	2023-05-20	na	na	na	na	na	seaside	"visual observation|photograph|Barberis et al. (in press) ""Insect-flower interactions in the Mediterranean area: a Citizen Science dataset collated within the LIFE 4 Pollinators project"". https://doi.org/xxxxx"	HumanObservation	na	observation without coordinates
LIFE4POLL1604	2023-05-20	na	na	na	na	na	seaside	"visual observation|photograph|Barberis et al. (in press) ""Insect-flower interactions in the Mediterranean area: a Citizen Science dataset collated within the LIFE 4 Pollinators project"". https://doi.org/xxxxx"	HumanObservation	na	observation without coordinates
LIFE4POLL1605	2023-05-20	na	na	na	na	na	seaside	"visual observation|photograph|Barberis et al. (in press) ""Insect-flower interactions in the Mediterranean area: a Citizen Science dataset collated within the LIFE 4 Pollinators project"". https://doi.org/xxxxx"	HumanObservation	na	observation without coordinates
LIFE4POLL1606	2023-05-20	na	na	na	na	na	seaside	"visual observation|photograph|Barberis et al. (in press) ""Insect-flower interactions in the Mediterranean area: a Citizen Science dataset collated within the LIFE 4 Pollinators project"". https://doi.org/xxxxx"	HumanObservation	na	observation without coordinates
LIFE4POLL1607	2023-05-20	na	na	na	na	na	seaside	"visual observation|photograph|Barberis et al. (in press) ""Insect-flower interactions in the Mediterranean area: a Citizen Science dataset collated within the LIFE 4 Pollinators project"". https://doi.org/xxxxx"	HumanObservation	na	observation without coordinates
LIFE4POLL1608	2023-05-20	na	na	na	na	na	urban	"visual observation|photograph|Barberis et al. (in press) ""Insect-flower interactions in the Mediterranean area: a Citizen Science dataset collated within the LIFE 4 Pollinators project"". https://doi.org/xxxxx"	HumanObservation	na	observation without coordinates
LIFE4POLL1609	2023-05-20	na	na	na	na	na	lowland, seaside	"visual observation|photograph|Barberis et al. (in press) ""Insect-flower interactions in the Mediterranean area: a Citizen Science dataset collated within the LIFE 4 Pollinators project"". https://doi.org/xxxxx"	HumanObservation	na	observation without coordinates
LIFE4POLL1611	2023-05-20	42.368691	-8.940125	WGS84	Spain	ES	lowland, seaside	"visual observation|photograph|Barberis et al. (in press) ""Insect-flower interactions in the Mediterranean area: a Citizen Science dataset collated within the LIFE 4 Pollinators project"". https://doi.org/xxxxx"	HumanObservation	ES0000254|ES1140004	observation located in Natura 2000 sites with codes ES0000254|ES1140004
LIFE4POLL1612	2023-05-20	42.365647	-8.937378	WGS84	Spain	ES	lowland, seaside	"visual observation|photograph|Barberis et al. (in press) ""Insect-flower interactions in the Mediterranean area: a Citizen Science dataset collated within the LIFE 4 Pollinators project"". https://doi.org/xxxxx"	HumanObservation	ES0000254|ES1140004	observation located in Natura 2000 sites with codes ES0000254|ES1140004
LIFE4POLL1614	2023-05-26	42.372749	-8.937378	WGS84	Spain	ES	lowland, seaside	"visual observation|photograph|Barberis et al. (in press) ""Insect-flower interactions in the Mediterranean area: a Citizen Science dataset collated within the LIFE 4 Pollinators project"". https://doi.org/xxxxx"	HumanObservation	ES0000254|ES1140004	observation located in Natura 2000 sites with codes ES0000254|ES1140004
LIFE4POLL1615	2023-05-20	42.37072	-8.940125	WGS84	Spain	ES	lowland, seaside	"visual observation|photograph|Barberis et al. (in press) ""Insect-flower interactions in the Mediterranean area: a Citizen Science dataset collated within the LIFE 4 Pollinators project"". https://doi.org/xxxxx"	HumanObservation	ES0000254|ES1140004	observation located in Natura 2000 sites with codes ES0000254|ES1140004
LIFE4POLL1616	2023-05-20	42.366154	-8.937378	WGS84	Spain	ES	lowland, seaside	"visual observation|photograph|Barberis et al. (in press) ""Insect-flower interactions in the Mediterranean area: a Citizen Science dataset collated within the LIFE 4 Pollinators project"". https://doi.org/xxxxx"	HumanObservation	ES0000254|ES1140004	observation located in Natura 2000 sites with codes ES0000254|ES1140004
LIFE4POLL1618	2023-05-27*	42.205905	-8.463556	WGS84	Spain	ES	lowland	"visual observation|photograph|Barberis et al. (in press) ""Insect-flower interactions in the Mediterranean area: a Citizen Science dataset collated within the LIFE 4 Pollinators project"". https://doi.org/xxxxx"	HumanObservation	OutsideNatura2000	observation located outside Natura 2000 sites
LIFE4POLL1619	2023-05-27*	42.205832	-8.463644	WGS84	Spain	ES	lowland	"visual observation|photograph|Barberis et al. (in press) ""Insect-flower interactions in the Mediterranean area: a Citizen Science dataset collated within the LIFE 4 Pollinators project"". https://doi.org/xxxxx"	HumanObservation	OutsideNatura2000	observation located outside Natura 2000 sites
LIFE4POLL1620	2023-05-20	42.37524	-8.933508	WGS84	Spain	ES	seaside	"visual observation|photograph|Barberis et al. (in press) ""Insect-flower interactions in the Mediterranean area: a Citizen Science dataset collated within the LIFE 4 Pollinators project"". https://doi.org/xxxxx"	HumanObservation	ES0000254|ES1140004	observation located in Natura 2000 sites with codes ES0000254|ES1140004
LIFE4POLL1621	2023-05-20	42.376162	-8.936254	WGS84	Spain	ES	seaside	"visual observation|photograph|Barberis et al. (in press) ""Insect-flower interactions in the Mediterranean area: a Citizen Science dataset collated within the LIFE 4 Pollinators project"". https://doi.org/xxxxx"	HumanObservation	ES0000254|ES1140004	observation located in Natura 2000 sites with codes ES0000254|ES1140004
LIFE4POLL1622	2023-05-20	42.372473	-8.935599	WGS84	Spain	ES	seaside	"visual observation|photograph|Barberis et al. (in press) ""Insect-flower interactions in the Mediterranean area: a Citizen Science dataset collated within the LIFE 4 Pollinators project"". https://doi.org/xxxxx"	HumanObservation	ES0000254|ES1140004	observation located in Natura 2000 sites with codes ES0000254|ES1140004
LIFE4POLL1623	2023-05-20	42.377084	-8.935006	WGS84	Spain	ES	seaside	"visual observation|photograph|Barberis et al. (in press) ""Insect-flower interactions in the Mediterranean area: a Citizen Science dataset collated within the LIFE 4 Pollinators project"". https://doi.org/xxxxx"	HumanObservation	ES0000254|ES1140004	observation located in Natura 2000 sites with codes ES0000254|ES1140004
LIFE4POLL1624	2023-05-20	42.3769	-8.933508	WGS84	Spain	ES	seaside	"visual observation|photograph|Barberis et al. (in press) ""Insect-flower interactions in the Mediterranean area: a Citizen Science dataset collated within the LIFE 4 Pollinators project"". https://doi.org/xxxxx"	HumanObservation	ES0000254|ES1140004	observation located in Natura 2000 sites with codes ES0000254|ES1140004
LIFE4POLL1625	2023-05-20	42.375562	-8.935006	WGS84	Spain	ES	seaside	"visual observation|photograph|Barberis et al. (in press) ""Insect-flower interactions in the Mediterranean area: a Citizen Science dataset collated within the LIFE 4 Pollinators project"". https://doi.org/xxxxx"	HumanObservation	ES0000254|ES1140004	observation located in Natura 2000 sites with codes ES0000254|ES1140004
LIFE4POLL1627	2023-05-20	42.379666	-8.934007	WGS84	Spain	ES	urban	"visual observation|photograph|Barberis et al. (in press) ""Insect-flower interactions in the Mediterranean area: a Citizen Science dataset collated within the LIFE 4 Pollinators project"". https://doi.org/xxxxx"	HumanObservation	ES0000254|ES1140004	observation located in Natura 2000 sites with codes ES0000254|ES1140004
LIFE4POLL1628	2023-05-27*	42.38188	-8.936504	WGS84	Spain	ES	island	"visual observation|photograph|Barberis et al. (in press) ""Insect-flower interactions in the Mediterranean area: a Citizen Science dataset collated within the LIFE 4 Pollinators project"". https://doi.org/xxxxx"	HumanObservation	ES0000254|ES1140004	observation located in Natura 2000 sites with codes ES0000254|ES1140004
LIFE4POLL1629	2023-05-15	38.056975	23.801538	WGS84	Greece	GR	urban	"visual observation|photograph|Barberis et al. (in press) ""Insect-flower interactions in the Mediterranean area: a Citizen Science dataset collated within the LIFE 4 Pollinators project"". https://doi.org/xxxxx"	HumanObservation	ES0000254|ES1140004	observation located in Natura 2000 sites with codes ES0000254|ES1140004
LIFE4POLL1630	2023-05-20	42.3762	-8.9369	WGS84	Spain	ES	island	"visual observation|photograph|Barberis et al. (in press) ""Insect-flower interactions in the Mediterranean area: a Citizen Science dataset collated within the LIFE 4 Pollinators project"". https://doi.org/xxxxx"	HumanObservation	ES0000254|ES1140004	observation located in Natura 2000 sites with codes ES0000254|ES1140004
LIFE4POLL1631	2023-05-29*	42.376333	-8.938417	WGS84	Spain	ES	island	"visual observation|photograph|Barberis et al. (in press) ""Insect-flower interactions in the Mediterranean area: a Citizen Science dataset collated within the LIFE 4 Pollinators project"". https://doi.org/xxxxx"	HumanObservation	ES0000254|ES1140004	observation located in Natura 2000 sites with codes ES0000254|ES1140004
LIFE4POLL1632	2023-05-20	42.376383	-8.93845	WGS84	Spain	ES	island	"visual observation|photograph|Barberis et al. (in press) ""Insect-flower interactions in the Mediterranean area: a Citizen Science dataset collated within the LIFE 4 Pollinators project"". https://doi.org/xxxxx"	HumanObservation	ES0000254|ES1140004	observation located in Natura 2000 sites with codes ES0000254|ES1140004
LIFE4POLL1633	2023-05-20	42.378583	-8.936005	WGS84	Spain	ES	island	"visual observation|photograph|Barberis et al. (in press) ""Insect-flower interactions in the Mediterranean area: a Citizen Science dataset collated within the LIFE 4 Pollinators project"". https://doi.org/xxxxx"	HumanObservation	ES0000254|ES1140004	observation located in Natura 2000 sites with codes ES0000254|ES1140004
LIFE4POLL1634	2023-05-20	42.376807	-8.935318	WGS84	Spain	ES	island	"visual observation|photograph|Barberis et al. (in press) ""Insect-flower interactions in the Mediterranean area: a Citizen Science dataset collated within the LIFE 4 Pollinators project"". https://doi.org/xxxxx"	HumanObservation	ES0000254|ES1140004	observation located in Natura 2000 sites with codes ES0000254|ES1140004
LIFE4POLL1635	2023-05-20	42.377822	-8.940125	WGS84	Spain	ES	island	"visual observation|photograph|Barberis et al. (in press) ""Insect-flower interactions in the Mediterranean area: a Citizen Science dataset collated within the LIFE 4 Pollinators project"". https://doi.org/xxxxx"	HumanObservation	ES0000254|ES1140004	observation located in Natura 2000 sites with codes ES0000254|ES1140004
LIFE4POLL1636	2023-05-20	42.377822	-8.936005	WGS84	Spain	ES	island	"visual observation|photograph|Barberis et al. (in press) ""Insect-flower interactions in the Mediterranean area: a Citizen Science dataset collated within the LIFE 4 Pollinators project"". https://doi.org/xxxxx"	HumanObservation	ES0000254|ES1140004	observation located in Natura 2000 sites with codes ES0000254|ES1140004
LIFE4POLL1637	2023-05-29*	42.379851	-8.937378	WGS84	Spain	ES	island	"visual observation|photograph|Barberis et al. (in press) ""Insect-flower interactions in the Mediterranean area: a Citizen Science dataset collated within the LIFE 4 Pollinators project"". https://doi.org/xxxxx"	HumanObservation	ES0000254|ES1140004	observation located in Natura 2000 sites with codes ES0000254|ES1140004
LIFE4POLL1638	2023-05-29*	42.379851	-8.934631	WGS84	Spain	ES	island	"visual observation|photograph|Barberis et al. (in press) ""Insect-flower interactions in the Mediterranean area: a Citizen Science dataset collated within the LIFE 4 Pollinators project"". https://doi.org/xxxxx"	HumanObservation	ES0000254|ES1140004	observation located in Natura 2000 sites with codes ES0000254|ES1140004
LIFE4POLL1639	2023-05-20	42.372749	-8.937378	WGS84	Spain	ES	island	"visual observation|photograph|Barberis et al. (in press) ""Insect-flower interactions in the Mediterranean area: a Citizen Science dataset collated within the LIFE 4 Pollinators project"". https://doi.org/xxxxx"	HumanObservation	ES0000254|ES1140004	observation located in Natura 2000 sites with codes ES0000254|ES1140004
LIFE4POLL1640	2023-05-20	42.378836	-8.937378	WGS84	Spain	ES	island	"visual observation|photograph|Barberis et al. (in press) ""Insect-flower interactions in the Mediterranean area: a Citizen Science dataset collated within the LIFE 4 Pollinators project"". https://doi.org/xxxxx"	HumanObservation	ES0000254|ES1140004	observation located in Natura 2000 sites with codes ES0000254|ES1140004
LIFE4POLL1641	2023-05-26	38.286097	23.830343	WGS84	Greece	GR	hills	"visual observation|photograph|Barberis et al. (in press) ""Insect-flower interactions in the Mediterranean area: a Citizen Science dataset collated within the LIFE 4 Pollinators project"". https://doi.org/xxxxx"	HumanObservation	ES0000254|ES1140004	observation located in Natura 2000 sites with codes ES0000254|ES1140004
LIFE4POLL1642	2023-05-26	38.285726	23.831835	WGS84	Greece	GR	hills	"visual observation|photograph|Barberis et al. (in press) ""Insect-flower interactions in the Mediterranean area: a Citizen Science dataset collated within the LIFE 4 Pollinators project"". https://doi.org/xxxxx"	HumanObservation	ES0000254|ES1140004	observation located in Natura 2000 sites with codes ES0000254|ES1140004
LIFE4POLL1644	2023-05-31	42.572535	23.372962	WGS84	Bulgaria	BG	mountain	"visual observation|photograph|Barberis et al. (in press) ""Insect-flower interactions in the Mediterranean area: a Citizen Science dataset collated within the LIFE 4 Pollinators project"". https://doi.org/xxxxx"	HumanObservation	ES0000254|ES1140004	observation located in Natura 2000 sites with codes ES0000254|ES1140004
LIFE4POLL1645	2023-05-31	42.572595	23.372759	WGS84	Bulgaria	BG	mountain	"visual observation|photograph|Barberis et al. (in press) ""Insect-flower interactions in the Mediterranean area: a Citizen Science dataset collated within the LIFE 4 Pollinators project"". https://doi.org/xxxxx"	HumanObservation	OutsideNatura2000	observation located outside Natura 2000 sites
LIFE4POLL1646	2023-06-01*	42.206241	-8.464321	WGS84	Spain	ES	lowland	"visual observation|photograph|Barberis et al. (in press) ""Insect-flower interactions in the Mediterranean area: a Citizen Science dataset collated within the LIFE 4 Pollinators project"". https://doi.org/xxxxx"	HumanObservation	OutsideNatura2000	observation located outside Natura 2000 sites
LIFE4POLL1648	2023-06-01	37.503921	15.052793	WGS84	Italy	IT	urban	"visual observation|photograph|Barberis et al. (in press) ""Insect-flower interactions in the Mediterranean area: a Citizen Science dataset collated within the LIFE 4 Pollinators project"". https://doi.org/xxxxx"	HumanObservation	OutsideNatura2000	observation located outside Natura 2000 sites
LIFE4POLL1649	2023-06-01	37.504015	15.052718	WGS84	Italy	IT	urban	"visual observation|photograph|Barberis et al. (in press) ""Insect-flower interactions in the Mediterranean area: a Citizen Science dataset collated within the LIFE 4 Pollinators project"". https://doi.org/xxxxx"	HumanObservation	OutsideNatura2000	observation located outside Natura 2000 sites
LIFE4POLL1651	2023-06-01	37.503802	15.052686	WGS84	Italy	IT	urban	"visual observation|photograph|Barberis et al. (in press) ""Insect-flower interactions in the Mediterranean area: a Citizen Science dataset collated within the LIFE 4 Pollinators project"". https://doi.org/xxxxx"	HumanObservation	OutsideNatura2000	observation located outside Natura 2000 sites
LIFE4POLL1652	2023-06-01	37.503394	15.052814	WGS84	Italy	IT	urban	"visual observation|photograph|Barberis et al. (in press) ""Insect-flower interactions in the Mediterranean area: a Citizen Science dataset collated within the LIFE 4 Pollinators project"". https://doi.org/xxxxx"	HumanObservation	OutsideNatura2000	observation located outside Natura 2000 sites
LIFE4POLL1653	2023-06-04*	na	na	na	na	na	na	"visual observation|photograph|Barberis et al. (in press) ""Insect-flower interactions in the Mediterranean area: a Citizen Science dataset collated within the LIFE 4 Pollinators project"". https://doi.org/xxxxx"	HumanObservation	na	observation without coordinates
LIFE4POLL1654	2023-06-04	37.952929	23.754673	WGS84	Greece	GR	urban	"visual observation|photograph|Barberis et al. (in press) ""Insect-flower interactions in the Mediterranean area: a Citizen Science dataset collated within the LIFE 4 Pollinators project"". https://doi.org/xxxxx"	HumanObservation	OutsideNatura2000	observation located outside Natura 2000 sites
LIFE4POLL1655	2023-06-05*	na	na	na	na	na	na	"visual observation|photograph|Barberis et al. (in press) ""Insect-flower interactions in the Mediterranean area: a Citizen Science dataset collated within the LIFE 4 Pollinators project"". https://doi.org/xxxxx"	HumanObservation	na	observation without coordinates
LIFE4POLL1656	2023-05-04	38.057084	23.801572	WGS84	Greece	GR	urban	"visual observation|photograph|Barberis et al. (in press) ""Insect-flower interactions in the Mediterranean area: a Citizen Science dataset collated within the LIFE 4 Pollinators project"". https://doi.org/xxxxx"	HumanObservation	OutsideNatura2000	observation located outside Natura 2000 sites
LIFE4POLL1657	2023-05-04	38.061811	23.815935	WGS84	Greece	GR	urban	"visual observation|photograph|Barberis et al. (in press) ""Insect-flower interactions in the Mediterranean area: a Citizen Science dataset collated within the LIFE 4 Pollinators project"". https://doi.org/xxxxx"	HumanObservation	OutsideNatura2000	observation located outside Natura 2000 sites
LIFE4POLL1658	2023-05-29	44.500802	11.353185	WGS84	Italy	IT	urban	"visual observation|photograph|Barberis et al. (in press) ""Insect-flower interactions in the Mediterranean area: a Citizen Science dataset collated within the LIFE 4 Pollinators project"". https://doi.org/xxxxx"	HumanObservation	OutsideNatura2000	observation located outside Natura 2000 sites
LIFE4POLL1659	2023-05-20	42.374778	-8.940125	WGS84	Spain	ES	island, seaside	"visual observation|photograph|Barberis et al. (in press) ""Insect-flower interactions in the Mediterranean area: a Citizen Science dataset collated within the LIFE 4 Pollinators project"". https://doi.org/xxxxx"	HumanObservation	ES0000254|ES1140004	observation located in Natura 2000 sites with codes ES0000254|ES1140004
LIFE4POLL1660	2023-05-20	42.377822	-8.936348	WGS84	Spain	ES	island	"visual observation|photograph|Barberis et al. (in press) ""Insect-flower interactions in the Mediterranean area: a Citizen Science dataset collated within the LIFE 4 Pollinators project"". https://doi.org/xxxxx"	HumanObservation	ES0000254|ES1140004	observation located in Natura 2000 sites with codes ES0000254|ES1140004
LIFE4POLL1661	2023-05-20	42.375793	-8.936005	WGS84	Spain	ES	island	"visual observation|photograph|Barberis et al. (in press) ""Insect-flower interactions in the Mediterranean area: a Citizen Science dataset collated within the LIFE 4 Pollinators project"". https://doi.org/xxxxx"	HumanObservation	ES0000254|ES1140004	observation located in Natura 2000 sites with codes ES0000254|ES1140004
LIFE4POLL1662	2023-05-20	42.251059	-8.699904	WGS84	Spain	ES	urban	"visual observation|photograph|Barberis et al. (in press) ""Insect-flower interactions in the Mediterranean area: a Citizen Science dataset collated within the LIFE 4 Pollinators project"". https://doi.org/xxxxx"	HumanObservation	ES0000254|ES1140004	observation located in Natura 2000 sites with codes ES0000254|ES1140004
LIFE4POLL1663	2023-05-20	42.380865	-8.938751	WGS84	Spain	ES	island	"visual observation|photograph|Barberis et al. (in press) ""Insect-flower interactions in the Mediterranean area: a Citizen Science dataset collated within the LIFE 4 Pollinators project"". https://doi.org/xxxxx"	HumanObservation	ES0000254|ES1140004	observation located in Natura 2000 sites with codes ES0000254|ES1140004
LIFE4POLL1664	2023-05-20	42.380865	-8.937378	WGS84	Spain	ES	island	"visual observation|photograph|Barberis et al. (in press) ""Insect-flower interactions in the Mediterranean area: a Citizen Science dataset collated within the LIFE 4 Pollinators project"". https://doi.org/xxxxx"	HumanObservation	ES0000254|ES1140004	observation located in Natura 2000 sites with codes ES0000254|ES1140004
LIFE4POLL1665	2023-05-20	42.378836	-8.936005	WGS84	Spain	ES	island	"visual observation|photograph|Barberis et al. (in press) ""Insect-flower interactions in the Mediterranean area: a Citizen Science dataset collated within the LIFE 4 Pollinators project"". https://doi.org/xxxxx"	HumanObservation	ES0000254|ES1140004	observation located in Natura 2000 sites with codes ES0000254|ES1140004
LIFE4POLL1666	2023-06-08*	42.379851	-8.936691	WGS84	Spain	ES	island	"visual observation|photograph|Barberis et al. (in press) ""Insect-flower interactions in the Mediterranean area: a Citizen Science dataset collated within the LIFE 4 Pollinators project"". https://doi.org/xxxxx"	HumanObservation	ES0000254|ES1140004	observation located in Natura 2000 sites with codes ES0000254|ES1140004
LIFE4POLL1667	2023-05-20	42.375793	-8.938751	WGS84	Spain	ES	island	"visual observation|photograph|Barberis et al. (in press) ""Insect-flower interactions in the Mediterranean area: a Citizen Science dataset collated within the LIFE 4 Pollinators project"". https://doi.org/xxxxx"	HumanObservation	ES0000254|ES1140004	observation located in Natura 2000 sites with codes ES0000254|ES1140004
LIFE4POLL1668	2023-05-20	42.375793	-8.938751	WGS84	Spain	ES	island	"visual observation|photograph|Barberis et al. (in press) ""Insect-flower interactions in the Mediterranean area: a Citizen Science dataset collated within the LIFE 4 Pollinators project"". https://doi.org/xxxxx"	HumanObservation	ES0000254|ES1140004	observation located in Natura 2000 sites with codes ES0000254|ES1140004
LIFE4POLL1669	2023-05-20	42.377822	-8.936005	WGS84	Spain	ES	island	"visual observation|photograph|Barberis et al. (in press) ""Insect-flower interactions in the Mediterranean area: a Citizen Science dataset collated within the LIFE 4 Pollinators project"". https://doi.org/xxxxx"	HumanObservation	ES0000254|ES1140004	observation located in Natura 2000 sites with codes ES0000254|ES1140004
LIFE4POLL1670	2023-05-20	42.379851	-8.934631	WGS84	Spain	ES	island	"visual observation|photograph|Barberis et al. (in press) ""Insect-flower interactions in the Mediterranean area: a Citizen Science dataset collated within the LIFE 4 Pollinators project"". https://doi.org/xxxxx"	HumanObservation	ES0000254|ES1140004	observation located in Natura 2000 sites with codes ES0000254|ES1140004
LIFE4POLL1671	2023-05-20	42.38188	-8.934631	WGS84	Spain	ES	island	"visual observation|photograph|Barberis et al. (in press) ""Insect-flower interactions in the Mediterranean area: a Citizen Science dataset collated within the LIFE 4 Pollinators project"". https://doi.org/xxxxx"	HumanObservation	ES0000254|ES1140004	observation located in Natura 2000 sites with codes ES0000254|ES1140004
LIFE4POLL1672	2023-05-20	42.373764	-8.940125	WGS84	Spain	ES	island, seaside	"visual observation|photograph|Barberis et al. (in press) ""Insect-flower interactions in the Mediterranean area: a Citizen Science dataset collated within the LIFE 4 Pollinators project"". https://doi.org/xxxxx"	HumanObservation	ES0000254|ES1140004	observation located in Natura 2000 sites with codes ES0000254|ES1140004
LIFE4POLL1673	2023-05-20	42.378836	-8.938751	WGS84	Spain	ES	island	"visual observation|photograph|Barberis et al. (in press) ""Insect-flower interactions in the Mediterranean area: a Citizen Science dataset collated within the LIFE 4 Pollinators project"". https://doi.org/xxxxx"	HumanObservation	ES0000254|ES1140004	observation located in Natura 2000 sites with codes ES0000254|ES1140004
LIFE4POLL1674	2023-05-20	42.38188	-8.934631	WGS84	Spain	ES	island	"visual observation|photograph|Barberis et al. (in press) ""Insect-flower interactions in the Mediterranean area: a Citizen Science dataset collated within the LIFE 4 Pollinators project"". https://doi.org/xxxxx"	HumanObservation	ES0000254|ES1140004	observation located in Natura 2000 sites with codes ES0000254|ES1140004
LIFE4POLL1675	2023-05-20	42.379851	-8.936005	WGS84	Spain	ES	island	"visual observation|photograph|Barberis et al. (in press) ""Insect-flower interactions in the Mediterranean area: a Citizen Science dataset collated within the LIFE 4 Pollinators project"". https://doi.org/xxxxx"	HumanObservation	ES0000254|ES1140004	observation located in Natura 2000 sites with codes ES0000254|ES1140004
LIFE4POLL1676	2023-05-20	42.380865	-8.937378	WGS84	Spain	ES	island	"visual observation|photograph|Barberis et al. (in press) ""Insect-flower interactions in the Mediterranean area: a Citizen Science dataset collated within the LIFE 4 Pollinators project"". https://doi.org/xxxxx"	HumanObservation	ES0000254|ES1140004	observation located in Natura 2000 sites with codes ES0000254|ES1140004
LIFE4POLL1677	2023-05-20	42.380865	-8.940125	WGS84	Spain	ES	island	"visual observation|photograph|Barberis et al. (in press) ""Insect-flower interactions in the Mediterranean area: a Citizen Science dataset collated within the LIFE 4 Pollinators project"". https://doi.org/xxxxx"	HumanObservation	ES0000254|ES1140004	observation located in Natura 2000 sites with codes ES0000254|ES1140004
LIFE4POLL1678	2023-05-20	42.379851	-8.937378	WGS84	Spain	ES	island	"visual observation|photograph|Barberis et al. (in press) ""Insect-flower interactions in the Mediterranean area: a Citizen Science dataset collated within the LIFE 4 Pollinators project"". https://doi.org/xxxxx"	HumanObservation	ES0000254|ES1140004	observation located in Natura 2000 sites with codes ES0000254|ES1140004
LIFE4POLL1679	2023-05-20	42.382894	-8.933258	WGS84	Spain	ES	island	"visual observation|photograph|Barberis et al. (in press) ""Insect-flower interactions in the Mediterranean area: a Citizen Science dataset collated within the LIFE 4 Pollinators project"". https://doi.org/xxxxx"	HumanObservation	ES0000254|ES1140004	observation located in Natura 2000 sites with codes ES0000254|ES1140004
LIFE4POLL1680	2023-05-20	42.371735	-8.937378	WGS84	Spain	ES	island	"visual observation|photograph|Barberis et al. (in press) ""Insect-flower interactions in the Mediterranean area: a Citizen Science dataset collated within the LIFE 4 Pollinators project"". https://doi.org/xxxxx"	HumanObservation	ES0000254|ES1140004	observation located in Natura 2000 sites with codes ES0000254|ES1140004
LIFE4POLL1681	2023-05-20	42.378329	-8.939438	WGS84	Spain	ES	island	"visual observation|photograph|Barberis et al. (in press) ""Insect-flower interactions in the Mediterranean area: a Citizen Science dataset collated within the LIFE 4 Pollinators project"". https://doi.org/xxxxx"	HumanObservation	ES0000254|ES1140004	observation located in Natura 2000 sites with codes ES0000254|ES1140004
LIFE4POLL1682	2023-05-20	42.378836	-8.940125	WGS84	Spain	ES	island	"visual observation|photograph|Barberis et al. (in press) ""Insect-flower interactions in the Mediterranean area: a Citizen Science dataset collated within the LIFE 4 Pollinators project"". https://doi.org/xxxxx"	HumanObservation	ES0000254|ES1140004	observation located in Natura 2000 sites with codes ES0000254|ES1140004
LIFE4POLL1683	2023-05-20	42.381372	-8.935318	WGS84	Spain	ES	island	"visual observation|photograph|Barberis et al. (in press) ""Insect-flower interactions in the Mediterranean area: a Citizen Science dataset collated within the LIFE 4 Pollinators project"". https://doi.org/xxxxx"	HumanObservation	ES0000254|ES1140004	observation located in Natura 2000 sites with codes ES0000254|ES1140004
LIFE4POLL1684	2023-05-20	42.379851	-8.937378	WGS84	Spain	ES	island	"visual observation|photograph|Barberis et al. (in press) ""Insect-flower interactions in the Mediterranean area: a Citizen Science dataset collated within the LIFE 4 Pollinators project"". https://doi.org/xxxxx"	HumanObservation	ES0000254|ES1140004	observation located in Natura 2000 sites with codes ES0000254|ES1140004
LIFE4POLL1685	2023-05-20	42.380865	-8.936005	WGS84	Spain	ES	island	"visual observation|photograph|Barberis et al. (in press) ""Insect-flower interactions in the Mediterranean area: a Citizen Science dataset collated within the LIFE 4 Pollinators project"". https://doi.org/xxxxx"	HumanObservation	ES0000254|ES1140004	observation located in Natura 2000 sites with codes ES0000254|ES1140004
LIFE4POLL1686	2023-05-20	42.378836	-8.940125	WGS84	Spain	ES	island	"visual observation|photograph|Barberis et al. (in press) ""Insect-flower interactions in the Mediterranean area: a Citizen Science dataset collated within the LIFE 4 Pollinators project"". https://doi.org/xxxxx"	HumanObservation	ES0000254|ES1140004	observation located in Natura 2000 sites with codes ES0000254|ES1140004
LIFE4POLL1687	2023-05-20	42.374778	-8.937378	WGS84	Spain	ES	island	"visual observation|photograph|Barberis et al. (in press) ""Insect-flower interactions in the Mediterranean area: a Citizen Science dataset collated within the LIFE 4 Pollinators project"". https://doi.org/xxxxx"	HumanObservation	ES0000254|ES1140004	observation located in Natura 2000 sites with codes ES0000254|ES1140004
LIFE4POLL1688	2023-05-20	42.377822	-8.938751	WGS84	Spain	ES	island	"visual observation|photograph|Barberis et al. (in press) ""Insect-flower interactions in the Mediterranean area: a Citizen Science dataset collated within the LIFE 4 Pollinators project"". https://doi.org/xxxxx"	HumanObservation	ES0000254|ES1140004	observation located in Natura 2000 sites with codes ES0000254|ES1140004
LIFE4POLL1689	2023-05-20	42.375793	-8.938751	WGS84	Spain	ES	island	"visual observation|photograph|Barberis et al. (in press) ""Insect-flower interactions in the Mediterranean area: a Citizen Science dataset collated within the LIFE 4 Pollinators project"". https://doi.org/xxxxx"	HumanObservation	ES0000254|ES1140004	observation located in Natura 2000 sites with codes ES0000254|ES1140004
LIFE4POLL1690	2023-05-20	42.380865	-8.937378	WGS84	Spain	ES	island	"visual observation|photograph|Barberis et al. (in press) ""Insect-flower interactions in the Mediterranean area: a Citizen Science dataset collated within the LIFE 4 Pollinators project"". https://doi.org/xxxxx"	HumanObservation	ES0000254|ES1140004	observation located in Natura 2000 sites with codes ES0000254|ES1140004
LIFE4POLL1691	2023-05-20	42.38188	-8.935318	WGS84	Spain	ES	island	"visual observation|photograph|Barberis et al. (in press) ""Insect-flower interactions in the Mediterranean area: a Citizen Science dataset collated within the LIFE 4 Pollinators project"". https://doi.org/xxxxx"	HumanObservation	ES0000254|ES1140004	observation located in Natura 2000 sites with codes ES0000254|ES1140004
LIFE4POLL1692	2023-05-27	42.22553	-6.87624	WGS84	Spain	ES	mountain	"visual observation|photograph|Barberis et al. (in press) ""Insect-flower interactions in the Mediterranean area: a Citizen Science dataset collated within the LIFE 4 Pollinators project"". https://doi.org/xxxxx"	HumanObservation	ES0000437|ES1130007	observation located in Natura 2000 sites with codes ES0000437|ES1130007
LIFE4POLL1693	2023-05-27	42.225848	-6.877356	WGS84	Spain	ES	mountain	"visual observation|photograph|Barberis et al. (in press) ""Insect-flower interactions in the Mediterranean area: a Citizen Science dataset collated within the LIFE 4 Pollinators project"". https://doi.org/xxxxx"	HumanObservation	ES0000437|ES1130007	observation located in Natura 2000 sites with codes ES0000437|ES1130007
LIFE4POLL1694	2023-05-27	42.224895	-6.878128	WGS84	Spain	ES	mountain	"visual observation|photograph|Barberis et al. (in press) ""Insect-flower interactions in the Mediterranean area: a Citizen Science dataset collated within the LIFE 4 Pollinators project"". https://doi.org/xxxxx"	HumanObservation	ES0000437|ES1130007	observation located in Natura 2000 sites with codes ES0000437|ES1130007
LIFE4POLL1695	2023-06-02	44.482094	11.200225	WGS84	Italy	IT	hills	"visual observation|photograph|Barberis et al. (in press) ""Insect-flower interactions in the Mediterranean area: a Citizen Science dataset collated within the LIFE 4 Pollinators project"". https://doi.org/xxxxx"	HumanObservation	OutsideNatura2000	observation located outside Natura 2000 sites
LIFE4POLL1696	2023-06-02	44.482347	11.200007	WGS84	Italy	IT	hills	"visual observation|photograph|Barberis et al. (in press) ""Insect-flower interactions in the Mediterranean area: a Citizen Science dataset collated within the LIFE 4 Pollinators project"". https://doi.org/xxxxx"	HumanObservation	OutsideNatura2000	observation located outside Natura 2000 sites
LIFE4POLL1697	2023-06-02	44.482237	11.199968	WGS84	Italy	IT	hills	"visual observation|photograph|Barberis et al. (in press) ""Insect-flower interactions in the Mediterranean area: a Citizen Science dataset collated within the LIFE 4 Pollinators project"". https://doi.org/xxxxx"	HumanObservation	OutsideNatura2000	observation located outside Natura 2000 sites
LIFE4POLL1698	2020-07-11	42.251059	-8.69335	WGS84	Spain	ES	urban	"visual observation|photograph|Barberis et al. (in press) ""Insect-flower interactions in the Mediterranean area: a Citizen Science dataset collated within the LIFE 4 Pollinators project"". https://doi.org/xxxxx"	HumanObservation	OutsideNatura2000	observation located outside Natura 2000 sites
LIFE4POLL1699	2020-07-11	42.472097	-9.011536	WGS84	Spain	ES	island	"visual observation|photograph|Barberis et al. (in press) ""Insect-flower interactions in the Mediterranean area: a Citizen Science dataset collated within the LIFE 4 Pollinators project"". https://doi.org/xxxxx"	HumanObservation	ES1110006	observation located in Natura 2000 site with code ES1110006
LIFE4POLL1700	2020-08-23	42.472097	-9.011536	WGS84	Spain	ES	island	"visual observation|photograph|Barberis et al. (in press) ""Insect-flower interactions in the Mediterranean area: a Citizen Science dataset collated within the LIFE 4 Pollinators project"". https://doi.org/xxxxx"	HumanObservation	ES1110006	observation located in Natura 2000 site with code ES1110006
LIFE4POLL1701	2023-06-12	37.955128	23.755875	WGS84	Greece	GR	urban	"visual observation|photograph|Barberis et al. (in press) ""Insect-flower interactions in the Mediterranean area: a Citizen Science dataset collated within the LIFE 4 Pollinators project"". https://doi.org/xxxxx"	HumanObservation	OutsideNatura2000	observation located outside Natura 2000 sites
LIFE4POLL1702	2023-06-12	37.955027	23.753815	WGS84	Greece	GR	urban	"visual observation|photograph|Barberis et al. (in press) ""Insect-flower interactions in the Mediterranean area: a Citizen Science dataset collated within the LIFE 4 Pollinators project"". https://doi.org/xxxxx"	HumanObservation	OutsideNatura2000	observation located outside Natura 2000 sites
LIFE4POLL1703	2023-06-16	na	na	na	na	na	na	"visual observation|photograph|Barberis et al. (in press) ""Insect-flower interactions in the Mediterranean area: a Citizen Science dataset collated within the LIFE 4 Pollinators project"". https://doi.org/xxxxx"	HumanObservation	na	observation without coordinates
LIFE4POLL1704	2023-06-15	45.5	8.75	WGS84	Italy	IT	lowland, riverside	"visual observation|photograph|Barberis et al. (in press) ""Insect-flower interactions in the Mediterranean area: a Citizen Science dataset collated within the LIFE 4 Pollinators project"". https://doi.org/xxxxx"	HumanObservation	IT2080301|IT2010014	observation located in Natura 2000 sites with codes IT2080301|IT2010014
LIFE4POLL1705	2023-06-18*	42.240475	-8.720659	WGS84	Spain	ES	urban, seaside	"visual observation|photograph|Barberis et al. (in press) ""Insect-flower interactions in the Mediterranean area: a Citizen Science dataset collated within the LIFE 4 Pollinators project"". https://doi.org/xxxxx"	HumanObservation	OutsideNatura2000	observation located outside Natura 2000 sites
LIFE4POLL1706	2023-06-18*	42.23925	-8.716975	WGS84	Spain	ES	urban, seaside	"visual observation|photograph|Barberis et al. (in press) ""Insect-flower interactions in the Mediterranean area: a Citizen Science dataset collated within the LIFE 4 Pollinators project"". https://doi.org/xxxxx"	HumanObservation	OutsideNatura2000	observation located outside Natura 2000 sites
LIFE4POLL1707	2023-06-18*	42.241388	-8.728615	WGS84	Spain	ES	urban, seaside	"visual observation|photograph|Barberis et al. (in press) ""Insect-flower interactions in the Mediterranean area: a Citizen Science dataset collated within the LIFE 4 Pollinators project"". https://doi.org/xxxxx"	HumanObservation	OutsideNatura2000	observation located outside Natura 2000 sites
LIFE4POLL1709	2023-06-18*	42.23784	-8.729424	WGS84	Spain	ES	urban, seaside	"visual observation|photograph|Barberis et al. (in press) ""Insect-flower interactions in the Mediterranean area: a Citizen Science dataset collated within the LIFE 4 Pollinators project"". https://doi.org/xxxxx"	HumanObservation	OutsideNatura2000	observation located outside Natura 2000 sites
LIFE4POLL1710	2023-06-18*	42.233557	-8.731426	WGS84	Spain	ES	urban, seaside	"visual observation|photograph|Barberis et al. (in press) ""Insect-flower interactions in the Mediterranean area: a Citizen Science dataset collated within the LIFE 4 Pollinators project"". https://doi.org/xxxxx"	HumanObservation	OutsideNatura2000	observation located outside Natura 2000 sites
LIFE4POLL1711	2023-06-19	44.8	10.4	WGS84	Italy	IT	lowland	"visual observation|photograph|Barberis et al. (in press) ""Insect-flower interactions in the Mediterranean area: a Citizen Science dataset collated within the LIFE 4 Pollinators project"". https://doi.org/xxxxx"	HumanObservation	OutsideNatura2000	observation located outside Natura 2000 sites
LIFE4POLL1716	2023-06-23*	44.499466	11.352521	WGS84	Italy	IT	hills	"visual observation|photograph|Barberis et al. (in press) ""Insect-flower interactions in the Mediterranean area: a Citizen Science dataset collated within the LIFE 4 Pollinators project"". https://doi.org/xxxxx"	HumanObservation	OutsideNatura2000	observation located outside Natura 2000 sites
LIFE4POLL1717	2023-06-24	45.70624	9.659381	WGS84	Italy	IT	urban	"visual observation|photograph|Barberis et al. (in press) ""Insect-flower interactions in the Mediterranean area: a Citizen Science dataset collated within the LIFE 4 Pollinators project"". https://doi.org/xxxxx"	HumanObservation	OutsideNatura2000	observation located outside Natura 2000 sites
LIFE4POLL1718	2023-05-18	45.69523	9.66951	WGS84	Italy	IT	urban	"visual observation|photograph|Barberis et al. (in press) ""Insect-flower interactions in the Mediterranean area: a Citizen Science dataset collated within the LIFE 4 Pollinators project"". https://doi.org/xxxxx"	HumanObservation	OutsideNatura2000	observation located outside Natura 2000 sites
LIFE4POLL1719	2023-06-24	39.793765	15.831814	WGS84	Italy	IT	lowland, seaside	"visual observation|photograph|Barberis et al. (in press) ""Insect-flower interactions in the Mediterranean area: a Citizen Science dataset collated within the LIFE 4 Pollinators project"". https://doi.org/xxxxx"	HumanObservation	OutsideNatura2000	observation located outside Natura 2000 sites
LIFE4POLL1720	2023-06-24	39.791985	15.831213	WGS84	Italy	IT	seaside, hills	"visual observation|photograph|Barberis et al. (in press) ""Insect-flower interactions in the Mediterranean area: a Citizen Science dataset collated within the LIFE 4 Pollinators project"". https://doi.org/xxxxx"	HumanObservation	OutsideNatura2000	observation located outside Natura 2000 sites
LIFE4POLL1723	2023-04-10	39.793155	15.830183	WGS84	Italy	IT	lowland, seaside	"visual observation|photograph|Barberis et al. (in press) ""Insect-flower interactions in the Mediterranean area: a Citizen Science dataset collated within the LIFE 4 Pollinators project"". https://doi.org/xxxxx"	HumanObservation	OutsideNatura2000	observation located outside Natura 2000 sites
LIFE4POLL1724	2023-04-10	39.792875	15.83087	WGS84	Italy	IT	lowland, seaside	"visual observation|photograph|Barberis et al. (in press) ""Insect-flower interactions in the Mediterranean area: a Citizen Science dataset collated within the LIFE 4 Pollinators project"". https://doi.org/xxxxx"	HumanObservation	OutsideNatura2000	observation located outside Natura 2000 sites
LIFE4POLL1725	2023-04-10	39.79299	15.830183	WGS84	Italy	IT	lowland, seaside	"visual observation|photograph|Barberis et al. (in press) ""Insect-flower interactions in the Mediterranean area: a Citizen Science dataset collated within the LIFE 4 Pollinators project"". https://doi.org/xxxxx"	HumanObservation	OutsideNatura2000	observation located outside Natura 2000 sites
LIFE4POLL1726	2023-06-26	41.137942	15.348651	WGS84	Italy	IT	hills	"visual observation|photograph|Barberis et al. (in press) ""Insect-flower interactions in the Mediterranean area: a Citizen Science dataset collated within the LIFE 4 Pollinators project"". https://doi.org/xxxxx"	HumanObservation	OutsideNatura2000	observation located outside Natura 2000 sites
LIFE4POLL1727	2023-06-26	41.140092	15.34833	WGS84	Italy	IT	hills	"visual observation|photograph|Barberis et al. (in press) ""Insect-flower interactions in the Mediterranean area: a Citizen Science dataset collated within the LIFE 4 Pollinators project"". https://doi.org/xxxxx"	HumanObservation	OutsideNatura2000	observation located outside Natura 2000 sites
LIFE4POLL1728	2023-06-26	41.140981	15.348244	WGS84	Italy	IT	hills	"visual observation|photograph|Barberis et al. (in press) ""Insect-flower interactions in the Mediterranean area: a Citizen Science dataset collated within the LIFE 4 Pollinators project"". https://doi.org/xxxxx"	HumanObservation	OutsideNatura2000	observation located outside Natura 2000 sites
LIFE4POLL1729	2023-06-14	45.418128	9.47705	WGS84	Italy	IT	lowland	"visual observation|photograph|Barberis et al. (in press) ""Insect-flower interactions in the Mediterranean area: a Citizen Science dataset collated within the LIFE 4 Pollinators project"". https://doi.org/xxxxx"	HumanObservation	OutsideNatura2000	observation located outside Natura 2000 sites
LIFE4POLL1730	2023-06-14	45.418114	9.476938	WGS84	Italy	IT	lowland	"visual observation|photograph|Barberis et al. (in press) ""Insect-flower interactions in the Mediterranean area: a Citizen Science dataset collated within the LIFE 4 Pollinators project"". https://doi.org/xxxxx"	HumanObservation	OutsideNatura2000	observation located outside Natura 2000 sites
LIFE4POLL1731	2023-07-04*	46.73942	12.324485	WGS84	Italy	IT	mountain	"visual observation|photograph|Barberis et al. (in press) ""Insect-flower interactions in the Mediterranean area: a Citizen Science dataset collated within the LIFE 4 Pollinators project"". https://doi.org/xxxxx"	HumanObservation	OutsideNatura2000	observation located outside Natura 2000 sites
LIFE4POLL1732	2023-06-16	38.676495	-27.213329	WGS84	Portugal	PT	urban	"visual observation|photograph|Barberis et al. (in press) ""Insect-flower interactions in the Mediterranean area: a Citizen Science dataset collated within the LIFE 4 Pollinators project"". https://doi.org/xxxxx"	HumanObservation	OutsideNatura2000	observation located outside Natura 2000 sites
LIFE4POLL1733	2023-04-03	na	na	na	na	na	lowland	"visual observation|photograph|Barberis et al. (in press) ""Insect-flower interactions in the Mediterranean area: a Citizen Science dataset collated within the LIFE 4 Pollinators project"". https://doi.org/xxxxx"	HumanObservation	na	observation without coordinates
LIFE4POLL1734	2023-04-06	37.74366	-25.566398	WGS84	Portugal	PT	urban	"visual observation|photograph|Barberis et al. (in press) ""Insect-flower interactions in the Mediterranean area: a Citizen Science dataset collated within the LIFE 4 Pollinators project"". https://doi.org/xxxxx"	HumanObservation	OutsideNatura2000	observation located outside Natura 2000 sites
LIFE4POLL1735	2023-07-04*	37.743605	-25.566473	WGS84	Portugal	PT	urban	"visual observation|photograph|Barberis et al. (in press) ""Insect-flower interactions in the Mediterranean area: a Citizen Science dataset collated within the LIFE 4 Pollinators project"". https://doi.org/xxxxx"	HumanObservation	OutsideNatura2000	observation located outside Natura 2000 sites
LIFE4POLL1738	2022-07-27	45.428305	12.429185	WGS84	Italy	IT	seaside	"visual observation|photograph|Barberis et al. (in press) ""Insect-flower interactions in the Mediterranean area: a Citizen Science dataset collated within the LIFE 4 Pollinators project"". https://doi.org/xxxxx"	HumanObservation	IT3250003	observation located in Natura 2000 site with code IT3250003
LIFE4POLL1739	2022-07-27	45.428275	12.429121	WGS84	Italy	IT	seaside	"visual observation|photograph|Barberis et al. (in press) ""Insect-flower interactions in the Mediterranean area: a Citizen Science dataset collated within the LIFE 4 Pollinators project"". https://doi.org/xxxxx"	HumanObservation	IT3250003	observation located in Natura 2000 site with code IT3250003
LIFE4POLL1740	2022-07-27	45.428373	12.429153	WGS84	Italy	IT	seaside	"visual observation|photograph|Barberis et al. (in press) ""Insect-flower interactions in the Mediterranean area: a Citizen Science dataset collated within the LIFE 4 Pollinators project"". https://doi.org/xxxxx"	HumanObservation	IT3250003	observation located in Natura 2000 site with code IT3250003
LIFE4POLL1741	2022-07-27	45.428335	12.429314	WGS84	Italy	IT	seaside	"visual observation|photograph|Barberis et al. (in press) ""Insect-flower interactions in the Mediterranean area: a Citizen Science dataset collated within the LIFE 4 Pollinators project"". https://doi.org/xxxxx"	HumanObservation	IT3250003	observation located in Natura 2000 site with code IT3250003
LIFE4POLL1742	2022-07-27	45.427989	12.429442	WGS84	Italy	IT	seaside	"visual observation|photograph|Barberis et al. (in press) ""Insect-flower interactions in the Mediterranean area: a Citizen Science dataset collated within the LIFE 4 Pollinators project"". https://doi.org/xxxxx"	HumanObservation	IT3250003	observation located in Natura 2000 site with code IT3250003
LIFE4POLL1744	2022-07-27	45.428124	12.429314	WGS84	Italy	IT	seaside	"visual observation|photograph|Barberis et al. (in press) ""Insect-flower interactions in the Mediterranean area: a Citizen Science dataset collated within the LIFE 4 Pollinators project"". https://doi.org/xxxxx"	HumanObservation	IT3250003	observation located in Natura 2000 site with code IT3250003
LIFE4POLL1745	2022-07-27	45.427853	12.429914	WGS84	Italy	IT	seaside	"visual observation|photograph|Barberis et al. (in press) ""Insect-flower interactions in the Mediterranean area: a Citizen Science dataset collated within the LIFE 4 Pollinators project"". https://doi.org/xxxxx"	HumanObservation	IT3250003	observation located in Natura 2000 site with code IT3250003
LIFE4POLL1746	2022-07-27	45.427906	12.429721	WGS84	Italy	IT	seaside	"visual observation|photograph|Barberis et al. (in press) ""Insect-flower interactions in the Mediterranean area: a Citizen Science dataset collated within the LIFE 4 Pollinators project"". https://doi.org/xxxxx"	HumanObservation	IT3250003	observation located in Natura 2000 site with code IT3250003
LIFE4POLL1747	2022-07-27	45.42835	12.429185	WGS84	Italy	IT	seaside	"visual observation|photograph|Barberis et al. (in press) ""Insect-flower interactions in the Mediterranean area: a Citizen Science dataset collated within the LIFE 4 Pollinators project"". https://doi.org/xxxxx"	HumanObservation	IT3250003	observation located in Natura 2000 site with code IT3250003
LIFE4POLL1748	2022-07-27	45.427943	12.429872	WGS84	Italy	IT	lowland	"visual observation|photograph|Barberis et al. (in press) ""Insect-flower interactions in the Mediterranean area: a Citizen Science dataset collated within the LIFE 4 Pollinators project"". https://doi.org/xxxxx"	HumanObservation	IT3250003	observation located in Natura 2000 site with code IT3250003
LIFE4POLL1749	2022-07-26	45.428094	12.430859	WGS84	Italy	IT	seaside	"visual observation|photograph|Barberis et al. (in press) ""Insect-flower interactions in the Mediterranean area: a Citizen Science dataset collated within the LIFE 4 Pollinators project"". https://doi.org/xxxxx"	HumanObservation	IT3250003	observation located in Natura 2000 site with code IT3250003
LIFE4POLL1750	2022-07-26	45.427492	12.430859	WGS84	Italy	IT	seaside	"visual observation|photograph|Barberis et al. (in press) ""Insect-flower interactions in the Mediterranean area: a Citizen Science dataset collated within the LIFE 4 Pollinators project"". https://doi.org/xxxxx"	HumanObservation	IT3250003	observation located in Natura 2000 site with code IT3250003
LIFE4POLL1751	2022-07-26	45.428034	12.4297	WGS84	Italy	IT	seaside	"visual observation|photograph|Barberis et al. (in press) ""Insect-flower interactions in the Mediterranean area: a Citizen Science dataset collated within the LIFE 4 Pollinators project"". https://doi.org/xxxxx"	HumanObservation	IT3250003	observation located in Natura 2000 site with code IT3250003
LIFE4POLL1752	2022-07-26	45.428034	12.429743	WGS84	Italy	IT	seaside	"visual observation|photograph|Barberis et al. (in press) ""Insect-flower interactions in the Mediterranean area: a Citizen Science dataset collated within the LIFE 4 Pollinators project"". https://doi.org/xxxxx"	HumanObservation	IT3250003	observation located in Natura 2000 site with code IT3250003
LIFE4POLL1753	2023-07-15	44.33221	11.06334	WGS84	Italy	IT	hills	"visual observation|photograph|Barberis et al. (in press) ""Insect-flower interactions in the Mediterranean area: a Citizen Science dataset collated within the LIFE 4 Pollinators project"". https://doi.org/xxxxx"	HumanObservation	IT3250003	observation located in Natura 2000 site with code IT3250003
LIFE4POLL1754	2023-07-16	37.303194	15.059477	WGS84	Italy	IT	urban	"visual observation|photograph|Barberis et al. (in press) ""Insect-flower interactions in the Mediterranean area: a Citizen Science dataset collated within the LIFE 4 Pollinators project"". https://doi.org/xxxxx"	HumanObservation	OutsideNatura2000	observation located outside Natura 2000 sites
LIFE4POLL1755	2023-07-16	37.303203	15.059348	WGS84	Italy	IT	urban	"visual observation|photograph|Barberis et al. (in press) ""Insect-flower interactions in the Mediterranean area: a Citizen Science dataset collated within the LIFE 4 Pollinators project"". https://doi.org/xxxxx"	HumanObservation	OutsideNatura2000	observation located outside Natura 2000 sites
LIFE4POLL1756	2023-07-25	45.428034	12.429865	WGS84	Italy	IT	seaside	"visual observation|photograph|Barberis et al. (in press) ""Insect-flower interactions in the Mediterranean area: a Citizen Science dataset collated within the LIFE 4 Pollinators project"". https://doi.org/xxxxx"	HumanObservation	IT3250003	observation located in Natura 2000 site with code IT3250003
LIFE4POLL1757	2023-08-06	42.07597	14.14388	WGS84	Italy	IT	mountain	"visual observation|photograph|Barberis et al. (in press) ""Insect-flower interactions in the Mediterranean area: a Citizen Science dataset collated within the LIFE 4 Pollinators project"". https://doi.org/xxxxx"	HumanObservation	IT7140129|IT7140203	observation located in Natura 2000 sites with codes IT7140129|IT7140203
LIFE4POLL1758	2023-08-06	42.446966	13.95209	WGS84	Italy	IT	hills	"visual observation|photograph|Barberis et al. (in press) ""Insect-flower interactions in the Mediterranean area: a Citizen Science dataset collated within the LIFE 4 Pollinators project"". https://doi.org/xxxxx"	HumanObservation	OutsideNatura2000	observation located outside Natura 2000 sites
LIFE4POLL1759	2023-08-07	42.446566	13.95144	WGS84	Italy	IT	hills	"visual observation|photograph|Barberis et al. (in press) ""Insect-flower interactions in the Mediterranean area: a Citizen Science dataset collated within the LIFE 4 Pollinators project"". https://doi.org/xxxxx"	HumanObservation	OutsideNatura2000	observation located outside Natura 2000 sites
LIFE4POLL1760	2023-08-07	42.446554	13.951564	WGS84	Italy	IT	hills	"visual observation|photograph|Barberis et al. (in press) ""Insect-flower interactions in the Mediterranean area: a Citizen Science dataset collated within the LIFE 4 Pollinators project"". https://doi.org/xxxxx"	HumanObservation	OutsideNatura2000	observation located outside Natura 2000 sites
LIFE4POLL1761	2023-08-10	na	na	na	na	na	urban	"visual observation|photograph|Barberis et al. (in press) ""Insect-flower interactions in the Mediterranean area: a Citizen Science dataset collated within the LIFE 4 Pollinators project"". https://doi.org/xxxxx"	HumanObservation	na	observation without coordinates
LIFE4POLL1762	2023-08-09	42.446289	13.952234	WGS84	Italy	IT	hills	"visual observation|photograph|Barberis et al. (in press) ""Insect-flower interactions in the Mediterranean area: a Citizen Science dataset collated within the LIFE 4 Pollinators project"". https://doi.org/xxxxx"	HumanObservation	OutsideNatura2000	observation located outside Natura 2000 sites
LIFE4POLL1763	2023-08-09	42.446499	13.951977	WGS84	Italy	IT	hills	"visual observation|photograph|Barberis et al. (in press) ""Insect-flower interactions in the Mediterranean area: a Citizen Science dataset collated within the LIFE 4 Pollinators project"". https://doi.org/xxxxx"	HumanObservation	OutsideNatura2000	observation located outside Natura 2000 sites
LIFE4POLL1764	2023-08-11	42.447271	13.951542	WGS84	Italy	IT	hills	"visual observation|photograph|Barberis et al. (in press) ""Insect-flower interactions in the Mediterranean area: a Citizen Science dataset collated within the LIFE 4 Pollinators project"". https://doi.org/xxxxx"	HumanObservation	OutsideNatura2000	observation located outside Natura 2000 sites
LIFE4POLL1765	2023-08-13	42.44735	13.951516	WGS84	Italy	IT	hills	"visual observation|photograph|Barberis et al. (in press) ""Insect-flower interactions in the Mediterranean area: a Citizen Science dataset collated within the LIFE 4 Pollinators project"". https://doi.org/xxxxx"	HumanObservation	OutsideNatura2000	observation located outside Natura 2000 sites
LIFE4POLL1766	2023-08-13	42.447219	13.951671	WGS84	Italy	IT	hills	"visual observation|photograph|Barberis et al. (in press) ""Insect-flower interactions in the Mediterranean area: a Citizen Science dataset collated within the LIFE 4 Pollinators project"". https://doi.org/xxxxx"	HumanObservation	OutsideNatura2000	observation located outside Natura 2000 sites
LIFE4POLL1767	2023-08-15	42.446776	13.951982	WGS84	Italy	IT	hills	"visual observation|photograph|Barberis et al. (in press) ""Insect-flower interactions in the Mediterranean area: a Citizen Science dataset collated within the LIFE 4 Pollinators project"". https://doi.org/xxxxx"	HumanObservation	OutsideNatura2000	observation located outside Natura 2000 sites
LIFE4POLL1768	2023-08-15	42.44682	13.952014	WGS84	Italy	IT	hills	"visual observation|photograph|Barberis et al. (in press) ""Insect-flower interactions in the Mediterranean area: a Citizen Science dataset collated within the LIFE 4 Pollinators project"". https://doi.org/xxxxx"	HumanObservation	OutsideNatura2000	observation located outside Natura 2000 sites
LIFE4POLL1769	2023-08-15	46.30586	11.46828	WGS84	Italy	IT	mountain	"visual observation|photograph|Barberis et al. (in press) ""Insect-flower interactions in the Mediterranean area: a Citizen Science dataset collated within the LIFE 4 Pollinators project"". https://doi.org/xxxxx"	HumanObservation	OutsideNatura2000	observation located outside Natura 2000 sites
LIFE4POLL1770	2023-08-15	46.30586	11.46828	WGS84	Italy	IT	mountain	"visual observation|photograph|Barberis et al. (in press) ""Insect-flower interactions in the Mediterranean area: a Citizen Science dataset collated within the LIFE 4 Pollinators project"". https://doi.org/xxxxx"	HumanObservation	OutsideNatura2000	observation located outside Natura 2000 sites
LIFE4POLL1771	2023-08-15	37.303092	15.058737	WGS84	Italy	IT	urban	"visual observation|photograph|Barberis et al. (in press) ""Insect-flower interactions in the Mediterranean area: a Citizen Science dataset collated within the LIFE 4 Pollinators project"". https://doi.org/xxxxx"	HumanObservation	OutsideNatura2000	observation located outside Natura 2000 sites
LIFE4POLL1772	2023-08-15	37.302597	15.058866	WGS84	Italy	IT	urban	"visual observation|photograph|Barberis et al. (in press) ""Insect-flower interactions in the Mediterranean area: a Citizen Science dataset collated within the LIFE 4 Pollinators project"". https://doi.org/xxxxx"	HumanObservation	OutsideNatura2000	observation located outside Natura 2000 sites
LIFE4POLL1773	2023-08-16	42.447136	13.952165	WGS84	Italy	IT	hills	"visual observation|photograph|Barberis et al. (in press) ""Insect-flower interactions in the Mediterranean area: a Citizen Science dataset collated within the LIFE 4 Pollinators project"". https://doi.org/xxxxx"	HumanObservation	OutsideNatura2000	observation located outside Natura 2000 sites
LIFE4POLL1774	2023-08-18	42.447128	13.950931	WGS84	Italy	IT	hills	"visual observation|photograph|Barberis et al. (in press) ""Insect-flower interactions in the Mediterranean area: a Citizen Science dataset collated within the LIFE 4 Pollinators project"". https://doi.org/xxxxx"	HumanObservation	OutsideNatura2000	observation located outside Natura 2000 sites
LIFE4POLL1776	2023-08-20	46.34938	11.44502	WGS84	Italy	IT	mountain	"visual observation|photograph|Barberis et al. (in press) ""Insect-flower interactions in the Mediterranean area: a Citizen Science dataset collated within the LIFE 4 Pollinators project"". https://doi.org/xxxxx"	HumanObservation	OutsideNatura2000	observation located outside Natura 2000 sites
LIFE4POLL1777	2023-08-31	37.503351	15.052933	WGS84	Italy	IT	urban	"visual observation|photograph|Barberis et al. (in press) ""Insect-flower interactions in the Mediterranean area: a Citizen Science dataset collated within the LIFE 4 Pollinators project"". https://doi.org/xxxxx"	HumanObservation	OutsideNatura2000	observation located outside Natura 2000 sites
LIFE4POLL1779	2023-09-24*	41.941293	12.535658	WGS84	Italy	IT	urban	"visual observation|photograph|Barberis et al. (in press) ""Insect-flower interactions in the Mediterranean area: a Citizen Science dataset collated within the LIFE 4 Pollinators project"". https://doi.org/xxxxx"	HumanObservation	OutsideNatura2000	observation located outside Natura 2000 sites
LIFE4POLL1780	2023-08-07	42.412614	13.59837	WGS84	Italy	IT	mountain	"visual observation|photograph|Barberis et al. (in press) ""Insect-flower interactions in the Mediterranean area: a Citizen Science dataset collated within the LIFE 4 Pollinators project"". https://doi.org/xxxxx"	HumanObservation	IT7110128|IT7110202	observation located in Natura 2000 sites with codes IT7110128|IT7110202
LIFE4POLL1781	2023-09-30	44.688998	8.0052224	WGS84	Italy	IT	urban	"visual observation|photograph|Barberis et al. (in press) ""Insect-flower interactions in the Mediterranean area: a Citizen Science dataset collated within the LIFE 4 Pollinators project"". https://doi.org/xxxxx"	HumanObservation	OutsideNatura2000	observation located outside Natura 2000 sites
LIFE4POLL1782	2023-08-01	42.474957	13.563118	WGS84	Italy	IT	mountain	"visual observation|photograph|Barberis et al. (in press) ""Insect-flower interactions in the Mediterranean area: a Citizen Science dataset collated within the LIFE 4 Pollinators project"". https://doi.org/xxxxx"	HumanObservation	IT7110128|IT7110202	observation located in Natura 2000 sites with codes IT7110128|IT7110202
LIFE4POLL1783	2023-08-01	42.474957	13.563118	WGS84	Italy	IT	mountain	"visual observation|photograph|Barberis et al. (in press) ""Insect-flower interactions in the Mediterranean area: a Citizen Science dataset collated within the LIFE 4 Pollinators project"". https://doi.org/xxxxx"	HumanObservation	IT7110128|IT7110202	observation located in Natura 2000 sites with codes IT7110128|IT7110202
LIFE4POLL1784	2023-08-01	42.474957	13.563118	WGS84	Italy	IT	mountain	"visual observation|photograph|Barberis et al. (in press) ""Insect-flower interactions in the Mediterranean area: a Citizen Science dataset collated within the LIFE 4 Pollinators project"". https://doi.org/xxxxx"	HumanObservation	IT7110128|IT7110202	observation located in Natura 2000 sites with codes IT7110128|IT7110202
LIFE4POLL1785	2023-08-01	42.474957	13.563118	WGS84	Italy	IT	mountain	"visual observation|photograph|Barberis et al. (in press) ""Insect-flower interactions in the Mediterranean area: a Citizen Science dataset collated within the LIFE 4 Pollinators project"". https://doi.org/xxxxx"	HumanObservation	IT7110128|IT7110202	observation located in Natura 2000 sites with codes IT7110128|IT7110202
LIFE4POLL1786	2023-08-01	42.474957	13.563118	WGS84	Italy	IT	mountain	"visual observation|photograph|Barberis et al. (in press) ""Insect-flower interactions in the Mediterranean area: a Citizen Science dataset collated within the LIFE 4 Pollinators project"". https://doi.org/xxxxx"	HumanObservation	IT7110128|IT7110202	observation located in Natura 2000 sites with codes IT7110128|IT7110202
LIFE4POLL1787	2023-07-31	42.484295	13.566332	WGS84	Italy	IT	mountain	"visual observation|photograph|Barberis et al. (in press) ""Insect-flower interactions in the Mediterranean area: a Citizen Science dataset collated within the LIFE 4 Pollinators project"". https://doi.org/xxxxx"	HumanObservation	IT7110128|IT7110202	observation located in Natura 2000 sites with codes IT7110128|IT7110202
LIFE4POLL1788	2023-06-29	42.336085	13.590643	WGS84	Italy	IT	mountain	"visual observation|photograph|Barberis et al. (in press) ""Insect-flower interactions in the Mediterranean area: a Citizen Science dataset collated within the LIFE 4 Pollinators project"". https://doi.org/xxxxx"	HumanObservation	OutsideNatura2000	observation located outside Natura 2000 sites
LIFE4POLL1789	2023-06-29	42.336085	13.590643	WGS84	Italy	IT	mountain	"visual observation|photograph|Barberis et al. (in press) ""Insect-flower interactions in the Mediterranean area: a Citizen Science dataset collated within the LIFE 4 Pollinators project"". https://doi.org/xxxxx"	HumanObservation	OutsideNatura2000	observation located outside Natura 2000 sites
LIFE4POLL1790	2023-10-09	37.503632	15.0529	WGS84	Italy	IT	urban	"visual observation|photograph|Barberis et al. (in press) ""Insect-flower interactions in the Mediterranean area: a Citizen Science dataset collated within the LIFE 4 Pollinators project"". https://doi.org/xxxxx"	HumanObservation	OutsideNatura2000	observation located outside Natura 2000 sites
LIFE4POLL1791	2023-10-12	37.505334	15.0526	WGS84	Italy	IT	urban	"visual observation|photograph|Barberis et al. (in press) ""Insect-flower interactions in the Mediterranean area: a Citizen Science dataset collated within the LIFE 4 Pollinators project"". https://doi.org/xxxxx"	HumanObservation	OutsideNatura2000	observation located outside Natura 2000 sites
LIFE4POLL1792	2023-10-12	37.503326	15.0529	WGS84	Italy	IT	urban	"visual observation|photograph|Barberis et al. (in press) ""Insect-flower interactions in the Mediterranean area: a Citizen Science dataset collated within the LIFE 4 Pollinators project"". https://doi.org/xxxxx"	HumanObservation	OutsideNatura2000	observation located outside Natura 2000 sites
LIFE4POLL1793	2023-10-19*	45.518859	9.689491	WGS84	Italy	IT	lowland	"visual observation|photograph|Barberis et al. (in press) ""Insect-flower interactions in the Mediterranean area: a Citizen Science dataset collated within the LIFE 4 Pollinators project"". https://doi.org/xxxxx"	HumanObservation	OutsideNatura2000	observation located outside Natura 2000 sites
LIFE4POLL1794	2023-10-19	37.50513	15.052686	WGS84	Italy	IT	urban	"visual observation|photograph|Barberis et al. (in press) ""Insect-flower interactions in the Mediterranean area: a Citizen Science dataset collated within the LIFE 4 Pollinators project"". https://doi.org/xxxxx"	HumanObservation	OutsideNatura2000	observation located outside Natura 2000 sites
LIFE4POLL1795	2023-10-22	37.519976	15.110375	WGS84	Italy	IT	urban	"visual observation|photograph|Barberis et al. (in press) ""Insect-flower interactions in the Mediterranean area: a Citizen Science dataset collated within the LIFE 4 Pollinators project"". https://doi.org/xxxxx"	HumanObservation	OutsideNatura2000	observation located outside Natura 2000 sites
LIFE4POLL1796	2023-10-26	39.327516	-0.307362	WGS84	Spain	ES	seaside	"visual observation|photograph|Barberis et al. (in press) ""Insect-flower interactions in the Mediterranean area: a Citizen Science dataset collated within the LIFE 4 Pollinators project"". https://doi.org/xxxxx"	HumanObservation	ES0000471|ES0000023	observation located in Natura 2000 sites with codes ES0000471|ES0000023
LIFE4POLL1797	2023-10-26	39.289317	-0.30098	WGS84	Spain	ES	lowland, seaside	"visual observation|photograph|Barberis et al. (in press) ""Insect-flower interactions in the Mediterranean area: a Citizen Science dataset collated within the LIFE 4 Pollinators project"". https://doi.org/xxxxx"	HumanObservation	ES0000471|ES0000023	observation located in Natura 2000 sites with codes ES0000471|ES0000023
LIFE4POLL1798	2023-10-26	37.503989	15.052729	WGS84	Italy	IT	urban	"visual observation|photograph|Barberis et al. (in press) ""Insect-flower interactions in the Mediterranean area: a Citizen Science dataset collated within the LIFE 4 Pollinators project"". https://doi.org/xxxxx"	HumanObservation	OutsideNatura2000	observation located outside Natura 2000 sites
LIFE4POLL1799	2023-10-26	37.503938	15.052814	WGS84	Italy	IT	urban	"visual observation|photograph|Barberis et al. (in press) ""Insect-flower interactions in the Mediterranean area: a Citizen Science dataset collated within the LIFE 4 Pollinators project"". https://doi.org/xxxxx"	HumanObservation	OutsideNatura2000	observation located outside Natura 2000 sites
LIFE4POLL1801	2022-04-27	45.457234	9.159382	WGS84	Italy	IT	urban	"visual observation|photograph|Barberis et al. (in press) ""Insect-flower interactions in the Mediterranean area: a Citizen Science dataset collated within the LIFE 4 Pollinators project"". https://doi.org/xxxxx"	HumanObservation	OutsideNatura2000	observation located outside Natura 2000 sites
LIFE4POLL1802	2023-05-28	45.471147	9.189184	WGS84	Italy	IT	urban	"visual observation|photograph|Barberis et al. (in press) ""Insect-flower interactions in the Mediterranean area: a Citizen Science dataset collated within the LIFE 4 Pollinators project"". https://doi.org/xxxxx"	HumanObservation	OutsideNatura2000	observation located outside Natura 2000 sites
LIFE4POLL1803	2023-05-28	45.471124	9.189173	WGS84	Italy	IT	urban	"visual observation|photograph|Barberis et al. (in press) ""Insect-flower interactions in the Mediterranean area: a Citizen Science dataset collated within the LIFE 4 Pollinators project"". https://doi.org/xxxxx"	HumanObservation	OutsideNatura2000	observation located outside Natura 2000 sites
LIFE4POLL1804	2023-11-01*	na	na	na	na	na	lowland	"visual observation|photograph|Barberis et al. (in press) ""Insect-flower interactions in the Mediterranean area: a Citizen Science dataset collated within the LIFE 4 Pollinators project"". https://doi.org/xxxxx"	HumanObservation	na	observation without coordinates
LIFE4POLL1805	2023-11-05	44.423061	12.198392	WGS84	Italy	IT	urban	"visual observation|photograph|Barberis et al. (in press) ""Insect-flower interactions in the Mediterranean area: a Citizen Science dataset collated within the LIFE 4 Pollinators project"". https://doi.org/xxxxx"	HumanObservation	OutsideNatura2000	observation located outside Natura 2000 sites
LIFE4POLL1806	2023-11-05	44.422716	12.1983	WGS84	Italy	IT	urban	"visual observation|photograph|Barberis et al. (in press) ""Insect-flower interactions in the Mediterranean area: a Citizen Science dataset collated within the LIFE 4 Pollinators project"". https://doi.org/xxxxx"	HumanObservation	OutsideNatura2000	observation located outside Natura 2000 sites
LIFE4POLL1807	2023-11-05	44.422808	12.1983	WGS84	Italy	IT	urban	"visual observation|photograph|Barberis et al. (in press) ""Insect-flower interactions in the Mediterranean area: a Citizen Science dataset collated within the LIFE 4 Pollinators project"". https://doi.org/xxxxx"	HumanObservation	OutsideNatura2000	observation located outside Natura 2000 sites
LIFE4POLL1808	2023-11-05	44.422747	12.198257	WGS84	Italy	IT	urban	"visual observation|photograph|Barberis et al. (in press) ""Insect-flower interactions in the Mediterranean area: a Citizen Science dataset collated within the LIFE 4 Pollinators project"". https://doi.org/xxxxx"	HumanObservation	OutsideNatura2000	observation located outside Natura 2000 sites
LIFE4POLL1809	2023-11-05	44.422747	12.198172	WGS84	Italy	IT	urban	"visual observation|photograph|Barberis et al. (in press) ""Insect-flower interactions in the Mediterranean area: a Citizen Science dataset collated within the LIFE 4 Pollinators project"". https://doi.org/xxxxx"	HumanObservation	OutsideNatura2000	observation located outside Natura 2000 sites
LIFE4POLL1810	2023-11-07	44.49976	11.35306	WGS84	Italy	IT	urban	"visual observation|photograph|Barberis et al. (in press) ""Insect-flower interactions in the Mediterranean area: a Citizen Science dataset collated within the LIFE 4 Pollinators project"". https://doi.org/xxxxx"	HumanObservation	OutsideNatura2000	observation located outside Natura 2000 sites
LIFE4POLL1811	2023-10-25	39.476154	-0.38641	WGS84	Spain	ES	urban	"visual observation|photograph|Barberis et al. (in press) ""Insect-flower interactions in the Mediterranean area: a Citizen Science dataset collated within the LIFE 4 Pollinators project"". https://doi.org/xxxxx"	HumanObservation	OutsideNatura2000	observation located outside Natura 2000 sites
LIFE4POLL1812	2023-11-12	42.446938	13.952109	WGS84	Italy	IT	hills	"visual observation|photograph|Barberis et al. (in press) ""Insect-flower interactions in the Mediterranean area: a Citizen Science dataset collated within the LIFE 4 Pollinators project"". https://doi.org/xxxxx"	HumanObservation	OutsideNatura2000	observation located outside Natura 2000 sites
LIFE4POLL1813	2023-11-22	44.514353	11.404307	WGS84	Italy	IT	urban	"visual observation|photograph|Barberis et al. (in press) ""Insect-flower interactions in the Mediterranean area: a Citizen Science dataset collated within the LIFE 4 Pollinators project"". https://doi.org/xxxxx"	HumanObservation	OutsideNatura2000	observation located outside Natura 2000 sites
LIFE4POLL1814	2023-12-18	44.514196	11.404753	WGS84	Italy	IT	urban	"visual observation|photograph|Barberis et al. (in press) ""Insect-flower interactions in the Mediterranean area: a Citizen Science dataset collated within the LIFE 4 Pollinators project"". https://doi.org/xxxxx"	HumanObservation	OutsideNatura2000	observation located outside Natura 2000 sites
LIFE4POLL1815	2023-12-26	37.29949	15.052085	WGS84	Italy	IT	urban	"visual observation|photograph|Barberis et al. (in press) ""Insect-flower interactions in the Mediterranean area: a Citizen Science dataset collated within the LIFE 4 Pollinators project"". https://doi.org/xxxxx"	HumanObservation	OutsideNatura2000	observation located outside Natura 2000 sites
LIFE4POLL1816	2024-01-03	37.301368	15.052557	WGS84	Italy	IT	urban	"visual observation|photograph|Barberis et al. (in press) ""Insect-flower interactions in the Mediterranean area: a Citizen Science dataset collated within the LIFE 4 Pollinators project"". https://doi.org/xxxxx"	HumanObservation	OutsideNatura2000	observation located outside Natura 2000 sites
LIFE4POLL1817	2024-01-03	37.301026	15.053587	WGS84	Italy	IT	urban	"visual observation|photograph|Barberis et al. (in press) ""Insect-flower interactions in the Mediterranean area: a Citizen Science dataset collated within the LIFE 4 Pollinators project"". https://doi.org/xxxxx"	HumanObservation	OutsideNatura2000	observation located outside Natura 2000 sites
LIFE4POLL1818	2024-01-11*	42.407235	13.063388	WGS84	Italy	IT	urban	"visual observation|photograph|Barberis et al. (in press) ""Insect-flower interactions in the Mediterranean area: a Citizen Science dataset collated within the LIFE 4 Pollinators project"". https://doi.org/xxxxx"	HumanObservation	OutsideNatura2000	observation located outside Natura 2000 sites
LIFE4POLL1820	2024-01-18	44.42918	11.435396	WGS84	Italy	IT	riverside, hills	"visual observation|photograph|Barberis et al. (in press) ""Insect-flower interactions in the Mediterranean area: a Citizen Science dataset collated within the LIFE 4 Pollinators project"". https://doi.org/xxxxx"	HumanObservation	IT4050001	observation located in Natura 2000 site with code IT4050001
LIFE4POLL1823	2024-02-09*	46.137977	15.518188	WGS84	Slovenia	SI	hills	"visual observation|photograph|Barberis et al. (in press) ""Insect-flower interactions in the Mediterranean area: a Citizen Science dataset collated within the LIFE 4 Pollinators project"". https://doi.org/xxxxx"	HumanObservation	IT4050002	observation located in Natura 2000 site with code IT4050002
LIFE4POLL1825	2021-09-01	44.123121	10.830658	WGS84	Italy	IT	mountain	"visual observation|photograph|Barberis et al. (in press) ""Insect-flower interactions in the Mediterranean area: a Citizen Science dataset collated within the LIFE 4 Pollinators project"". https://doi.org/xxxxx"	HumanObservation	IT4050002	observation located in Natura 2000 site with code IT4050002
LIFE4POLL1826	2021-09-01	44.123486	10.83058	WGS84	Italy	IT	mountain	"visual observation|photograph|Barberis et al. (in press) ""Insect-flower interactions in the Mediterranean area: a Citizen Science dataset collated within the LIFE 4 Pollinators project"". https://doi.org/xxxxx"	HumanObservation	IT4080003	observation located in Natura 2000 site with code IT4080003
LIFE4POLL1827	2021-09-11	43.85915	11.865893	WGS84	Italy	IT	mountain	"visual observation|photograph|Barberis et al. (in press) ""Insect-flower interactions in the Mediterranean area: a Citizen Science dataset collated within the LIFE 4 Pollinators project"". https://doi.org/xxxxx"	HumanObservation	IT4050001	observation located in Natura 2000 site with code IT4050001
LIFE4POLL1828	2022-06-22	44.492579	11.215182	WGS84	Italy	IT	periurban	"visual observation|photograph|Barberis et al. (in press) ""Insect-flower interactions in the Mediterranean area: a Citizen Science dataset collated within the LIFE 4 Pollinators project"". https://doi.org/xxxxx"	HumanObservation	IT4050001	observation located in Natura 2000 site with code IT4050001
LIFE4POLL1829	2018-04-18	44.494286	11.208002	WGS84	Italy	IT	urban	"visual observation|photograph|Barberis et al. (in press) ""Insect-flower interactions in the Mediterranean area: a Citizen Science dataset collated within the LIFE 4 Pollinators project"". https://doi.org/xxxxx"	HumanObservation	OutsideNatura2000	observation located outside Natura 2000 sites
LIFE4POLL1830	2019-04-21	44.453596	11.381128	WGS84	Italy	IT	hills	"visual observation|photograph|Barberis et al. (in press) ""Insect-flower interactions in the Mediterranean area: a Citizen Science dataset collated within the LIFE 4 Pollinators project"". https://doi.org/xxxxx"	HumanObservation	OutsideNatura2000	observation located outside Natura 2000 sites
LIFE4POLL1831	2023-03-30	44.496689	11.207042	WGS84	Italy	IT	lowland	"visual observation|photograph|Barberis et al. (in press) ""Insect-flower interactions in the Mediterranean area: a Citizen Science dataset collated within the LIFE 4 Pollinators project"". https://doi.org/xxxxx"	HumanObservation	OutsideNatura2000	observation located outside Natura 2000 sites
LIFE4POLL1832	2022-07-31	44.494776	11.187955	WGS84	Italy	IT	lowland	"visual observation|photograph|Barberis et al. (in press) ""Insect-flower interactions in the Mediterranean area: a Citizen Science dataset collated within the LIFE 4 Pollinators project"". https://doi.org/xxxxx"	HumanObservation	OutsideNatura2000	observation located outside Natura 2000 sites
LIFE4POLL1833	2022-08-31	44.217839	12.382477	WGS84	Italy	IT	urban	"visual observation|photograph|Barberis et al. (in press) ""Insect-flower interactions in the Mediterranean area: a Citizen Science dataset collated within the LIFE 4 Pollinators project"". https://doi.org/xxxxx"	HumanObservation	OutsideNatura2000	observation located outside Natura 2000 sites
LIFE4POLL1834	2022-09-19	44.491171	11.209831	WGS84	Italy	IT	hills	"visual observation|photograph|Barberis et al. (in press) ""Insect-flower interactions in the Mediterranean area: a Citizen Science dataset collated within the LIFE 4 Pollinators project"". https://doi.org/xxxxx"	HumanObservation	OutsideNatura2000	observation located outside Natura 2000 sites
LIFE4POLL1835	2022-10-19	44.508775	11.293049	WGS84	Italy	IT	riverside	"visual observation|photograph|Barberis et al. (in press) ""Insect-flower interactions in the Mediterranean area: a Citizen Science dataset collated within the LIFE 4 Pollinators project"". https://doi.org/xxxxx"	HumanObservation	OutsideNatura2000	observation located outside Natura 2000 sites
LIFE4POLL1836	2022-10-19	44.508794	11.292883	WGS84	Italy	IT	lowland, riverside	"visual observation|photograph|Barberis et al. (in press) ""Insect-flower interactions in the Mediterranean area: a Citizen Science dataset collated within the LIFE 4 Pollinators project"". https://doi.org/xxxxx"	HumanObservation	OutsideNatura2000	observation located outside Natura 2000 sites
LIFE4POLL1837	2022-10-19	44.508886	11.292679	WGS84	Italy	IT	lowland, riverside	"visual observation|photograph|Barberis et al. (in press) ""Insect-flower interactions in the Mediterranean area: a Citizen Science dataset collated within the LIFE 4 Pollinators project"". https://doi.org/xxxxx"	HumanObservation	OutsideNatura2000	observation located outside Natura 2000 sites
LIFE4POLL1838	2022-10-23	44.548078	11.132256	WGS84	Italy	IT	lowland	"visual observation|photograph|Barberis et al. (in press) ""Insect-flower interactions in the Mediterranean area: a Citizen Science dataset collated within the LIFE 4 Pollinators project"". https://doi.org/xxxxx"	HumanObservation	OutsideNatura2000	observation located outside Natura 2000 sites
LIFE4POLL1839	2022-10-23	44.548093	11.132176	WGS84	Italy	IT	lowland	"visual observation|photograph|Barberis et al. (in press) ""Insect-flower interactions in the Mediterranean area: a Citizen Science dataset collated within the LIFE 4 Pollinators project"". https://doi.org/xxxxx"	HumanObservation	OutsideNatura2000	observation located outside Natura 2000 sites
LIFE4POLL1840	2022-10-23	44.54812	11.132203	WGS84	Italy	IT	lowland	"visual observation|photograph|Barberis et al. (in press) ""Insect-flower interactions in the Mediterranean area: a Citizen Science dataset collated within the LIFE 4 Pollinators project"". https://doi.org/xxxxx"	HumanObservation	OutsideNatura2000	observation located outside Natura 2000 sites
LIFE4POLL1841	2022-10-19	44.508886	11.292765	WGS84	Italy	IT	lowland, riverside	"visual observation|photograph|Barberis et al. (in press) ""Insect-flower interactions in the Mediterranean area: a Citizen Science dataset collated within the LIFE 4 Pollinators project"". https://doi.org/xxxxx"	HumanObservation	OutsideNatura2000	observation located outside Natura 2000 sites
LIFE4POLL1842	2023-02-02	44.446128	11.378317	WGS84	Italy	IT	hills	"visual observation|photograph|Barberis et al. (in press) ""Insect-flower interactions in the Mediterranean area: a Citizen Science dataset collated within the LIFE 4 Pollinators project"". https://doi.org/xxxxx"	HumanObservation	IT4050001	observation located in Natura 2000 site with code IT4050001
LIFE4POLL1843	2023-02-02	44.445883	11.378081	WGS84	Italy	IT	hills	"visual observation|photograph|Barberis et al. (in press) ""Insect-flower interactions in the Mediterranean area: a Citizen Science dataset collated within the LIFE 4 Pollinators project"". https://doi.org/xxxxx"	HumanObservation	IT4050001	observation located in Natura 2000 site with code IT4050001
LIFE4POLL1846	2024-03-07*	44.701911	10.634422	WGS84	Italy	IT	urban	"visual observation|photograph|Barberis et al. (in press) ""Insect-flower interactions in the Mediterranean area: a Citizen Science dataset collated within the LIFE 4 Pollinators project"". https://doi.org/xxxxx"	HumanObservation	OutsideNatura2000	observation located outside Natura 2000 sites
LIFE4POLL1847	2024-03-19*	41.89268	12.464593	WGS84	Italy	IT	urban	"visual observation|photograph|Barberis et al. (in press) ""Insect-flower interactions in the Mediterranean area: a Citizen Science dataset collated within the LIFE 4 Pollinators project"". https://doi.org/xxxxx"	HumanObservation	OutsideNatura2000	observation located outside Natura 2000 sites
LIFE4POLL1848	2024-03-19*	41.892621	12.464607	WGS84	Italy	IT	urban	"visual observation|photograph|Barberis et al. (in press) ""Insect-flower interactions in the Mediterranean area: a Citizen Science dataset collated within the LIFE 4 Pollinators project"". https://doi.org/xxxxx"	HumanObservation	OutsideNatura2000	observation located outside Natura 2000 sites
LIFE4POLL1850	2024-03-19*	41.892512	12.464596	WGS84	Italy	IT	urban	"visual observation|photograph|Barberis et al. (in press) ""Insect-flower interactions in the Mediterranean area: a Citizen Science dataset collated within the LIFE 4 Pollinators project"". https://doi.org/xxxxx"	HumanObservation	OutsideNatura2000	observation located outside Natura 2000 sites
LIFE4POLL1851	2023-02-06	38.225775	15.927086	WGS84	Italy	IT	mountain	"visual observation|photograph|Barberis et al. (in press) ""Insect-flower interactions in the Mediterranean area: a Citizen Science dataset collated within the LIFE 4 Pollinators project"". https://doi.org/xxxxx"	HumanObservation	OutsideNatura2000	observation located outside Natura 2000 sites
LIFE4POLL1852	2024-03-22*	34.84331	33.24815	WGS84	Cyprus	CY	island, lowland	"visual observation|photograph|Barberis et al. (in press) ""Insect-flower interactions in the Mediterranean area: a Citizen Science dataset collated within the LIFE 4 Pollinators project"". https://doi.org/xxxxx"	HumanObservation	OutsideNatura2000	observation located outside Natura 2000 sites
LIFE4POLL1853	2024-03-22*	34.842703	33.25009	WGS84	Cyprus	CY	mountain	"visual observation|photograph|Barberis et al. (in press) ""Insect-flower interactions in the Mediterranean area: a Citizen Science dataset collated within the LIFE 4 Pollinators project"". https://doi.org/xxxxx"	HumanObservation	OutsideNatura2000	observation located outside Natura 2000 sites
LIFE4POLL1854	2024-03-30	44.48013	11.322972	WGS84	Italy	IT	hills	"visual observation|photograph|Barberis et al. (in press) ""Insect-flower interactions in the Mediterranean area: a Citizen Science dataset collated within the LIFE 4 Pollinators project"". https://doi.org/xxxxx"	HumanObservation	OutsideNatura2000	observation located outside Natura 2000 sites
LIFE4POLL1856	2024-04-03	39.056621	26.466748	WGS84	Greece	GR	island	"visual observation|photograph|Barberis et al. (in press) ""Insect-flower interactions in the Mediterranean area: a Citizen Science dataset collated within the LIFE 4 Pollinators project"". https://doi.org/xxxxx"	HumanObservation	OutsideNatura2000	observation located outside Natura 2000 sites
LIFE4POLL1857	2021-08-30	44.517933	11.326765	WGS84	Italy	IT	urban	"visual observation|photograph|Barberis et al. (in press) ""Insect-flower interactions in the Mediterranean area: a Citizen Science dataset collated within the LIFE 4 Pollinators project"". https://doi.org/xxxxx"	HumanObservation	OutsideNatura2000	observation located outside Natura 2000 sites
LIFE4POLL1858	2024-04-05	37.401524	15.0902	WGS84	Italy	IT	seaside	"visual observation|photograph|Barberis et al. (in press) ""Insect-flower interactions in the Mediterranean area: a Citizen Science dataset collated within the LIFE 4 Pollinators project"". https://doi.org/xxxxx"	HumanObservation	ITA070029|ITA070001	observation located in Natura 2000 sites with codes ITA070029|ITA070001
LIFE4POLL1859	2024-04-05	37.404298	15.090001	WGS84	Italy	IT	seaside	"visual observation|photograph|Barberis et al. (in press) ""Insect-flower interactions in the Mediterranean area: a Citizen Science dataset collated within the LIFE 4 Pollinators project"". https://doi.org/xxxxx"	HumanObservation	ITA070029|ITA070001	observation located in Natura 2000 sites with codes ITA070029|ITA070001
LIFE4POLL1861	2024-04-09	37.293332	15.027156	WGS84	Italy	IT	urban	"visual observation|photograph|Barberis et al. (in press) ""Insect-flower interactions in the Mediterranean area: a Citizen Science dataset collated within the LIFE 4 Pollinators project"". https://doi.org/xxxxx"	HumanObservation	OutsideNatura2000	observation located outside Natura 2000 sites
LIFE4POLL1862	2024-04-09	37.293516	15.027409	WGS84	Italy	IT	urban	"visual observation|photograph|Barberis et al. (in press) ""Insect-flower interactions in the Mediterranean area: a Citizen Science dataset collated within the LIFE 4 Pollinators project"". https://doi.org/xxxxx"	HumanObservation	OutsideNatura2000	observation located outside Natura 2000 sites
LIFE4POLL1864	2024-04-11	na	na	na	na	na	urban	"visual observation|photograph|Barberis et al. (in press) ""Insect-flower interactions in the Mediterranean area: a Citizen Science dataset collated within the LIFE 4 Pollinators project"". https://doi.org/xxxxx"	HumanObservation	na	observation without coordinates
LIFE4POLL1865	2024-04-11	44.499442	11.353111	WGS84	Italy	IT	urban	"visual observation|photograph|Barberis et al. (in press) ""Insect-flower interactions in the Mediterranean area: a Citizen Science dataset collated within the LIFE 4 Pollinators project"". https://doi.org/xxxxx"	HumanObservation	OutsideNatura2000	observation located outside Natura 2000 sites
LIFE4POLL1866	2024-04-11	44.499442	11.353111	WGS84	Italy	IT	urban	"visual observation|photograph|Barberis et al. (in press) ""Insect-flower interactions in the Mediterranean area: a Citizen Science dataset collated within the LIFE 4 Pollinators project"". https://doi.org/xxxxx"	HumanObservation	OutsideNatura2000	observation located outside Natura 2000 sites
LIFE4POLL1869	2024-04-11	44.501051	11.353818	WGS84	Italy	IT	urban	"visual observation|photograph|Barberis et al. (in press) ""Insect-flower interactions in the Mediterranean area: a Citizen Science dataset collated within the LIFE 4 Pollinators project"". https://doi.org/xxxxx"	HumanObservation	OutsideNatura2000	observation located outside Natura 2000 sites
LIFE4POLL1870	2024-04-11	44.501051	11.353818	WGS84	Italy	IT	urban	"visual observation|photograph|Barberis et al. (in press) ""Insect-flower interactions in the Mediterranean area: a Citizen Science dataset collated within the LIFE 4 Pollinators project"". https://doi.org/xxxxx"	HumanObservation	OutsideNatura2000	observation located outside Natura 2000 sites
LIFE4POLL1873	2024-04-11	44.501051	11.353818	WGS84	Italy	IT	urban	"visual observation|photograph|Barberis et al. (in press) ""Insect-flower interactions in the Mediterranean area: a Citizen Science dataset collated within the LIFE 4 Pollinators project"". https://doi.org/xxxxx"	HumanObservation	OutsideNatura2000	observation located outside Natura 2000 sites
LIFE4POLL1874	2024-04-11	44.501051	11.353818	WGS84	Italy	IT	urban	"visual observation|photograph|Barberis et al. (in press) ""Insect-flower interactions in the Mediterranean area: a Citizen Science dataset collated within the LIFE 4 Pollinators project"". https://doi.org/xxxxx"	HumanObservation	OutsideNatura2000	observation located outside Natura 2000 sites
LIFE4POLL1875	2024-04-11	44.501051	11.353818	WGS84	Italy	IT	urban	"visual observation|photograph|Barberis et al. (in press) ""Insect-flower interactions in the Mediterranean area: a Citizen Science dataset collated within the LIFE 4 Pollinators project"". https://doi.org/xxxxx"	HumanObservation	OutsideNatura2000	observation located outside Natura 2000 sites
LIFE4POLL1876	2024-04-11	44.50139	11.355	WGS84	Italy	IT	urban	"visual observation|photograph|Barberis et al. (in press) ""Insect-flower interactions in the Mediterranean area: a Citizen Science dataset collated within the LIFE 4 Pollinators project"". https://doi.org/xxxxx"	HumanObservation	OutsideNatura2000	observation located outside Natura 2000 sites
LIFE4POLL1877	2024-04-17	37.382486	22.696338	WGS84	Greece	GR	mountain	"visual observation|photograph|Barberis et al. (in press) ""Insect-flower interactions in the Mediterranean area: a Citizen Science dataset collated within the LIFE 4 Pollinators project"". https://doi.org/xxxxx"	HumanObservation	OutsideNatura2000	observation located outside Natura 2000 sites
LIFE4POLL1878	2024-04-17	37.372067	22.684107	WGS84	Greece	GR	mountain	"visual observation|photograph|Barberis et al. (in press) ""Insect-flower interactions in the Mediterranean area: a Citizen Science dataset collated within the LIFE 4 Pollinators project"". https://doi.org/xxxxx"	HumanObservation	OutsideNatura2000	observation located outside Natura 2000 sites
LIFE4POLL1879	2024-04-17	37.372101	22.684064	WGS84	Greece	GR	mountain	"visual observation|photograph|Barberis et al. (in press) ""Insect-flower interactions in the Mediterranean area: a Citizen Science dataset collated within the LIFE 4 Pollinators project"". https://doi.org/xxxxx"	HumanObservation	OutsideNatura2000	observation located outside Natura 2000 sites
LIFE4POLL1880	2024-04-17	37.371658	22.682326	WGS84	Greece	GR	mountain	"visual observation|photograph|Barberis et al. (in press) ""Insect-flower interactions in the Mediterranean area: a Citizen Science dataset collated within the LIFE 4 Pollinators project"". https://doi.org/xxxxx"	HumanObservation	OutsideNatura2000	observation located outside Natura 2000 sites
LIFE4POLL1881	2024-04-17	37.355644	22.655375	WGS84	Greece	GR	mountain	"visual observation|photograph|Barberis et al. (in press) ""Insect-flower interactions in the Mediterranean area: a Citizen Science dataset collated within the LIFE 4 Pollinators project"". https://doi.org/xxxxx"	HumanObservation	OutsideNatura2000	observation located outside Natura 2000 sites
LIFE4POLL1882	2024-04-17	37.351021	22.649249	WGS84	Greece	GR	mountain	"visual observation|photograph|Barberis et al. (in press) ""Insect-flower interactions in the Mediterranean area: a Citizen Science dataset collated within the LIFE 4 Pollinators project"". https://doi.org/xxxxx"	HumanObservation	OutsideNatura2000	observation located outside Natura 2000 sites
LIFE4POLL1883	2024-04-17	37.355388	22.641191	WGS84	Greece	GR	mountain	"visual observation|photograph|Barberis et al. (in press) ""Insect-flower interactions in the Mediterranean area: a Citizen Science dataset collated within the LIFE 4 Pollinators project"". https://doi.org/xxxxx"	HumanObservation	OutsideNatura2000	observation located outside Natura 2000 sites
LIFE4POLL1885	2024-04-17	37.355396	22.641159	WGS84	Greece	GR	mountain	"visual observation|photograph|Barberis et al. (in press) ""Insect-flower interactions in the Mediterranean area: a Citizen Science dataset collated within the LIFE 4 Pollinators project"". https://doi.org/xxxxx"	HumanObservation	OutsideNatura2000	observation located outside Natura 2000 sites
LIFE4POLL1886	2024-04-17	37.35549	22.64132	WGS84	Greece	GR	mountain	"visual observation|photograph|Barberis et al. (in press) ""Insect-flower interactions in the Mediterranean area: a Citizen Science dataset collated within the LIFE 4 Pollinators project"". https://doi.org/xxxxx"	HumanObservation	OutsideNatura2000	observation located outside Natura 2000 sites
LIFE4POLL1888	2024-04-19	37.35838	22.6288	WGS84	Greece	GR	mountain	"visual observation|photograph|Barberis et al. (in press) ""Insect-flower interactions in the Mediterranean area: a Citizen Science dataset collated within the LIFE 4 Pollinators project"". https://doi.org/xxxxx"	HumanObservation	GR2520006	observation located in Natura 2000 site with code GR2520006
LIFE4POLL1889	2024-04-19*	37.35838	22.6288	WGS84	Greece	GR	mountain	"visual observation|photograph|Barberis et al. (in press) ""Insect-flower interactions in the Mediterranean area: a Citizen Science dataset collated within the LIFE 4 Pollinators project"". https://doi.org/xxxxx"	HumanObservation	GR2520006	observation located in Natura 2000 site with code GR2520006
LIFE4POLL1890	2024-04-19	37.35838	22.6288	WGS84	Greece	GR	mountain	"visual observation|photograph|Barberis et al. (in press) ""Insect-flower interactions in the Mediterranean area: a Citizen Science dataset collated within the LIFE 4 Pollinators project"". https://doi.org/xxxxx"	HumanObservation	GR2520006	observation located in Natura 2000 site with code GR2520006
LIFE4POLL1891	2024-04-19	37.35838	22.6288	WGS84	Greece	GR	mountain	"visual observation|photograph|Barberis et al. (in press) ""Insect-flower interactions in the Mediterranean area: a Citizen Science dataset collated within the LIFE 4 Pollinators project"". https://doi.org/xxxxx"	HumanObservation	GR2520006	observation located in Natura 2000 site with code GR2520006
LIFE4POLL1892	2024-04-19	37.35838	22.6288	WGS84	Greece	GR	mountain	"visual observation|photograph|Barberis et al. (in press) ""Insect-flower interactions in the Mediterranean area: a Citizen Science dataset collated within the LIFE 4 Pollinators project"". https://doi.org/xxxxx"	HumanObservation	GR2520006	observation located in Natura 2000 site with code GR2520006
LIFE4POLL1894	2024-04-19	37.35838	22.6288	WGS84	Greece	GR	mountain	"visual observation|photograph|Barberis et al. (in press) ""Insect-flower interactions in the Mediterranean area: a Citizen Science dataset collated within the LIFE 4 Pollinators project"". https://doi.org/xxxxx"	HumanObservation	GR2520006	observation located in Natura 2000 site with code GR2520006
LIFE4POLL1895	2024-04-19	37.363046	22.622888	WGS84	Greece	GR	mountain	"visual observation|photograph|Barberis et al. (in press) ""Insect-flower interactions in the Mediterranean area: a Citizen Science dataset collated within the LIFE 4 Pollinators project"". https://doi.org/xxxxx"	HumanObservation	GR2520006	observation located in Natura 2000 site with code GR2520006
LIFE4POLL1896	2024-04-19	37.35838	22.6288	WGS84	Greece	GR	mountain	"visual observation|photograph|Barberis et al. (in press) ""Insect-flower interactions in the Mediterranean area: a Citizen Science dataset collated within the LIFE 4 Pollinators project"". https://doi.org/xxxxx"	HumanObservation	GR2520006	observation located in Natura 2000 site with code GR2520006
LIFE4POLL1897	2024-04-19	37.358293	22.628544	WGS84	Greece	GR	mountain	"visual observation|photograph|Barberis et al. (in press) ""Insect-flower interactions in the Mediterranean area: a Citizen Science dataset collated within the LIFE 4 Pollinators project"". https://doi.org/xxxxx"	HumanObservation	GR2520006	observation located in Natura 2000 site with code GR2520006
LIFE4POLL1898	2024-04-19	37.35838	22.6288	WGS84	Greece	GR	mountain	"visual observation|photograph|Barberis et al. (in press) ""Insect-flower interactions in the Mediterranean area: a Citizen Science dataset collated within the LIFE 4 Pollinators project"". https://doi.org/xxxxx"	HumanObservation	GR2520006	observation located in Natura 2000 site with code GR2520006
LIFE4POLL1899	2024-04-19	37.358464	22.6288	WGS84	Greece	GR	mountain	"visual observation|photograph|Barberis et al. (in press) ""Insect-flower interactions in the Mediterranean area: a Citizen Science dataset collated within the LIFE 4 Pollinators project"". https://doi.org/xxxxx"	HumanObservation	GR2520006	observation located in Natura 2000 site with code GR2520006
LIFE4POLL1900	2024-04-19	37.358464	22.6288	WGS84	Greece	GR	mountain	"visual observation|photograph|Barberis et al. (in press) ""Insect-flower interactions in the Mediterranean area: a Citizen Science dataset collated within the LIFE 4 Pollinators project"". https://doi.org/xxxxx"	HumanObservation	GR2520006	observation located in Natura 2000 site with code GR2520006
LIFE4POLL1901	2024-04-19	37.358464	22.6288	WGS84	Greece	GR	mountain	"visual observation|photograph|Barberis et al. (in press) ""Insect-flower interactions in the Mediterranean area: a Citizen Science dataset collated within the LIFE 4 Pollinators project"". https://doi.org/xxxxx"	HumanObservation	GR2520006	observation located in Natura 2000 site with code GR2520006
LIFE4POLL1902	2024-04-19	37.358472	22.628743	WGS84	Greece	GR	mountain	"visual observation|photograph|Barberis et al. (in press) ""Insect-flower interactions in the Mediterranean area: a Citizen Science dataset collated within the LIFE 4 Pollinators project"". https://doi.org/xxxxx"	HumanObservation	GR2520006	observation located in Natura 2000 site with code GR2520006
LIFE4POLL1903	2024-04-19	37.358472	22.628743	WGS84	Greece	GR	mountain	"visual observation|photograph|Barberis et al. (in press) ""Insect-flower interactions in the Mediterranean area: a Citizen Science dataset collated within the LIFE 4 Pollinators project"". https://doi.org/xxxxx"	HumanObservation	GR2520006	observation located in Natura 2000 site with code GR2520006
LIFE4POLL1905	2024-04-19	37.358318	22.628419	WGS84	Greece	GR	mountain	"visual observation|photograph|Barberis et al. (in press) ""Insect-flower interactions in the Mediterranean area: a Citizen Science dataset collated within the LIFE 4 Pollinators project"". https://doi.org/xxxxx"	HumanObservation	GR2520006	observation located in Natura 2000 site with code GR2520006
LIFE4POLL1906	2024-04-19	37.358344	22.628362	WGS84	Greece	GR	mountain	"visual observation|photograph|Barberis et al. (in press) ""Insect-flower interactions in the Mediterranean area: a Citizen Science dataset collated within the LIFE 4 Pollinators project"". https://doi.org/xxxxx"	HumanObservation	GR2520006	observation located in Natura 2000 site with code GR2520006
LIFE4POLL1907	2024-04-19	37.358251	22.628352	WGS84	Greece	GR	mountain	"visual observation|photograph|Barberis et al. (in press) ""Insect-flower interactions in the Mediterranean area: a Citizen Science dataset collated within the LIFE 4 Pollinators project"". https://doi.org/xxxxx"	HumanObservation	GR2520006	observation located in Natura 2000 site with code GR2520006
LIFE4POLL1908	2024-04-19	37.358289	22.628206	WGS84	Greece	GR	mountain	"visual observation|photograph|Barberis et al. (in press) ""Insect-flower interactions in the Mediterranean area: a Citizen Science dataset collated within the LIFE 4 Pollinators project"". https://doi.org/xxxxx"	HumanObservation	GR2520006	observation located in Natura 2000 site with code GR2520006
LIFE4POLL1909	2024-04-19	37.358684	22.628613	WGS84	Greece	GR	mountain	"visual observation|photograph|Barberis et al. (in press) ""Insect-flower interactions in the Mediterranean area: a Citizen Science dataset collated within the LIFE 4 Pollinators project"". https://doi.org/xxxxx"	HumanObservation	GR2520006	observation located in Natura 2000 site with code GR2520006
LIFE4POLL1910	2024-04-19	37.358441	22.628737	WGS84	Greece	GR	mountain	"visual observation|photograph|Barberis et al. (in press) ""Insect-flower interactions in the Mediterranean area: a Citizen Science dataset collated within the LIFE 4 Pollinators project"". https://doi.org/xxxxx"	HumanObservation	IT51A0008	observation located in Natura 2000 site with code IT51A0008
LIFE4POLL1911	2024-04-19	37.35866	22.628689	WGS84	Greece	GR	mountain	"visual observation|photograph|Barberis et al. (in press) ""Insect-flower interactions in the Mediterranean area: a Citizen Science dataset collated within the LIFE 4 Pollinators project"". https://doi.org/xxxxx"	HumanObservation	IT51A0008	observation located in Natura 2000 site with code IT51A0008
LIFE4POLL1912	2024-04-19	37.358616	22.628577	WGS84	Greece	GR	mountain	"visual observation|photograph|Barberis et al. (in press) ""Insect-flower interactions in the Mediterranean area: a Citizen Science dataset collated within the LIFE 4 Pollinators project"". https://doi.org/xxxxx"	HumanObservation	GR2520006	observation located in Natura 2000 site with code GR2520006
LIFE4POLL1913	2024-04-19	na	na	na	na	na	mountain	"visual observation|photograph|Barberis et al. (in press) ""Insect-flower interactions in the Mediterranean area: a Citizen Science dataset collated within the LIFE 4 Pollinators project"". https://doi.org/xxxxx"	HumanObservation	GR2520006	observation located in Natura 2000 site with code GR2520006
LIFE4POLL1914	2024-04-19	37.358591	22.62861	WGS84	Greece	GR	mountain	"visual observation|photograph|Barberis et al. (in press) ""Insect-flower interactions in the Mediterranean area: a Citizen Science dataset collated within the LIFE 4 Pollinators project"". https://doi.org/xxxxx"	HumanObservation	GR2520006	observation located in Natura 2000 site with code GR2520006
LIFE4POLL1915	2024-04-19	na	na	na	na	na	mountain	"visual observation|photograph|Barberis et al. (in press) ""Insect-flower interactions in the Mediterranean area: a Citizen Science dataset collated within the LIFE 4 Pollinators project"". https://doi.org/xxxxx"	HumanObservation	GR2520006	observation located in Natura 2000 site with code GR2520006
LIFE4POLL1916	2024-04-19	37.359083	22.629059	WGS84	Greece	GR	mountain	"visual observation|photograph|Barberis et al. (in press) ""Insect-flower interactions in the Mediterranean area: a Citizen Science dataset collated within the LIFE 4 Pollinators project"". https://doi.org/xxxxx"	HumanObservation	GR2520006	observation located in Natura 2000 site with code GR2520006
LIFE4POLL1917	2024-04-19	37.358801	22.628784	WGS84	Greece	GR	mountain	"visual observation|photograph|Barberis et al. (in press) ""Insect-flower interactions in the Mediterranean area: a Citizen Science dataset collated within the LIFE 4 Pollinators project"". https://doi.org/xxxxx"	HumanObservation	GR2520006	observation located in Natura 2000 site with code GR2520006
LIFE4POLL1918	2024-04-19	na	na	na	na	na	mountain	"visual observation|photograph|Barberis et al. (in press) ""Insect-flower interactions in the Mediterranean area: a Citizen Science dataset collated within the LIFE 4 Pollinators project"". https://doi.org/xxxxx"	HumanObservation	GR2520006	observation located in Natura 2000 site with code GR2520006
LIFE4POLL1919	2024-04-19	37.359014	22.628999	WGS84	Greece	GR	mountain	"visual observation|photograph|Barberis et al. (in press) ""Insect-flower interactions in the Mediterranean area: a Citizen Science dataset collated within the LIFE 4 Pollinators project"". https://doi.org/xxxxx"	HumanObservation	GR2520006	observation located in Natura 2000 site with code GR2520006
LIFE4POLL1920	2024-04-19	37.358972	22.628881	WGS84	Greece	GR	mountain	"visual observation|photograph|Barberis et al. (in press) ""Insect-flower interactions in the Mediterranean area: a Citizen Science dataset collated within the LIFE 4 Pollinators project"". https://doi.org/xxxxx"	HumanObservation	GR2520006	observation located in Natura 2000 site with code GR2520006
LIFE4POLL1921	2024-04-19	37.358321	22.628306	WGS84	Greece	GR	mountain	"visual observation|photograph|Barberis et al. (in press) ""Insect-flower interactions in the Mediterranean area: a Citizen Science dataset collated within the LIFE 4 Pollinators project"". https://doi.org/xxxxx"	HumanObservation	GR2520006	observation located in Natura 2000 site with code GR2520006
LIFE4POLL1922	2024-04-19	37.362108	22.621622	WGS84	Greece	GR	mountain	"visual observation|photograph|Barberis et al. (in press) ""Insect-flower interactions in the Mediterranean area: a Citizen Science dataset collated within the LIFE 4 Pollinators project"". https://doi.org/xxxxx"	HumanObservation	GR2520006	observation located in Natura 2000 site with code GR2520006
LIFE4POLL1923	2024-04-19*	37.361835	22.621765	WGS84	Greece	GR	mountain	"visual observation|photograph|Barberis et al. (in press) ""Insect-flower interactions in the Mediterranean area: a Citizen Science dataset collated within the LIFE 4 Pollinators project"". https://doi.org/xxxxx"	HumanObservation	GR2520006	observation located in Natura 2000 site with code GR2520006
LIFE4POLL1924	2024-04-19	37.358492	22.628896	WGS84	Greece	GR	mountain	"visual observation|photograph|Barberis et al. (in press) ""Insect-flower interactions in the Mediterranean area: a Citizen Science dataset collated within the LIFE 4 Pollinators project"". https://doi.org/xxxxx"	HumanObservation	GR2520006	observation located in Natura 2000 site with code GR2520006
LIFE4POLL1925	2024-04-19	37.363927	22.621078	WGS84	Greece	GR	mountain	"visual observation|photograph|Barberis et al. (in press) ""Insect-flower interactions in the Mediterranean area: a Citizen Science dataset collated within the LIFE 4 Pollinators project"". https://doi.org/xxxxx"	HumanObservation	GR2520006	observation located in Natura 2000 site with code GR2520006
LIFE4POLL1926	2024-04-19	37.359008	22.628911	WGS84	Greece	GR	mountain	"visual observation|photograph|Barberis et al. (in press) ""Insect-flower interactions in the Mediterranean area: a Citizen Science dataset collated within the LIFE 4 Pollinators project"". https://doi.org/xxxxx"	HumanObservation	GR2520006	observation located in Natura 2000 site with code GR2520006
LIFE4POLL1927	2024-04-20	42.917489	10.908101	WGS84	Italy	IT	hills	"visual observation|photograph|Barberis et al. (in press) ""Insect-flower interactions in the Mediterranean area: a Citizen Science dataset collated within the LIFE 4 Pollinators project"". https://doi.org/xxxxx"	HumanObservation	GR2520006	observation located in Natura 2000 site with code GR2520006
LIFE4POLL1930	2024-04-20	42.921285	10.907154	WGS84	Italy	IT	mountain	"visual observation|photograph|Barberis et al. (in press) ""Insect-flower interactions in the Mediterranean area: a Citizen Science dataset collated within the LIFE 4 Pollinators project"". https://doi.org/xxxxx"	HumanObservation	GR2520006	observation located in Natura 2000 site with code GR2520006
LIFE4POLL1931	2024-04-20	na	na	na	na	na	mountain	"visual observation|photograph|Barberis et al. (in press) ""Insect-flower interactions in the Mediterranean area: a Citizen Science dataset collated within the LIFE 4 Pollinators project"". https://doi.org/xxxxx"	HumanObservation	GR2520006	observation located in Natura 2000 site with code GR2520006
LIFE4POLL1932	2024-04-20	42.914384	10.901957	WGS84	Italy	IT	hills	"visual observation|photograph|Barberis et al. (in press) ""Insect-flower interactions in the Mediterranean area: a Citizen Science dataset collated within the LIFE 4 Pollinators project"". https://doi.org/xxxxx"	HumanObservation	GR2520006	observation located in Natura 2000 site with code GR2520006
LIFE4POLL1933	2024-04-18	42.919676	10.906158	WGS84	Italy	IT	mountain	"visual observation|photograph|Barberis et al. (in press) ""Insect-flower interactions in the Mediterranean area: a Citizen Science dataset collated within the LIFE 4 Pollinators project"". https://doi.org/xxxxx"	HumanObservation	GR2520006	observation located in Natura 2000 site with code GR2520006
LIFE4POLL1934	2024-04-16	44.186823	12.112708	WGS84	Italy	IT	periurban	"visual observation|photograph|Barberis et al. (in press) ""Insect-flower interactions in the Mediterranean area: a Citizen Science dataset collated within the LIFE 4 Pollinators project"". https://doi.org/xxxxx"	HumanObservation	GR2520006	observation located in Natura 2000 site with code GR2520006
LIFE4POLL1935	2024-04-16	44.18656	12.112955	WGS84	Italy	IT	periurban	"visual observation|photograph|Barberis et al. (in press) ""Insect-flower interactions in the Mediterranean area: a Citizen Science dataset collated within the LIFE 4 Pollinators project"". https://doi.org/xxxxx"	HumanObservation	GR2520006	observation located in Natura 2000 site with code GR2520006
LIFE4POLL1936	2024-04-16	44.18628	12.112865	WGS84	Italy	IT	periurban	"visual observation|photograph|Barberis et al. (in press) ""Insect-flower interactions in the Mediterranean area: a Citizen Science dataset collated within the LIFE 4 Pollinators project"". https://doi.org/xxxxx"	HumanObservation	GR2520006	observation located in Natura 2000 site with code GR2520006
LIFE4POLL1937	2024-04-05	44.183426	12.126535	WGS84	Italy	IT	urban	"visual observation|photograph|Barberis et al. (in press) ""Insect-flower interactions in the Mediterranean area: a Citizen Science dataset collated within the LIFE 4 Pollinators project"". https://doi.org/xxxxx"	HumanObservation	GR2520006	observation located in Natura 2000 site with code GR2520006
LIFE4POLL1938	2024-04-16	44.186874	12.112786	WGS84	Italy	IT	periurban	"visual observation|photograph|Barberis et al. (in press) ""Insect-flower interactions in the Mediterranean area: a Citizen Science dataset collated within the LIFE 4 Pollinators project"". https://doi.org/xxxxx"	HumanObservation	OutsideNatura2000	observation located outside Natura 2000 sites
LIFE4POLL1939	2024-04-16	44.186704	12.112816	WGS84	Italy	IT	periurban	"visual observation|photograph|Barberis et al. (in press) ""Insect-flower interactions in the Mediterranean area: a Citizen Science dataset collated within the LIFE 4 Pollinators project"". https://doi.org/xxxxx"	HumanObservation	OutsideNatura2000	observation located outside Natura 2000 sites
LIFE4POLL1940	2024-04-19	37.363472	22.620721	WGS84	Greece	GR	mountain	"visual observation|photograph|Barberis et al. (in press) ""Insect-flower interactions in the Mediterranean area: a Citizen Science dataset collated within the LIFE 4 Pollinators project"". https://doi.org/xxxxx"	HumanObservation	OutsideNatura2000	observation located outside Natura 2000 sites
LIFE4POLL1941	2024-04-19	37.358253	22.629132	WGS84	Greece	GR	mountain	"visual observation|photograph|Barberis et al. (in press) ""Insect-flower interactions in the Mediterranean area: a Citizen Science dataset collated within the LIFE 4 Pollinators project"". https://doi.org/xxxxx"	HumanObservation	GR2520006	observation located in Natura 2000 site with code GR2520006
LIFE4POLL1942	2024-04-19	37.358279	22.628478	WGS84	Greece	GR	mountain	"visual observation|photograph|Barberis et al. (in press) ""Insect-flower interactions in the Mediterranean area: a Citizen Science dataset collated within the LIFE 4 Pollinators project"". https://doi.org/xxxxx"	HumanObservation	GR2520006	observation located in Natura 2000 site with code GR2520006
LIFE4POLL1943	2024-04-19	37.358287	22.628478	WGS84	Greece	GR	mountain	"visual observation|photograph|Barberis et al. (in press) ""Insect-flower interactions in the Mediterranean area: a Citizen Science dataset collated within the LIFE 4 Pollinators project"". https://doi.org/xxxxx"	HumanObservation	GR2520006	observation located in Natura 2000 site with code GR2520006
LIFE4POLL1945	2024-04-19	37.35833	22.628494	WGS84	Greece	GR	mountain	"visual observation|photograph|Barberis et al. (in press) ""Insect-flower interactions in the Mediterranean area: a Citizen Science dataset collated within the LIFE 4 Pollinators project"". https://doi.org/xxxxx"	HumanObservation	GR2520006	observation located in Natura 2000 site with code GR2520006
LIFE4POLL1946	2024-04-19	37.358347	22.628494	WGS84	Greece	GR	mountain	"visual observation|photograph|Barberis et al. (in press) ""Insect-flower interactions in the Mediterranean area: a Citizen Science dataset collated within the LIFE 4 Pollinators project"". https://doi.org/xxxxx"	HumanObservation	GR2520006	observation located in Natura 2000 site with code GR2520006
LIFE4POLL1947	2024-04-19	37.35827	22.628456	WGS84	Greece	GR	mountain	"visual observation|photograph|Barberis et al. (in press) ""Insect-flower interactions in the Mediterranean area: a Citizen Science dataset collated within the LIFE 4 Pollinators project"". https://doi.org/xxxxx"	HumanObservation	GR2520006	observation located in Natura 2000 site with code GR2520006
LIFE4POLL1948	2024-04-19	37.358279	22.62851	WGS84	Greece	GR	mountain	"visual observation|photograph|Barberis et al. (in press) ""Insect-flower interactions in the Mediterranean area: a Citizen Science dataset collated within the LIFE 4 Pollinators project"". https://doi.org/xxxxx"	HumanObservation	GR2520006	observation located in Natura 2000 site with code GR2520006
LIFE4POLL1949	2024-04-19	37.358296	22.628467	WGS84	Greece	GR	mountain	"visual observation|photograph|Barberis et al. (in press) ""Insect-flower interactions in the Mediterranean area: a Citizen Science dataset collated within the LIFE 4 Pollinators project"". https://doi.org/xxxxx"	HumanObservation	GR2520006	observation located in Natura 2000 site with code GR2520006
LIFE4POLL1951	2024-04-19	37.358356	22.62866	WGS84	Greece	GR	mountain	"visual observation|photograph|Barberis et al. (in press) ""Insect-flower interactions in the Mediterranean area: a Citizen Science dataset collated within the LIFE 4 Pollinators project"". https://doi.org/xxxxx"	HumanObservation	GR2520006	observation located in Natura 2000 site with code GR2520006
LIFE4POLL1952	2024-04-19	37.358279	22.628649	WGS84	Greece	GR	mountain	"visual observation|photograph|Barberis et al. (in press) ""Insect-flower interactions in the Mediterranean area: a Citizen Science dataset collated within the LIFE 4 Pollinators project"". https://doi.org/xxxxx"	HumanObservation	GR2520006	observation located in Natura 2000 site with code GR2520006
LIFE4POLL1954	2024-04-19	37.357605	22.629604	WGS84	Greece	GR	mountain	"visual observation|photograph|Barberis et al. (in press) ""Insect-flower interactions in the Mediterranean area: a Citizen Science dataset collated within the LIFE 4 Pollinators project"". https://doi.org/xxxxx"	HumanObservation	GR2520006	observation located in Natura 2000 site with code GR2520006
LIFE4POLL1955	2024-04-19	37.358321	22.628896	WGS84	Greece	GR	mountain	"visual observation|photograph|Barberis et al. (in press) ""Insect-flower interactions in the Mediterranean area: a Citizen Science dataset collated within the LIFE 4 Pollinators project"". https://doi.org/xxxxx"	HumanObservation	GR2520006	observation located in Natura 2000 site with code GR2520006
LIFE4POLL1956	2024-04-19	37.358321	22.628617	WGS84	Greece	GR	mountain	"visual observation|photograph|Barberis et al. (in press) ""Insect-flower interactions in the Mediterranean area: a Citizen Science dataset collated within the LIFE 4 Pollinators project"". https://doi.org/xxxxx"	HumanObservation	GR2520006	observation located in Natura 2000 site with code GR2520006
LIFE4POLL1957	2024-04-19	37.35827	22.628607	WGS84	Greece	GR	mountain	"visual observation|photograph|Barberis et al. (in press) ""Insect-flower interactions in the Mediterranean area: a Citizen Science dataset collated within the LIFE 4 Pollinators project"". https://doi.org/xxxxx"	HumanObservation	GR2520006	observation located in Natura 2000 site with code GR2520006
LIFE4POLL1958	2024-04-19	37.358304	22.628789	WGS84	Greece	GR	mountain	"visual observation|photograph|Barberis et al. (in press) ""Insect-flower interactions in the Mediterranean area: a Citizen Science dataset collated within the LIFE 4 Pollinators project"". https://doi.org/xxxxx"	HumanObservation	GR2520006	observation located in Natura 2000 site with code GR2520006
LIFE4POLL1959	2024-04-26*	40.462262	-3.343964	WGS84	Spain	ES	hills	"visual observation|photograph|Barberis et al. (in press) ""Insect-flower interactions in the Mediterranean area: a Citizen Science dataset collated within the LIFE 4 Pollinators project"". https://doi.org/xxxxx"	HumanObservation	GR2520006	observation located in Natura 2000 site with code GR2520006
LIFE4POLL1960	2024-04-26*	40.452825	-3.596628	WGS84	Spain	ES	urban	"visual observation|photograph|Barberis et al. (in press) ""Insect-flower interactions in the Mediterranean area: a Citizen Science dataset collated within the LIFE 4 Pollinators project"". https://doi.org/xxxxx"	HumanObservation	GR2520006	observation located in Natura 2000 site with code GR2520006
LIFE4POLL1961	2024-04-25	44.816742	8.928806	WGS84	Italy	IT	hills	"visual observation|photograph|Barberis et al. (in press) ""Insect-flower interactions in the Mediterranean area: a Citizen Science dataset collated within the LIFE 4 Pollinators project"". https://doi.org/xxxxx"	HumanObservation	GR2520006	observation located in Natura 2000 site with code GR2520006
LIFE4POLL1962	2024-05-01	44.556885	12.281958	WGS84	Italy	IT	seaside	"visual observation|photograph|Barberis et al. (in press) ""Insect-flower interactions in the Mediterranean area: a Citizen Science dataset collated within the LIFE 4 Pollinators project"". https://doi.org/xxxxx"	HumanObservation	GR2520006	observation located in Natura 2000 site with code GR2520006
LIFE4POLL1963	2024-04-16	44.200382	12.083239	WGS84	Italy	IT	lowland	"visual observation|photograph|Barberis et al. (in press) ""Insect-flower interactions in the Mediterranean area: a Citizen Science dataset collated within the LIFE 4 Pollinators project"". https://doi.org/xxxxx"	HumanObservation	GR2520006	observation located in Natura 2000 site with code GR2520006
LIFE4POLL1965	2024-05-06	37.266266	22.648798	WGS84	Greece	GR	mountain	"visual observation|photograph|Barberis et al. (in press) ""Insect-flower interactions in the Mediterranean area: a Citizen Science dataset collated within the LIFE 4 Pollinators project"". https://doi.org/xxxxx"	HumanObservation	GR2520006	observation located in Natura 2000 site with code GR2520006
LIFE4POLL1966	2024-05-06	37.266266	22.64883	WGS84	Greece	GR	mountain	"visual observation|photograph|Barberis et al. (in press) ""Insect-flower interactions in the Mediterranean area: a Citizen Science dataset collated within the LIFE 4 Pollinators project"". https://doi.org/xxxxx"	HumanObservation	GR2520006	observation located in Natura 2000 site with code GR2520006
LIFE4POLL1967	2024-05-06	37.266044	22.648766	WGS84	Greece	GR	mountain	"visual observation|photograph|Barberis et al. (in press) ""Insect-flower interactions in the Mediterranean area: a Citizen Science dataset collated within the LIFE 4 Pollinators project"". https://doi.org/xxxxx"	HumanObservation	GR2520006	observation located in Natura 2000 site with code GR2520006
LIFE4POLL1968	2024-05-06	37.266113	22.648809	WGS84	Greece	GR	mountain	"visual observation|photograph|Barberis et al. (in press) ""Insect-flower interactions in the Mediterranean area: a Citizen Science dataset collated within the LIFE 4 Pollinators project"". https://doi.org/xxxxx"	HumanObservation	GR2520006	observation located in Natura 2000 site with code GR2520006
LIFE4POLL1969	2024-05-06	37.266198	22.648895	WGS84	Greece	GR	mountain	"visual observation|photograph|Barberis et al. (in press) ""Insect-flower interactions in the Mediterranean area: a Citizen Science dataset collated within the LIFE 4 Pollinators project"". https://doi.org/xxxxx"	HumanObservation	GR2520006	observation located in Natura 2000 site with code GR2520006
LIFE4POLL1970	2024-05-06	37.266386	22.649217	WGS84	Greece	GR	mountain	"visual observation|photograph|Barberis et al. (in press) ""Insect-flower interactions in the Mediterranean area: a Citizen Science dataset collated within the LIFE 4 Pollinators project"". https://doi.org/xxxxx"	HumanObservation	GR2520006	observation located in Natura 2000 site with code GR2520006
LIFE4POLL1971	2024-05-06	37.266514	22.649549	WGS84	Greece	GR	mountain	"visual observation|photograph|Barberis et al. (in press) ""Insect-flower interactions in the Mediterranean area: a Citizen Science dataset collated within the LIFE 4 Pollinators project"". https://doi.org/xxxxx"	HumanObservation	GR2520006	observation located in Natura 2000 site with code GR2520006
LIFE4POLL1972	2024-05-06	37.266471	22.649496	WGS84	Greece	GR	mountain	"visual observation|photograph|Barberis et al. (in press) ""Insect-flower interactions in the Mediterranean area: a Citizen Science dataset collated within the LIFE 4 Pollinators project"". https://doi.org/xxxxx"	HumanObservation	GR2520006	observation located in Natura 2000 site with code GR2520006
LIFE4POLL1973	2024-05-06	37.266369	22.649667	WGS84	Greece	GR	mountain	"visual observation|photograph|Barberis et al. (in press) ""Insect-flower interactions in the Mediterranean area: a Citizen Science dataset collated within the LIFE 4 Pollinators project"". https://doi.org/xxxxx"	HumanObservation	GR2520006	observation located in Natura 2000 site with code GR2520006
LIFE4POLL1974	2024-05-06	37.266437	22.649217	WGS84	Greece	GR	mountain	"visual observation|photograph|Barberis et al. (in press) ""Insect-flower interactions in the Mediterranean area: a Citizen Science dataset collated within the LIFE 4 Pollinators project"". https://doi.org/xxxxx"	HumanObservation	GR2520006	observation located in Natura 2000 site with code GR2520006
LIFE4POLL1975	2024-05-06	37.296042	22.673206	WGS84	Greece	GR	mountain	"visual observation|photograph|Barberis et al. (in press) ""Insect-flower interactions in the Mediterranean area: a Citizen Science dataset collated within the LIFE 4 Pollinators project"". https://doi.org/xxxxx"	HumanObservation	GR2520006	observation located in Natura 2000 site with code GR2520006
LIFE4POLL1976	2024-05-06	37.292765	22.672348	WGS84	Greece	GR	mountain	"visual observation|photograph|Barberis et al. (in press) ""Insect-flower interactions in the Mediterranean area: a Citizen Science dataset collated within the LIFE 4 Pollinators project"". https://doi.org/xxxxx"	HumanObservation	GR2520006	observation located in Natura 2000 site with code GR2520006
LIFE4POLL1977	2024-05-07*	41.549824	2.025062	WGS84	Spain	ES	lowland, periurban	"visual observation|photograph|Barberis et al. (in press) ""Insect-flower interactions in the Mediterranean area: a Citizen Science dataset collated within the LIFE 4 Pollinators project"". https://doi.org/xxxxx"	HumanObservation	OutsideNatura2000	observation located outside Natura 2000 sites
LIFE4POLL1978	2024-05-11	44.500855	11.353344	WGS84	Italy	IT	urban	"visual observation|photograph|Barberis et al. (in press) ""Insect-flower interactions in the Mediterranean area: a Citizen Science dataset collated within the LIFE 4 Pollinators project"". https://doi.org/xxxxx"	HumanObservation	OutsideNatura2000	observation located outside Natura 2000 sites
LIFE4POLL1979	2024-05-13	41.667789	-0.894566	WGS84	Spain	ES	hills	"visual observation|photograph|Barberis et al. (in press) ""Insect-flower interactions in the Mediterranean area: a Citizen Science dataset collated within the LIFE 4 Pollinators project"". https://doi.org/xxxxx"	HumanObservation	OutsideNatura2000	observation located outside Natura 2000 sites
LIFE4POLL1980	2024-04-20	44.499354	11.352631	WGS84	Italy	IT	hills	"visual observation|photograph|Barberis et al. (in press) ""Insect-flower interactions in the Mediterranean area: a Citizen Science dataset collated within the LIFE 4 Pollinators project"". https://doi.org/xxxxx"	HumanObservation	OutsideNatura2000	observation located outside Natura 2000 sites
LIFE4POLL1981	2024-05-17*	42.915515	10.904016	WGS84	Italy	IT	hills	"visual observation|photograph|Barberis et al. (in press) ""Insect-flower interactions in the Mediterranean area: a Citizen Science dataset collated within the LIFE 4 Pollinators project"". https://doi.org/xxxxx"	HumanObservation	IT51A0008	observation located in Natura 2000 site with code IT51A0008
LIFE4POLL1982	2024-05-17*	44.402116	11.394399	WGS84	Italy	IT	hills	"visual observation|photograph|Barberis et al. (in press) ""Insect-flower interactions in the Mediterranean area: a Citizen Science dataset collated within the LIFE 4 Pollinators project"". https://doi.org/xxxxx"	HumanObservation	IT4050001	observation located in Natura 2000 site with code IT4050001
LIFE4POLL1983	2024-05-04	44.402116	11.394399	WGS84	Italy	IT	hills	"visual observation|photograph|Barberis et al. (in press) ""Insect-flower interactions in the Mediterranean area: a Citizen Science dataset collated within the LIFE 4 Pollinators project"". https://doi.org/xxxxx"	HumanObservation	IT4050001	observation located in Natura 2000 site with code IT4050001
LIFE4POLL1984	2024-05-18*	na	na	na	na	na	na	"visual observation|photograph|Barberis et al. (in press) ""Insect-flower interactions in the Mediterranean area: a Citizen Science dataset collated within the LIFE 4 Pollinators project"". https://doi.org/xxxxx"	HumanObservation	ITB021103	observation located in Natura 2000 site with code ITB021103
LIFE4POLL1985	2024-05-15	44.500095	11.35329	WGS84	Italy	IT	urban	"visual observation|photograph|Barberis et al. (in press) ""Insect-flower interactions in the Mediterranean area: a Citizen Science dataset collated within the LIFE 4 Pollinators project"". https://doi.org/xxxxx"	HumanObservation	OutsideNatura2000	observation located outside Natura 2000 sites
LIFE4POLL1986	2024-05-18	44.500435	11.353129	WGS84	Italy	IT	urban	"visual observation|photograph|Barberis et al. (in press) ""Insect-flower interactions in the Mediterranean area: a Citizen Science dataset collated within the LIFE 4 Pollinators project"". https://doi.org/xxxxx"	HumanObservation	OutsideNatura2000	observation located outside Natura 2000 sites
LIFE4POLL1987	2024-05-18	na	na	na	na	na	urban	"visual observation|photograph|Barberis et al. (in press) ""Insect-flower interactions in the Mediterranean area: a Citizen Science dataset collated within the LIFE 4 Pollinators project"". https://doi.org/xxxxx"	HumanObservation	na	observation without coordinates
LIFE4POLL1988	2024-05-18*	na	na	na	na	na	na	"visual observation|photograph|Barberis et al. (in press) ""Insect-flower interactions in the Mediterranean area: a Citizen Science dataset collated within the LIFE 4 Pollinators project"". https://doi.org/xxxxx"	HumanObservation	na	observation without coordinates
LIFE4POLL1989	2024-05-18	41.9	12.3	WGS84	Italy	IT	urban	"visual observation|photograph|Barberis et al. (in press) ""Insect-flower interactions in the Mediterranean area: a Citizen Science dataset collated within the LIFE 4 Pollinators project"". https://doi.org/xxxxx"	HumanObservation	OutsideNatura2000	observation located outside Natura 2000 sites
LIFE4POLL1990	2024-05-19	44.500407	11.353688	WGS84	Italy	IT	urban	"visual observation|photograph|Barberis et al. (in press) ""Insect-flower interactions in the Mediterranean area: a Citizen Science dataset collated within the LIFE 4 Pollinators project"". https://doi.org/xxxxx"	HumanObservation	OutsideNatura2000	observation located outside Natura 2000 sites
LIFE4POLL1991	2024-05-19	44.500466	11.353447	WGS84	Italy	IT	urban	"visual observation|photograph|Barberis et al. (in press) ""Insect-flower interactions in the Mediterranean area: a Citizen Science dataset collated within the LIFE 4 Pollinators project"". https://doi.org/xxxxx"	HumanObservation	OutsideNatura2000	observation located outside Natura 2000 sites
LIFE4POLL1992	2024-05-19*	44.500393	11.352916	WGS84	Italy	IT	urban	"visual observation|photograph|Barberis et al. (in press) ""Insect-flower interactions in the Mediterranean area: a Citizen Science dataset collated within the LIFE 4 Pollinators project"". https://doi.org/xxxxx"	HumanObservation	OutsideNatura2000	observation located outside Natura 2000 sites
LIFE4POLL1993	2024-05-20*	37.973899	23.73688	WGS84	Greece	GR	urban	"visual observation|photograph|Barberis et al. (in press) ""Insect-flower interactions in the Mediterranean area: a Citizen Science dataset collated within the LIFE 4 Pollinators project"". https://doi.org/xxxxx"	HumanObservation	OutsideNatura2000	observation located outside Natura 2000 sites
LIFE4POLL1994	2024-05-20*	37.973899	23.73688	WGS84	Greece	GR	urban	"visual observation|photograph|Barberis et al. (in press) ""Insect-flower interactions in the Mediterranean area: a Citizen Science dataset collated within the LIFE 4 Pollinators project"". https://doi.org/xxxxx"	HumanObservation	OutsideNatura2000	observation located outside Natura 2000 sites
LIFE4POLL1995	2024-05-20*	37.973899	23.73688	WGS84	Greece	GR	urban	"visual observation|photograph|Barberis et al. (in press) ""Insect-flower interactions in the Mediterranean area: a Citizen Science dataset collated within the LIFE 4 Pollinators project"". https://doi.org/xxxxx"	HumanObservation	OutsideNatura2000	observation located outside Natura 2000 sites
LIFE4POLL1996	2023-06-16	39.880828	9.391251	WGS84	Italy	IT	mountain	"visual observation|photograph|Barberis et al. (in press) ""Insect-flower interactions in the Mediterranean area: a Citizen Science dataset collated within the LIFE 4 Pollinators project"". https://doi.org/xxxxx"	HumanObservation	ITB021103	observation located in Natura 2000 site with code ITB021103
LIFE4POLL1997	2023-06-25	40.967715	8.204727	WGS84	Italy	IT	island, seaside	"visual observation|photograph|Barberis et al. (in press) ""Insect-flower interactions in the Mediterranean area: a Citizen Science dataset collated within the LIFE 4 Pollinators project"". https://doi.org/xxxxx"	HumanObservation	OutsideNatura2000	observation located outside Natura 2000 sites
LIFE4POLL1998	2024-05-24	na	na	na	na	na	urban	"visual observation|photograph|Barberis et al. (in press) ""Insect-flower interactions in the Mediterranean area: a Citizen Science dataset collated within the LIFE 4 Pollinators project"". https://doi.org/xxxxx"	HumanObservation	na	observation without coordinates
LIFE4POLL1999	2024-05-25	40.510587	23.080017	WGS84	Greece	GR	mountain	"visual observation|photograph|Barberis et al. (in press) ""Insect-flower interactions in the Mediterranean area: a Citizen Science dataset collated within the LIFE 4 Pollinators project"". https://doi.org/xxxxx"	HumanObservation	OutsideNatura2000	observation located outside Natura 2000 sites
LIFE4POLL2002	2024-05-25*	40.510379	23.079411	WGS84	Greece	GR	lowland	"visual observation|photograph|Barberis et al. (in press) ""Insect-flower interactions in the Mediterranean area: a Citizen Science dataset collated within the LIFE 4 Pollinators project"". https://doi.org/xxxxx"	HumanObservation	OutsideNatura2000	observation located outside Natura 2000 sites
LIFE4POLL2003	2024-05-25	40.510508	23.079961	WGS84	Greece	GR	periurban	"visual observation|photograph|Barberis et al. (in press) ""Insect-flower interactions in the Mediterranean area: a Citizen Science dataset collated within the LIFE 4 Pollinators project"". https://doi.org/xxxxx"	HumanObservation	OutsideNatura2000	observation located outside Natura 2000 sites
LIFE4POLL2004	2024-05-25	40.510661	23.080526	WGS84	Greece	GR	urban, lowland	"visual observation|photograph|Barberis et al. (in press) ""Insect-flower interactions in the Mediterranean area: a Citizen Science dataset collated within the LIFE 4 Pollinators project"". https://doi.org/xxxxx"	HumanObservation	OutsideNatura2000	observation located outside Natura 2000 sites
LIFE4POLL2005	2024-05-25*	40.51039	23.079422	WGS84	Greece	GR	lowland	"visual observation|photograph|Barberis et al. (in press) ""Insect-flower interactions in the Mediterranean area: a Citizen Science dataset collated within the LIFE 4 Pollinators project"". https://doi.org/xxxxx"	HumanObservation	OutsideNatura2000	observation located outside Natura 2000 sites
LIFE4POLL2009	2024-05-25*	40.510379	23.079415	WGS84	Greece	GR	lowland	"visual observation|photograph|Barberis et al. (in press) ""Insect-flower interactions in the Mediterranean area: a Citizen Science dataset collated within the LIFE 4 Pollinators project"". https://doi.org/xxxxx"	HumanObservation	OutsideNatura2000	observation located outside Natura 2000 sites
LIFE4POLL2010	2024-05-25*	40.510402	23.079451	WGS84	Greece	GR	lowland	"visual observation|photograph|Barberis et al. (in press) ""Insect-flower interactions in the Mediterranean area: a Citizen Science dataset collated within the LIFE 4 Pollinators project"". https://doi.org/xxxxx"	HumanObservation	OutsideNatura2000	observation located outside Natura 2000 sites
LIFE4POLL2011	2024-05-25*	40.512956	23.079971	WGS84	Greece	GR	lowland	"visual observation|photograph|Barberis et al. (in press) ""Insect-flower interactions in the Mediterranean area: a Citizen Science dataset collated within the LIFE 4 Pollinators project"". https://doi.org/xxxxx"	HumanObservation	OutsideNatura2000	observation located outside Natura 2000 sites
LIFE4POLL2013	2024-05-25	40.510468	23.079887	WGS84	Greece	GR	lowland	"visual observation|photograph|Barberis et al. (in press) ""Insect-flower interactions in the Mediterranean area: a Citizen Science dataset collated within the LIFE 4 Pollinators project"". https://doi.org/xxxxx"	HumanObservation	OutsideNatura2000	observation located outside Natura 2000 sites
LIFE4POLL2014	2024-05-25	40.5107	23.080412	WGS84	Greece	GR	urban, lowland	"visual observation|photograph|Barberis et al. (in press) ""Insect-flower interactions in the Mediterranean area: a Citizen Science dataset collated within the LIFE 4 Pollinators project"". https://doi.org/xxxxx"	HumanObservation	OutsideNatura2000	observation located outside Natura 2000 sites
LIFE4POLL2018	2024-05-25*	40.51039	23.079452	WGS84	Greece	GR	lowland	"visual observation|photograph|Barberis et al. (in press) ""Insect-flower interactions in the Mediterranean area: a Citizen Science dataset collated within the LIFE 4 Pollinators project"". https://doi.org/xxxxx"	HumanObservation	OutsideNatura2000	observation located outside Natura 2000 sites
LIFE4POLL2019	2024-05-25	40.506916	23.083768	WGS84	Greece	GR	lowland	"visual observation|photograph|Barberis et al. (in press) ""Insect-flower interactions in the Mediterranean area: a Citizen Science dataset collated within the LIFE 4 Pollinators project"". https://doi.org/xxxxx"	HumanObservation	OutsideNatura2000	observation located outside Natura 2000 sites
LIFE4POLL2020	2024-05-25*	40.510457	23.079791	WGS84	Greece	GR	lowland	"visual observation|photograph|Barberis et al. (in press) ""Insect-flower interactions in the Mediterranean area: a Citizen Science dataset collated within the LIFE 4 Pollinators project"". https://doi.org/xxxxx"	HumanObservation	OutsideNatura2000	observation located outside Natura 2000 sites
LIFE4POLL2021	2024-05-25*	40.510412	23.0795	WGS84	Greece	GR	lowland	"visual observation|photograph|Barberis et al. (in press) ""Insect-flower interactions in the Mediterranean area: a Citizen Science dataset collated within the LIFE 4 Pollinators project"". https://doi.org/xxxxx"	HumanObservation	OutsideNatura2000	observation located outside Natura 2000 sites
LIFE4POLL2022	2024-05-25*	40.510389	23.079421	WGS84	Greece	GR	lowland	"visual observation|photograph|Barberis et al. (in press) ""Insect-flower interactions in the Mediterranean area: a Citizen Science dataset collated within the LIFE 4 Pollinators project"". https://doi.org/xxxxx"	HumanObservation	OutsideNatura2000	observation located outside Natura 2000 sites
LIFE4POLL2023	2024-05-25	40.510356	23.079395	WGS84	Greece	GR	lowland	"visual observation|photograph|Barberis et al. (in press) ""Insect-flower interactions in the Mediterranean area: a Citizen Science dataset collated within the LIFE 4 Pollinators project"". https://doi.org/xxxxx"	HumanObservation	OutsideNatura2000	observation located outside Natura 2000 sites
LIFE4POLL2024	2024-05-25*	40.510413	23.079584	WGS84	Greece	GR	lowland	"visual observation|photograph|Barberis et al. (in press) ""Insect-flower interactions in the Mediterranean area: a Citizen Science dataset collated within the LIFE 4 Pollinators project"". https://doi.org/xxxxx"	HumanObservation	OutsideNatura2000	observation located outside Natura 2000 sites
LIFE4POLL2025	2024-05-25*	na	na	na	na	na	na	"visual observation|photograph|Barberis et al. (in press) ""Insect-flower interactions in the Mediterranean area: a Citizen Science dataset collated within the LIFE 4 Pollinators project"". https://doi.org/xxxxx"	HumanObservation	na	observation without coordinates
LIFE4POLL2026	2024-05-25	40.510551	23.079955	WGS84	Greece	GR	periurban	"visual observation|photograph|Barberis et al. (in press) ""Insect-flower interactions in the Mediterranean area: a Citizen Science dataset collated within the LIFE 4 Pollinators project"". https://doi.org/xxxxx"	HumanObservation	OutsideNatura2000	observation located outside Natura 2000 sites
LIFE4POLL2028	2024-05-25*	40.510469	23.079795	WGS84	Greece	GR	lowland	"visual observation|photograph|Barberis et al. (in press) ""Insect-flower interactions in the Mediterranean area: a Citizen Science dataset collated within the LIFE 4 Pollinators project"". https://doi.org/xxxxx"	HumanObservation	OutsideNatura2000	observation located outside Natura 2000 sites
LIFE4POLL2029	2024-05-25*	na	na	na	na	na	lowland	"visual observation|photograph|Barberis et al. (in press) ""Insect-flower interactions in the Mediterranean area: a Citizen Science dataset collated within the LIFE 4 Pollinators project"". https://doi.org/xxxxx"	HumanObservation	na	observation without coordinates
LIFE4POLL2030	2024-05-25	40.510412	23.079599	WGS84	Greece	GR	lowland	"visual observation|photograph|Barberis et al. (in press) ""Insect-flower interactions in the Mediterranean area: a Citizen Science dataset collated within the LIFE 4 Pollinators project"". https://doi.org/xxxxx"	HumanObservation	OutsideNatura2000	observation located outside Natura 2000 sites
LIFE4POLL2031	2024-05-25*	40.510459	23.079799	WGS84	Greece	GR	lowland	"visual observation|photograph|Barberis et al. (in press) ""Insect-flower interactions in the Mediterranean area: a Citizen Science dataset collated within the LIFE 4 Pollinators project"". https://doi.org/xxxxx"	HumanObservation	OutsideNatura2000	observation located outside Natura 2000 sites
LIFE4POLL2032	2024-05-25	na	na	na	na	na	lowland	"visual observation|photograph|Barberis et al. (in press) ""Insect-flower interactions in the Mediterranean area: a Citizen Science dataset collated within the LIFE 4 Pollinators project"". https://doi.org/xxxxx"	HumanObservation	na	observation without coordinates
LIFE4POLL2033	2024-05-25*	40.510577	23.079922	WGS84	Greece	GR	lowland	"visual observation|photograph|Barberis et al. (in press) ""Insect-flower interactions in the Mediterranean area: a Citizen Science dataset collated within the LIFE 4 Pollinators project"". https://doi.org/xxxxx"	HumanObservation	OutsideNatura2000	observation located outside Natura 2000 sites
LIFE4POLL2034	2024-05-25	na	na	na	na	na	periurban	"visual observation|photograph|Barberis et al. (in press) ""Insect-flower interactions in the Mediterranean area: a Citizen Science dataset collated within the LIFE 4 Pollinators project"". https://doi.org/xxxxx"	HumanObservation	na	observation without coordinates
LIFE4POLL2035	2024-05-25*	na	na	na	na	na	na	"visual observation|photograph|Barberis et al. (in press) ""Insect-flower interactions in the Mediterranean area: a Citizen Science dataset collated within the LIFE 4 Pollinators project"". https://doi.org/xxxxx"	HumanObservation	na	observation without coordinates
LIFE4POLL2036	2024-05-25*	40.510577	23.079922	WGS84	Greece	GR	lowland	"visual observation|photograph|Barberis et al. (in press) ""Insect-flower interactions in the Mediterranean area: a Citizen Science dataset collated within the LIFE 4 Pollinators project"". https://doi.org/xxxxx"	HumanObservation	OutsideNatura2000	observation located outside Natura 2000 sites
LIFE4POLL2038	2024-05-25	40.510465	23.07981	WGS84	Greece	GR	lowland	"visual observation|photograph|Barberis et al. (in press) ""Insect-flower interactions in the Mediterranean area: a Citizen Science dataset collated within the LIFE 4 Pollinators project"". https://doi.org/xxxxx"	HumanObservation	OutsideNatura2000	observation located outside Natura 2000 sites
LIFE4POLL2039	2024-05-25*	40.510468	23.079887	WGS84	Greece	GR	lowland	"visual observation|photograph|Barberis et al. (in press) ""Insect-flower interactions in the Mediterranean area: a Citizen Science dataset collated within the LIFE 4 Pollinators project"". https://doi.org/xxxxx"	HumanObservation	OutsideNatura2000	observation located outside Natura 2000 sites
LIFE4POLL2040	2024-05-25	40.510479	23.079976	WGS84	Greece	GR	lowland	"visual observation|photograph|Barberis et al. (in press) ""Insect-flower interactions in the Mediterranean area: a Citizen Science dataset collated within the LIFE 4 Pollinators project"". https://doi.org/xxxxx"	HumanObservation	OutsideNatura2000	observation located outside Natura 2000 sites
LIFE4POLL2041	2024-05-25*	40.510468	23.079887	WGS84	Greece	GR	lowland	"visual observation|photograph|Barberis et al. (in press) ""Insect-flower interactions in the Mediterranean area: a Citizen Science dataset collated within the LIFE 4 Pollinators project"". https://doi.org/xxxxx"	HumanObservation	OutsideNatura2000	observation located outside Natura 2000 sites
LIFE4POLL2042	2024-05-25	40.499783	23.101416	WGS84	Greece	GR	lowland	"visual observation|photograph|Barberis et al. (in press) ""Insect-flower interactions in the Mediterranean area: a Citizen Science dataset collated within the LIFE 4 Pollinators project"". https://doi.org/xxxxx"	HumanObservation	OutsideNatura2000	observation located outside Natura 2000 sites
LIFE4POLL2043	2024-05-25*	40.510468	23.079887	WGS84	Greece	GR	lowland	"visual observation|photograph|Barberis et al. (in press) ""Insect-flower interactions in the Mediterranean area: a Citizen Science dataset collated within the LIFE 4 Pollinators project"". https://doi.org/xxxxx"	HumanObservation	OutsideNatura2000	observation located outside Natura 2000 sites
LIFE4POLL2045	2024-05-25*	40.510468	23.079887	WGS84	Greece	GR	lowland	"visual observation|photograph|Barberis et al. (in press) ""Insect-flower interactions in the Mediterranean area: a Citizen Science dataset collated within the LIFE 4 Pollinators project"". https://doi.org/xxxxx"	HumanObservation	OutsideNatura2000	observation located outside Natura 2000 sites
LIFE4POLL2046	2024-05-25*	40.510468	23.079887	WGS84	Greece	GR	lowland	"visual observation|photograph|Barberis et al. (in press) ""Insect-flower interactions in the Mediterranean area: a Citizen Science dataset collated within the LIFE 4 Pollinators project"". https://doi.org/xxxxx"	HumanObservation	OutsideNatura2000	observation located outside Natura 2000 sites
LIFE4POLL2048	2024-05-25	40.510466	23.079796	WGS84	Greece	GR	lowland	"visual observation|photograph|Barberis et al. (in press) ""Insect-flower interactions in the Mediterranean area: a Citizen Science dataset collated within the LIFE 4 Pollinators project"". https://doi.org/xxxxx"	HumanObservation	OutsideNatura2000	observation located outside Natura 2000 sites
LIFE4POLL2049	2024-05-25	40.510462	23.079869	WGS84	Greece	GR	lowland	"visual observation|photograph|Barberis et al. (in press) ""Insect-flower interactions in the Mediterranean area: a Citizen Science dataset collated within the LIFE 4 Pollinators project"". https://doi.org/xxxxx"	HumanObservation	OutsideNatura2000	observation located outside Natura 2000 sites
LIFE4POLL2050	2024-05-25	40.504505	23.080734	WGS84	Greece	GR	lowland	"visual observation|photograph|Barberis et al. (in press) ""Insect-flower interactions in the Mediterranean area: a Citizen Science dataset collated within the LIFE 4 Pollinators project"". https://doi.org/xxxxx"	HumanObservation	OutsideNatura2000	observation located outside Natura 2000 sites
LIFE4POLL2051	2024-05-25*	40.510466	23.079796	WGS84	Greece	GR	lowland	"visual observation|photograph|Barberis et al. (in press) ""Insect-flower interactions in the Mediterranean area: a Citizen Science dataset collated within the LIFE 4 Pollinators project"". https://doi.org/xxxxx"	HumanObservation	OutsideNatura2000	observation located outside Natura 2000 sites
LIFE4POLL2052	2024-05-25	40.510465	23.079869	WGS84	Greece	GR	lowland	"visual observation|photograph|Barberis et al. (in press) ""Insect-flower interactions in the Mediterranean area: a Citizen Science dataset collated within the LIFE 4 Pollinators project"". https://doi.org/xxxxx"	HumanObservation	OutsideNatura2000	observation located outside Natura 2000 sites
LIFE4POLL2053	2024-05-25*	40.510472	23.079837	WGS84	Greece	GR	lowland	"visual observation|photograph|Barberis et al. (in press) ""Insect-flower interactions in the Mediterranean area: a Citizen Science dataset collated within the LIFE 4 Pollinators project"". https://doi.org/xxxxx"	HumanObservation	OutsideNatura2000	observation located outside Natura 2000 sites
LIFE4POLL2054	2024-05-25	40.504505	23.080734	WGS84	Greece	GR	lowland	"visual observation|photograph|Barberis et al. (in press) ""Insect-flower interactions in the Mediterranean area: a Citizen Science dataset collated within the LIFE 4 Pollinators project"". https://doi.org/xxxxx"	HumanObservation	OutsideNatura2000	observation located outside Natura 2000 sites
LIFE4POLL2055	2024-05-25	40.510467	23.079857	WGS84	Greece	GR	lowland	"visual observation|photograph|Barberis et al. (in press) ""Insect-flower interactions in the Mediterranean area: a Citizen Science dataset collated within the LIFE 4 Pollinators project"". https://doi.org/xxxxx"	HumanObservation	OutsideNatura2000	observation located outside Natura 2000 sites
LIFE4POLL2057	2024-05-25	40.510466	23.079796	WGS84	Greece	GR	lowland	"visual observation|photograph|Barberis et al. (in press) ""Insect-flower interactions in the Mediterranean area: a Citizen Science dataset collated within the LIFE 4 Pollinators project"". https://doi.org/xxxxx"	HumanObservation	OutsideNatura2000	observation located outside Natura 2000 sites
LIFE4POLL2058	2024-05-25	40.504505	23.080734	WGS84	Greece	GR	lowland	"visual observation|photograph|Barberis et al. (in press) ""Insect-flower interactions in the Mediterranean area: a Citizen Science dataset collated within the LIFE 4 Pollinators project"". https://doi.org/xxxxx"	HumanObservation	OutsideNatura2000	observation located outside Natura 2000 sites
LIFE4POLL2059	2024-05-25	40.504505	23.080734	WGS84	Greece	GR	lowland	"visual observation|photograph|Barberis et al. (in press) ""Insect-flower interactions in the Mediterranean area: a Citizen Science dataset collated within the LIFE 4 Pollinators project"". https://doi.org/xxxxx"	HumanObservation	OutsideNatura2000	observation located outside Natura 2000 sites
LIFE4POLL2060	2024-05-25	40.510475	23.079938	WGS84	Greece	GR	lowland	"visual observation|photograph|Barberis et al. (in press) ""Insect-flower interactions in the Mediterranean area: a Citizen Science dataset collated within the LIFE 4 Pollinators project"". https://doi.org/xxxxx"	HumanObservation	OutsideNatura2000	observation located outside Natura 2000 sites
LIFE4POLL2061	2024-05-25	40.510469	23.079838	WGS84	Greece	GR	lowland	"visual observation|photograph|Barberis et al. (in press) ""Insect-flower interactions in the Mediterranean area: a Citizen Science dataset collated within the LIFE 4 Pollinators project"". https://doi.org/xxxxx"	HumanObservation	OutsideNatura2000	observation located outside Natura 2000 sites
LIFE4POLL2062	2024-05-25	40.505072	23.08264	WGS84	Greece	GR	lowland	"visual observation|photograph|Barberis et al. (in press) ""Insect-flower interactions in the Mediterranean area: a Citizen Science dataset collated within the LIFE 4 Pollinators project"". https://doi.org/xxxxx"	HumanObservation	OutsideNatura2000	observation located outside Natura 2000 sites
LIFE4POLL2064	2024-05-25	40.505203	23.08279	WGS84	Greece	GR	lowland	"visual observation|photograph|Barberis et al. (in press) ""Insect-flower interactions in the Mediterranean area: a Citizen Science dataset collated within the LIFE 4 Pollinators project"". https://doi.org/xxxxx"	HumanObservation	OutsideNatura2000	observation located outside Natura 2000 sites
LIFE4POLL2066	2024-05-25	40.505194	23.082888	WGS84	Greece	GR	lowland	"visual observation|photograph|Barberis et al. (in press) ""Insect-flower interactions in the Mediterranean area: a Citizen Science dataset collated within the LIFE 4 Pollinators project"". https://doi.org/xxxxx"	HumanObservation	OutsideNatura2000	observation located outside Natura 2000 sites
LIFE4POLL2067	2024-05-25	40.504994	23.082481	WGS84	Greece	GR	lowland	"visual observation|photograph|Barberis et al. (in press) ""Insect-flower interactions in the Mediterranean area: a Citizen Science dataset collated within the LIFE 4 Pollinators project"". https://doi.org/xxxxx"	HumanObservation	OutsideNatura2000	observation located outside Natura 2000 sites
LIFE4POLL2068	2024-05-25*	40.510531	23.079961	WGS84	Greece	GR	lowland	"visual observation|photograph|Barberis et al. (in press) ""Insect-flower interactions in the Mediterranean area: a Citizen Science dataset collated within the LIFE 4 Pollinators project"". https://doi.org/xxxxx"	HumanObservation	OutsideNatura2000	observation located outside Natura 2000 sites
LIFE4POLL2070	2024-05-25	40.510471	23.079942	WGS84	Greece	GR	lowland	"visual observation|photograph|Barberis et al. (in press) ""Insect-flower interactions in the Mediterranean area: a Citizen Science dataset collated within the LIFE 4 Pollinators project"". https://doi.org/xxxxx"	HumanObservation	OutsideNatura2000	observation located outside Natura 2000 sites
LIFE4POLL2071	2024-05-25	40.505246	23.08223	WGS84	Greece	GR	lowland	"visual observation|photograph|Barberis et al. (in press) ""Insect-flower interactions in the Mediterranean area: a Citizen Science dataset collated within the LIFE 4 Pollinators project"". https://doi.org/xxxxx"	HumanObservation	OutsideNatura2000	observation located outside Natura 2000 sites
LIFE4POLL2072	2024-05-25	40.510531	23.079961	WGS84	Greece	GR	lowland	"visual observation|photograph|Barberis et al. (in press) ""Insect-flower interactions in the Mediterranean area: a Citizen Science dataset collated within the LIFE 4 Pollinators project"". https://doi.org/xxxxx"	HumanObservation	OutsideNatura2000	observation located outside Natura 2000 sites
LIFE4POLL2075	2024-05-25	40.505159	23.082218	WGS84	Greece	GR	lowland	"visual observation|photograph|Barberis et al. (in press) ""Insect-flower interactions in the Mediterranean area: a Citizen Science dataset collated within the LIFE 4 Pollinators project"". https://doi.org/xxxxx"	HumanObservation	OutsideNatura2000	observation located outside Natura 2000 sites
LIFE4POLL2077	2024-05-25*	40.510452	23.079776	WGS84	Greece	GR	lowland	"visual observation|photograph|Barberis et al. (in press) ""Insect-flower interactions in the Mediterranean area: a Citizen Science dataset collated within the LIFE 4 Pollinators project"". https://doi.org/xxxxx"	HumanObservation	OutsideNatura2000	observation located outside Natura 2000 sites
LIFE4POLL2078	2024-05-25*	40.506947	23.084364	WGS84	Greece	GR	lowland	"visual observation|photograph|Barberis et al. (in press) ""Insect-flower interactions in the Mediterranean area: a Citizen Science dataset collated within the LIFE 4 Pollinators project"". https://doi.org/xxxxx"	HumanObservation	OutsideNatura2000	observation located outside Natura 2000 sites
LIFE4POLL2081	2024-05-25*	40.507274	23.083763	WGS84	Greece	GR	lowland	"visual observation|photograph|Barberis et al. (in press) ""Insect-flower interactions in the Mediterranean area: a Citizen Science dataset collated within the LIFE 4 Pollinators project"". https://doi.org/xxxxx"	HumanObservation	OutsideNatura2000	observation located outside Natura 2000 sites
LIFE4POLL2082	2024-05-25*	40.508231	23.08445	WGS84	Greece	GR	lowland	"visual observation|photograph|Barberis et al. (in press) ""Insect-flower interactions in the Mediterranean area: a Citizen Science dataset collated within the LIFE 4 Pollinators project"". https://doi.org/xxxxx"	HumanObservation	OutsideNatura2000	observation located outside Natura 2000 sites
LIFE4POLL2084	2024-05-25*	40.507469	23.08485	WGS84	Greece	GR	lowland	"visual observation|photograph|Barberis et al. (in press) ""Insect-flower interactions in the Mediterranean area: a Citizen Science dataset collated within the LIFE 4 Pollinators project"". https://doi.org/xxxxx"	HumanObservation	OutsideNatura2000	observation located outside Natura 2000 sites
LIFE4POLL2085	2024-05-25*	40.507535	23.083992	WGS84	Greece	GR	lowland	"visual observation|photograph|Barberis et al. (in press) ""Insect-flower interactions in the Mediterranean area: a Citizen Science dataset collated within the LIFE 4 Pollinators project"". https://doi.org/xxxxx"	HumanObservation	OutsideNatura2000	observation located outside Natura 2000 sites
LIFE4POLL2086	2024-05-25	40.614959	22.983595	WGS84	Greece	GR	periurban	"visual observation|photograph|Barberis et al. (in press) ""Insect-flower interactions in the Mediterranean area: a Citizen Science dataset collated within the LIFE 4 Pollinators project"". https://doi.org/xxxxx"	HumanObservation	OutsideNatura2000	observation located outside Natura 2000 sites
LIFE4POLL2087	2024-05-25	40.509901	23.079531	WGS84	Greece	GR	lowland	"visual observation|photograph|Barberis et al. (in press) ""Insect-flower interactions in the Mediterranean area: a Citizen Science dataset collated within the LIFE 4 Pollinators project"". https://doi.org/xxxxx"	HumanObservation	OutsideNatura2000	observation located outside Natura 2000 sites
LIFE4POLL2089	2024-05-27*	40.509901	23.079531	WGS84	Greece	GR	periurban	"visual observation|photograph|Barberis et al. (in press) ""Insect-flower interactions in the Mediterranean area: a Citizen Science dataset collated within the LIFE 4 Pollinators project"". https://doi.org/xxxxx"	HumanObservation	OutsideNatura2000	observation located outside Natura 2000 sites
LIFE4POLL2090	2024-05-25	40.509901	23.079531	WGS84	Greece	GR	periurban	"visual observation|photograph|Barberis et al. (in press) ""Insect-flower interactions in the Mediterranean area: a Citizen Science dataset collated within the LIFE 4 Pollinators project"". https://doi.org/xxxxx"	HumanObservation	OutsideNatura2000	observation located outside Natura 2000 sites
LIFE4POLL2091	2024-05-25	40.509901	23.079531	WGS84	Greece	GR	periurban	"visual observation|photograph|Barberis et al. (in press) ""Insect-flower interactions in the Mediterranean area: a Citizen Science dataset collated within the LIFE 4 Pollinators project"". https://doi.org/xxxxx"	HumanObservation	OutsideNatura2000	observation located outside Natura 2000 sites
LIFE4POLL2092	2024-05-25	40.509901	23.079531	WGS84	Greece	GR	periurban	"visual observation|photograph|Barberis et al. (in press) ""Insect-flower interactions in the Mediterranean area: a Citizen Science dataset collated within the LIFE 4 Pollinators project"". https://doi.org/xxxxx"	HumanObservation	OutsideNatura2000	observation located outside Natura 2000 sites
LIFE4POLL2093	2024-05-27*	40.39496	22.539878	WGS84	Greece	GR	hills	"visual observation|photograph|Barberis et al. (in press) ""Insect-flower interactions in the Mediterranean area: a Citizen Science dataset collated within the LIFE 4 Pollinators project"". https://doi.org/xxxxx"	HumanObservation	OutsideNatura2000	observation located outside Natura 2000 sites
LIFE4POLL2094	2024-05-27*	40.39496	22.539878	WGS84	Greece	GR	hills	"visual observation|photograph|Barberis et al. (in press) ""Insect-flower interactions in the Mediterranean area: a Citizen Science dataset collated within the LIFE 4 Pollinators project"". https://doi.org/xxxxx"	HumanObservation	OutsideNatura2000	observation located outside Natura 2000 sites
LIFE4POLL2095	2024-05-27*	40.39496	22.539878	WGS84	Greece	GR	hills	"visual observation|photograph|Barberis et al. (in press) ""Insect-flower interactions in the Mediterranean area: a Citizen Science dataset collated within the LIFE 4 Pollinators project"". https://doi.org/xxxxx"	HumanObservation	OutsideNatura2000	observation located outside Natura 2000 sites
LIFE4POLL2096	2024-05-27*	40.583501	22.9448	WGS84	Greece	GR	periurban, seaside	"visual observation|photograph|Barberis et al. (in press) ""Insect-flower interactions in the Mediterranean area: a Citizen Science dataset collated within the LIFE 4 Pollinators project"". https://doi.org/xxxxx"	HumanObservation	OutsideNatura2000	observation located outside Natura 2000 sites
LIFE4POLL2097	2024-05-27*	40.583464	22.944903	WGS84	Greece	GR	periurban, seaside	"visual observation|photograph|Barberis et al. (in press) ""Insect-flower interactions in the Mediterranean area: a Citizen Science dataset collated within the LIFE 4 Pollinators project"". https://doi.org/xxxxx"	HumanObservation	OutsideNatura2000	observation located outside Natura 2000 sites
LIFE4POLL2098	2024-05-27*	40.58124	22.953334	WGS84	Greece	GR	periurban, seaside	"visual observation|photograph|Barberis et al. (in press) ""Insect-flower interactions in the Mediterranean area: a Citizen Science dataset collated within the LIFE 4 Pollinators project"". https://doi.org/xxxxx"	HumanObservation	OutsideNatura2000	observation located outside Natura 2000 sites
LIFE4POLL2101	2024-05-29	40.666695	22.801996	WGS84	Greece	GR	urban	"visual observation|photograph|Barberis et al. (in press) ""Insect-flower interactions in the Mediterranean area: a Citizen Science dataset collated within the LIFE 4 Pollinators project"". https://doi.org/xxxxx"	HumanObservation	OutsideNatura2000	observation located outside Natura 2000 sites
LIFE4POLL2103	2024-05-19	44.500232	11.353394	WGS84	Italy	IT	urban	"visual observation|photograph|Barberis et al. (in press) ""Insect-flower interactions in the Mediterranean area: a Citizen Science dataset collated within the LIFE 4 Pollinators project"". https://doi.org/xxxxx"	HumanObservation	OutsideNatura2000	observation located outside Natura 2000 sites
LIFE4POLL2104	2024-05-31*	44.500485	11.353801	WGS84	Italy	IT	urban	"visual observation|photograph|Barberis et al. (in press) ""Insect-flower interactions in the Mediterranean area: a Citizen Science dataset collated within the LIFE 4 Pollinators project"". https://doi.org/xxxxx"	HumanObservation	OutsideNatura2000	observation located outside Natura 2000 sites
LIFE4POLL2105	2024-05-19	44.500255	11.353544	WGS84	Italy	IT	urban	"visual observation|photograph|Barberis et al. (in press) ""Insect-flower interactions in the Mediterranean area: a Citizen Science dataset collated within the LIFE 4 Pollinators project"". https://doi.org/xxxxx"	HumanObservation	OutsideNatura2000	observation located outside Natura 2000 sites
LIFE4POLL2106	2024-05-19	44.500179	11.353426	WGS84	Italy	IT	urban	"visual observation|photograph|Barberis et al. (in press) ""Insect-flower interactions in the Mediterranean area: a Citizen Science dataset collated within the LIFE 4 Pollinators project"". https://doi.org/xxxxx"	HumanObservation	OutsideNatura2000	observation located outside Natura 2000 sites
LIFE4POLL2107	2024-05-19	44.500224	11.353469	WGS84	Italy	IT	urban	"visual observation|photograph|Barberis et al. (in press) ""Insect-flower interactions in the Mediterranean area: a Citizen Science dataset collated within the LIFE 4 Pollinators project"". https://doi.org/xxxxx"	HumanObservation	OutsideNatura2000	observation located outside Natura 2000 sites
LIFE4POLL2108	2024-05-19	44.500056	11.353533	WGS84	Italy	IT	urban	"visual observation|photograph|Barberis et al. (in press) ""Insect-flower interactions in the Mediterranean area: a Citizen Science dataset collated within the LIFE 4 Pollinators project"". https://doi.org/xxxxx"	HumanObservation	OutsideNatura2000	observation located outside Natura 2000 sites
LIFE4POLL2109	2024-03-09	41.74818	12.887389	WGS84	Italy	IT	hills	"visual observation|photograph|Barberis et al. (in press) ""Insect-flower interactions in the Mediterranean area: a Citizen Science dataset collated within the LIFE 4 Pollinators project"". https://doi.org/xxxxx"	HumanObservation	OutsideNatura2000	observation located outside Natura 2000 sites
LIFE4POLL2110	2024-05-31*	40.206978	23.320815	WGS84	Greece	GR	periurban, seaside	"visual observation|photograph|Barberis et al. (in press) ""Insect-flower interactions in the Mediterranean area: a Citizen Science dataset collated within the LIFE 4 Pollinators project"". https://doi.org/xxxxx"	HumanObservation	OutsideNatura2000	observation located outside Natura 2000 sites
LIFE4POLL2111	2024-05-31*	40.206978	23.320815	WGS84	Greece	GR	periurban, seaside	"visual observation|photograph|Barberis et al. (in press) ""Insect-flower interactions in the Mediterranean area: a Citizen Science dataset collated within the LIFE 4 Pollinators project"". https://doi.org/xxxxx"	HumanObservation	OutsideNatura2000	observation located outside Natura 2000 sites
LIFE4POLL2112	2024-06-01	40.20647	23.320158	WGS84	Greece	GR	seaside	"visual observation|photograph|Barberis et al. (in press) ""Insect-flower interactions in the Mediterranean area: a Citizen Science dataset collated within the LIFE 4 Pollinators project"". https://doi.org/xxxxx"	HumanObservation	OutsideNatura2000	observation located outside Natura 2000 sites
LIFE4POLL2113	2024-06-01	40.20647	23.320158	WGS84	Greece	GR	seaside	"visual observation|photograph|Barberis et al. (in press) ""Insect-flower interactions in the Mediterranean area: a Citizen Science dataset collated within the LIFE 4 Pollinators project"". https://doi.org/xxxxx"	HumanObservation	OutsideNatura2000	observation located outside Natura 2000 sites
LIFE4POLL2114	2024-05-30	37.503811	15.053072	WGS84	Italy	IT	urban	"visual observation|photograph|Barberis et al. (in press) ""Insect-flower interactions in the Mediterranean area: a Citizen Science dataset collated within the LIFE 4 Pollinators project"". https://doi.org/xxxxx"	HumanObservation	OutsideNatura2000	observation located outside Natura 2000 sites
LIFE4POLL2115	2024-06-01*	44.040725	12.472991	WGS84	Italy	IT	lowland	"visual observation|photograph|Barberis et al. (in press) ""Insect-flower interactions in the Mediterranean area: a Citizen Science dataset collated within the LIFE 4 Pollinators project"". https://doi.org/xxxxx"	HumanObservation	OutsideNatura2000	observation located outside Natura 2000 sites
LIFE4POLL2116	2024-06-02	37.301914	15.053329	WGS84	Italy	IT	urban	"visual observation|photograph|Barberis et al. (in press) ""Insect-flower interactions in the Mediterranean area: a Citizen Science dataset collated within the LIFE 4 Pollinators project"". https://doi.org/xxxxx"	HumanObservation	OutsideNatura2000	observation located outside Natura 2000 sites
LIFE4POLL2118	2024-05-27	37.866181	21.30249	WGS84	Greece	GR	urban	"visual observation|photograph|Barberis et al. (in press) ""Insect-flower interactions in the Mediterranean area: a Citizen Science dataset collated within the LIFE 4 Pollinators project"". https://doi.org/xxxxx"	HumanObservation	OutsideNatura2000	observation located outside Natura 2000 sites
LIFE4POLL2120	2024-06-07*	39.833603	20.732971	WGS84	Greece	GR	lowland	"visual observation|photograph|Barberis et al. (in press) ""Insect-flower interactions in the Mediterranean area: a Citizen Science dataset collated within the LIFE 4 Pollinators project"". https://doi.org/xxxxx"	HumanObservation	GR2130011	observation located in Natura 2000 site with code GR2130011
LIFE4POLL2121	2024-06-07*	na	na	na	na	na	mountain	"visual observation|photograph|Barberis et al. (in press) ""Insect-flower interactions in the Mediterranean area: a Citizen Science dataset collated within the LIFE 4 Pollinators project"". https://doi.org/xxxxx"	HumanObservation	GR2130011	observation located in Natura 2000 site with code GR2130011
LIFE4POLL2122	2024-06-07	39.843686	20.7317	WGS84	Greece	GR	mountain	"visual observation|photograph|Barberis et al. (in press) ""Insect-flower interactions in the Mediterranean area: a Citizen Science dataset collated within the LIFE 4 Pollinators project"". https://doi.org/xxxxx"	HumanObservation	GR2130011	observation located in Natura 2000 site with code GR2130011
LIFE4POLL2123	2024-06-07*	na	na	na	na	na	mountain	"visual observation|photograph|Barberis et al. (in press) ""Insect-flower interactions in the Mediterranean area: a Citizen Science dataset collated within the LIFE 4 Pollinators project"". https://doi.org/xxxxx"	HumanObservation	GR2130011	observation located in Natura 2000 site with code GR2130011
LIFE4POLL2124	2024-06-07	39.844684	20.730907	WGS84	Greece	GR	mountain	"visual observation|photograph|Barberis et al. (in press) ""Insect-flower interactions in the Mediterranean area: a Citizen Science dataset collated within the LIFE 4 Pollinators project"". https://doi.org/xxxxx"	HumanObservation	GR2130011	observation located in Natura 2000 site with code GR2130011
LIFE4POLL2125	2024-06-07	39.833354	20.731438	WGS84	Greece	GR	mountain	"visual observation|photograph|Barberis et al. (in press) ""Insect-flower interactions in the Mediterranean area: a Citizen Science dataset collated within the LIFE 4 Pollinators project"". https://doi.org/xxxxx"	HumanObservation	GR2130011	observation located in Natura 2000 site with code GR2130011
LIFE4POLL2126	2024-06-07	39.833335	20.731356	WGS84	Greece	GR	mountain	"visual observation|photograph|Barberis et al. (in press) ""Insect-flower interactions in the Mediterranean area: a Citizen Science dataset collated within the LIFE 4 Pollinators project"". https://doi.org/xxxxx"	HumanObservation	GR2130011	observation located in Natura 2000 site with code GR2130011
LIFE4POLL2127	2024-06-07	39.833356	20.731888	WGS84	Greece	GR	mountain	"visual observation|photograph|Barberis et al. (in press) ""Insect-flower interactions in the Mediterranean area: a Citizen Science dataset collated within the LIFE 4 Pollinators project"". https://doi.org/xxxxx"	HumanObservation	GR2130011	observation located in Natura 2000 site with code GR2130011
LIFE4POLL2128	2024-06-07	39.832419	20.7304	WGS84	Greece	GR	mountain	"visual observation|photograph|Barberis et al. (in press) ""Insect-flower interactions in the Mediterranean area: a Citizen Science dataset collated within the LIFE 4 Pollinators project"". https://doi.org/xxxxx"	HumanObservation	GR2130011	observation located in Natura 2000 site with code GR2130011
LIFE4POLL2130	2024-06-07	39.833677	20.732907	WGS84	Greece	GR	mountain	"visual observation|photograph|Barberis et al. (in press) ""Insect-flower interactions in the Mediterranean area: a Citizen Science dataset collated within the LIFE 4 Pollinators project"". https://doi.org/xxxxx"	HumanObservation	GR2130011	observation located in Natura 2000 site with code GR2130011
LIFE4POLL2131	2024-06-07	39.833603	20.732971	WGS84	Greece	GR	mountain	"visual observation|photograph|Barberis et al. (in press) ""Insect-flower interactions in the Mediterranean area: a Citizen Science dataset collated within the LIFE 4 Pollinators project"". https://doi.org/xxxxx"	HumanObservation	GR2130011	observation located in Natura 2000 site with code GR2130011
LIFE4POLL2132	2024-06-07	39.833792	20.73265	WGS84	Greece	GR	mountain	"visual observation|photograph|Barberis et al. (in press) ""Insect-flower interactions in the Mediterranean area: a Citizen Science dataset collated within the LIFE 4 Pollinators project"". https://doi.org/xxxxx"	HumanObservation	GR2130011	observation located in Natura 2000 site with code GR2130011
LIFE4POLL2133	2024-06-07	39.833221	20.732735	WGS84	Greece	GR	mountain	"visual observation|photograph|Barberis et al. (in press) ""Insect-flower interactions in the Mediterranean area: a Citizen Science dataset collated within the LIFE 4 Pollinators project"". https://doi.org/xxxxx"	HumanObservation	GR2130011	observation located in Natura 2000 site with code GR2130011
LIFE4POLL2136	2024-06-07	39.833641	20.733965	WGS84	Greece	GR	mountain	"visual observation|photograph|Barberis et al. (in press) ""Insect-flower interactions in the Mediterranean area: a Citizen Science dataset collated within the LIFE 4 Pollinators project"". https://doi.org/xxxxx"	HumanObservation	GR2130011	observation located in Natura 2000 site with code GR2130011
LIFE4POLL2137	2024-06-07	39.833641	20.733965	WGS84	Greece	GR	mountain	"visual observation|photograph|Barberis et al. (in press) ""Insect-flower interactions in the Mediterranean area: a Citizen Science dataset collated within the LIFE 4 Pollinators project"". https://doi.org/xxxxx"	HumanObservation	GR2130011	observation located in Natura 2000 site with code GR2130011
LIFE4POLL2138	2024-06-07	39.833641	20.733965	WGS84	Greece	GR	mountain	"visual observation|photograph|Barberis et al. (in press) ""Insect-flower interactions in the Mediterranean area: a Citizen Science dataset collated within the LIFE 4 Pollinators project"". https://doi.org/xxxxx"	HumanObservation	GR2130011	observation located in Natura 2000 site with code GR2130011
LIFE4POLL2140	2024-06-07	39.833641	20.733965	WGS84	Greece	GR	mountain	"visual observation|photograph|Barberis et al. (in press) ""Insect-flower interactions in the Mediterranean area: a Citizen Science dataset collated within the LIFE 4 Pollinators project"". https://doi.org/xxxxx"	HumanObservation	GR2130011	observation located in Natura 2000 site with code GR2130011
LIFE4POLL2141	2024-06-07	39.833641	20.733965	WGS84	Greece	GR	mountain	"visual observation|photograph|Barberis et al. (in press) ""Insect-flower interactions in the Mediterranean area: a Citizen Science dataset collated within the LIFE 4 Pollinators project"". https://doi.org/xxxxx"	HumanObservation	GR2130011	observation located in Natura 2000 site with code GR2130011
LIFE4POLL2142	2024-06-07	39.833641	20.733965	WGS84	Greece	GR	mountain	"visual observation|photograph|Barberis et al. (in press) ""Insect-flower interactions in the Mediterranean area: a Citizen Science dataset collated within the LIFE 4 Pollinators project"". https://doi.org/xxxxx"	HumanObservation	GR2130011	observation located in Natura 2000 site with code GR2130011
LIFE4POLL2143	2024-06-07	39.833641	20.733965	WGS84	Greece	GR	mountain	"visual observation|photograph|Barberis et al. (in press) ""Insect-flower interactions in the Mediterranean area: a Citizen Science dataset collated within the LIFE 4 Pollinators project"". https://doi.org/xxxxx"	HumanObservation	GR2130011	observation located in Natura 2000 site with code GR2130011
LIFE4POLL2144	2024-06-07	39.833641	20.733965	WGS84	Greece	GR	mountain	"visual observation|photograph|Barberis et al. (in press) ""Insect-flower interactions in the Mediterranean area: a Citizen Science dataset collated within the LIFE 4 Pollinators project"". https://doi.org/xxxxx"	HumanObservation	GR2130011	observation located in Natura 2000 site with code GR2130011
LIFE4POLL2145	2024-06-07	39.833641	20.733965	WGS84	Greece	GR	mountain	"visual observation|photograph|Barberis et al. (in press) ""Insect-flower interactions in the Mediterranean area: a Citizen Science dataset collated within the LIFE 4 Pollinators project"". https://doi.org/xxxxx"	HumanObservation	GR2130011	observation located in Natura 2000 site with code GR2130011
LIFE4POLL2146	2024-06-07	39.833641	20.733965	WGS84	Greece	GR	mountain	"visual observation|photograph|Barberis et al. (in press) ""Insect-flower interactions in the Mediterranean area: a Citizen Science dataset collated within the LIFE 4 Pollinators project"". https://doi.org/xxxxx"	HumanObservation	GR2130011	observation located in Natura 2000 site with code GR2130011
LIFE4POLL2147	2024-06-07	39.833641	20.733965	WGS84	Greece	GR	mountain	"visual observation|photograph|Barberis et al. (in press) ""Insect-flower interactions in the Mediterranean area: a Citizen Science dataset collated within the LIFE 4 Pollinators project"". https://doi.org/xxxxx"	HumanObservation	GR2130011	observation located in Natura 2000 site with code GR2130011
LIFE4POLL2148	2024-06-07	39.833641	20.733965	WGS84	Greece	GR	mountain	"visual observation|photograph|Barberis et al. (in press) ""Insect-flower interactions in the Mediterranean area: a Citizen Science dataset collated within the LIFE 4 Pollinators project"". https://doi.org/xxxxx"	HumanObservation	GR2130011	observation located in Natura 2000 site with code GR2130011
LIFE4POLL2149	2024-06-07	39.833641	20.733965	WGS84	Greece	GR	mountain	"visual observation|photograph|Barberis et al. (in press) ""Insect-flower interactions in the Mediterranean area: a Citizen Science dataset collated within the LIFE 4 Pollinators project"". https://doi.org/xxxxx"	HumanObservation	GR2130011	observation located in Natura 2000 site with code GR2130011
LIFE4POLL2150	2024-06-07	39.833641	20.733965	WGS84	Greece	GR	mountain	"visual observation|photograph|Barberis et al. (in press) ""Insect-flower interactions in the Mediterranean area: a Citizen Science dataset collated within the LIFE 4 Pollinators project"". https://doi.org/xxxxx"	HumanObservation	GR2130011	observation located in Natura 2000 site with code GR2130011
LIFE4POLL2152	2024-06-08	na	na	na	na	na	seaside	"visual observation|photograph|Barberis et al. (in press) ""Insect-flower interactions in the Mediterranean area: a Citizen Science dataset collated within the LIFE 4 Pollinators project"". https://doi.org/xxxxx"	HumanObservation	na	observation without coordinates
LIFE4POLL2153	2024-06-08*	44.412532	11.263046	WGS84	Italy	IT	hills	"visual observation|photograph|Barberis et al. (in press) ""Insect-flower interactions in the Mediterranean area: a Citizen Science dataset collated within the LIFE 4 Pollinators project"". https://doi.org/xxxxx"	HumanObservation	OutsideNatura2000	observation located outside Natura 2000 sites
LIFE4POLL2157	2024-06-10	40.58101	22.954671	WGS84	Greece	GR	urban	"visual observation|photograph|Barberis et al. (in press) ""Insect-flower interactions in the Mediterranean area: a Citizen Science dataset collated within the LIFE 4 Pollinators project"". https://doi.org/xxxxx"	HumanObservation	OutsideNatura2000	observation located outside Natura 2000 sites
LIFE4POLL2158	2024-05-13	41.585498	26.545177	WGS84	Greece	GR	lowland	"visual observation|photograph|Barberis et al. (in press) ""Insect-flower interactions in the Mediterranean area: a Citizen Science dataset collated within the LIFE 4 Pollinators project"". https://doi.org/xxxxx"	HumanObservation	OutsideNatura2000	observation located outside Natura 2000 sites
LIFE4POLL2159	2024-06-11*	na	na	na	na	na	urban	"visual observation|photograph|Barberis et al. (in press) ""Insect-flower interactions in the Mediterranean area: a Citizen Science dataset collated within the LIFE 4 Pollinators project"". https://doi.org/xxxxx"	HumanObservation	na	observation without coordinates
LIFE4POLL2160	2024-06-06	na	na	na	na	na	urban	"visual observation|photograph|Barberis et al. (in press) ""Insect-flower interactions in the Mediterranean area: a Citizen Science dataset collated within the LIFE 4 Pollinators project"". https://doi.org/xxxxx"	HumanObservation	na	observation without coordinates
LIFE4POLL2161	2024-06-12*	na	na	na	na	na	urban	"visual observation|photograph|Barberis et al. (in press) ""Insect-flower interactions in the Mediterranean area: a Citizen Science dataset collated within the LIFE 4 Pollinators project"". https://doi.org/xxxxx"	HumanObservation	na	observation without coordinates
LIFE4POLL2162	2024-06-15	na	na	na	na	na	urban	"visual observation|photograph|Barberis et al. (in press) ""Insect-flower interactions in the Mediterranean area: a Citizen Science dataset collated within the LIFE 4 Pollinators project"". https://doi.org/xxxxx"	HumanObservation	na	observation without coordinates
LIFE4POLL2164	2023-06-18	44.453986	11.38274	WGS84	Italy	IT	hills	"visual observation|photograph|Barberis et al. (in press) ""Insect-flower interactions in the Mediterranean area: a Citizen Science dataset collated within the LIFE 4 Pollinators project"". https://doi.org/xxxxx"	HumanObservation	OutsideNatura2000	observation located outside Natura 2000 sites
LIFE4POLL2165	2023-06-18	44.453858	11.382514	WGS84	Italy	IT	hills	"visual observation|photograph|Barberis et al. (in press) ""Insect-flower interactions in the Mediterranean area: a Citizen Science dataset collated within the LIFE 4 Pollinators project"". https://doi.org/xxxxx"	HumanObservation	OutsideNatura2000	observation located outside Natura 2000 sites
LIFE4POLL2166	2023-06-17	44.499186	11.205122	WGS84	Italy	IT	lowland	"visual observation|photograph|Barberis et al. (in press) ""Insect-flower interactions in the Mediterranean area: a Citizen Science dataset collated within the LIFE 4 Pollinators project"". https://doi.org/xxxxx"	HumanObservation	OutsideNatura2000	observation located outside Natura 2000 sites
LIFE4POLL2167	2023-06-17	44.498308	11.203664	WGS84	Italy	IT	lowland	"visual observation|photograph|Barberis et al. (in press) ""Insect-flower interactions in the Mediterranean area: a Citizen Science dataset collated within the LIFE 4 Pollinators project"". https://doi.org/xxxxx"	HumanObservation	OutsideNatura2000	observation located outside Natura 2000 sites
LIFE4POLL2168	2023-06-17	44.499188	11.205088	WGS84	Italy	IT	lowland	"visual observation|photograph|Barberis et al. (in press) ""Insect-flower interactions in the Mediterranean area: a Citizen Science dataset collated within the LIFE 4 Pollinators project"". https://doi.org/xxxxx"	HumanObservation	OutsideNatura2000	observation located outside Natura 2000 sites
LIFE4POLL2169	2023-06-12	44.651958	10.892847	WGS84	Italy	IT	urban	"visual observation|photograph|Barberis et al. (in press) ""Insect-flower interactions in the Mediterranean area: a Citizen Science dataset collated within the LIFE 4 Pollinators project"". https://doi.org/xxxxx"	HumanObservation	OutsideNatura2000	observation located outside Natura 2000 sites
LIFE4POLL2170	2023-06-07	44.488433	11.276031	WGS84	Italy	IT	urban	"visual observation|photograph|Barberis et al. (in press) ""Insect-flower interactions in the Mediterranean area: a Citizen Science dataset collated within the LIFE 4 Pollinators project"". https://doi.org/xxxxx"	HumanObservation	OutsideNatura2000	observation located outside Natura 2000 sites
LIFE4POLL2171	2023-06-02	44.484206	11.200183	WGS84	Italy	IT	hills	"visual observation|photograph|Barberis et al. (in press) ""Insect-flower interactions in the Mediterranean area: a Citizen Science dataset collated within the LIFE 4 Pollinators project"". https://doi.org/xxxxx"	HumanObservation	OutsideNatura2000	observation located outside Natura 2000 sites
LIFE4POLL2172	2023-05-25	41.928507	16.103387	WGS84	Italy	IT	seaside	"visual observation|photograph|Barberis et al. (in press) ""Insect-flower interactions in the Mediterranean area: a Citizen Science dataset collated within the LIFE 4 Pollinators project"". https://doi.org/xxxxx"	HumanObservation	IT9110025	observation located in Natura 2000 site with code IT9110025
LIFE4POLL2173	2023-05-25	na	na	na	na	na	seaside	"visual observation|photograph|Barberis et al. (in press) ""Insect-flower interactions in the Mediterranean area: a Citizen Science dataset collated within the LIFE 4 Pollinators project"". https://doi.org/xxxxx"	HumanObservation	IT9110025	observation located in Natura 2000 site with code IT9110025
LIFE4POLL2174	2023-05-25	41.713341	15.881445	WGS84	Italy	IT	mountain	"visual observation|photograph|Barberis et al. (in press) ""Insect-flower interactions in the Mediterranean area: a Citizen Science dataset collated within the LIFE 4 Pollinators project"". https://doi.org/xxxxx"	HumanObservation	OutsideNatura2000	observation located outside Natura 2000 sites
LIFE4POLL2175	2023-05-24	41.716597	15.877311	WGS84	Italy	IT	mountain	"visual observation|photograph|Barberis et al. (in press) ""Insect-flower interactions in the Mediterranean area: a Citizen Science dataset collated within the LIFE 4 Pollinators project"". https://doi.org/xxxxx"	HumanObservation	OutsideNatura2000	observation located outside Natura 2000 sites
LIFE4POLL2176	2023-05-24	41.931444	16.093253	WGS84	Italy	IT	seaside	"visual observation|photograph|Barberis et al. (in press) ""Insect-flower interactions in the Mediterranean area: a Citizen Science dataset collated within the LIFE 4 Pollinators project"". https://doi.org/xxxxx"	HumanObservation	IT9110025	observation located in Natura 2000 site with code IT9110025
LIFE4POLL2177	2023-05-22	41.914583	15.720433	WGS84	Italy	IT	seaside	"visual observation|photograph|Barberis et al. (in press) ""Insect-flower interactions in the Mediterranean area: a Citizen Science dataset collated within the LIFE 4 Pollinators project"". https://doi.org/xxxxx"	HumanObservation	IT9110037|IT9110001	observation located in Natura 2000 sites with codes IT9110037|IT9110001
LIFE4POLL2178	2023-05-18	44.495306	11.218642	WGS84	Italy	IT	lowland	"visual observation|photograph|Barberis et al. (in press) ""Insect-flower interactions in the Mediterranean area: a Citizen Science dataset collated within the LIFE 4 Pollinators project"". https://doi.org/xxxxx"	HumanObservation	OutsideNatura2000	observation located outside Natura 2000 sites
LIFE4POLL2179	2023-05-18	44.493944	11.220853	WGS84	Italy	IT	lowland	"visual observation|photograph|Barberis et al. (in press) ""Insect-flower interactions in the Mediterranean area: a Citizen Science dataset collated within the LIFE 4 Pollinators project"". https://doi.org/xxxxx"	HumanObservation	OutsideNatura2000	observation located outside Natura 2000 sites
LIFE4POLL2180	2024-05-06	37.398118	22.731162	WGS84	Greece	GR	mountain	"visual observation|photograph|Barberis et al. (in press) ""Insect-flower interactions in the Mediterranean area: a Citizen Science dataset collated within the LIFE 4 Pollinators project"". https://doi.org/xxxxx"	HumanObservation	OutsideNatura2000	observation located outside Natura 2000 sites
LIFE4POLL2181	2023-05-18	44.495306	11.218642	WGS84	Italy	IT	lowland	"visual observation|photograph|Barberis et al. (in press) ""Insect-flower interactions in the Mediterranean area: a Citizen Science dataset collated within the LIFE 4 Pollinators project"". https://doi.org/xxxxx"	HumanObservation	OutsideNatura2000	observation located outside Natura 2000 sites
LIFE4POLL2182	2023-05-18	44.495306	11.218642	WGS84	Italy	IT	lowland	"visual observation|photograph|Barberis et al. (in press) ""Insect-flower interactions in the Mediterranean area: a Citizen Science dataset collated within the LIFE 4 Pollinators project"". https://doi.org/xxxxx"	HumanObservation	OutsideNatura2000	observation located outside Natura 2000 sites
LIFE4POLL2183	2024-05-06	37.259674	22.649393	WGS84	Greece	GR	mountain	"visual observation|photograph|Barberis et al. (in press) ""Insect-flower interactions in the Mediterranean area: a Citizen Science dataset collated within the LIFE 4 Pollinators project"". https://doi.org/xxxxx"	HumanObservation	GR2520006	observation located in Natura 2000 site with code GR2520006
LIFE4POLL2184	2024-05-06	37.259674	22.649393	WGS84	Greece	GR	mountain	"visual observation|photograph|Barberis et al. (in press) ""Insect-flower interactions in the Mediterranean area: a Citizen Science dataset collated within the LIFE 4 Pollinators project"". https://doi.org/xxxxx"	HumanObservation	GR2520006	observation located in Natura 2000 site with code GR2520006
LIFE4POLL2185	2023-05-18	44.495306	11.218642	WGS84	Italy	IT	lowland	"visual observation|photograph|Barberis et al. (in press) ""Insect-flower interactions in the Mediterranean area: a Citizen Science dataset collated within the LIFE 4 Pollinators project"". https://doi.org/xxxxx"	HumanObservation	GR2520006	observation located in Natura 2000 site with code GR2520006
LIFE4POLL2186	2024-05-06	37.264782	22.6494	WGS84	Greece	GR	mountain	"visual observation|photograph|Barberis et al. (in press) ""Insect-flower interactions in the Mediterranean area: a Citizen Science dataset collated within the LIFE 4 Pollinators project"". https://doi.org/xxxxx"	HumanObservation	GR2520006	observation located in Natura 2000 site with code GR2520006
LIFE4POLL2187	2024-05-06	37.264782	22.6494	WGS84	Greece	GR	mountain	"visual observation|photograph|Barberis et al. (in press) ""Insect-flower interactions in the Mediterranean area: a Citizen Science dataset collated within the LIFE 4 Pollinators project"". https://doi.org/xxxxx"	HumanObservation	GR2520006	observation located in Natura 2000 site with code GR2520006
LIFE4POLL2188	2023-05-13	44.612165	11.132943	WGS84	Italy	IT	lowland	"visual observation|photograph|Barberis et al. (in press) ""Insect-flower interactions in the Mediterranean area: a Citizen Science dataset collated within the LIFE 4 Pollinators project"". https://doi.org/xxxxx"	HumanObservation	IT4040009	observation located in Natura 2000 site with code IT4040009
LIFE4POLL2189	2024-05-17	37.167776	22.862151	WGS84	Greece	GR	urban	"visual observation|photograph|Barberis et al. (in press) ""Insect-flower interactions in the Mediterranean area: a Citizen Science dataset collated within the LIFE 4 Pollinators project"". https://doi.org/xxxxx"	HumanObservation	GR2520005	observation located in Natura 2000 site with code GR2520005
LIFE4POLL2190	2024-05-17	37.167776	22.862151	WGS84	Greece	GR	urban	"visual observation|photograph|Barberis et al. (in press) ""Insect-flower interactions in the Mediterranean area: a Citizen Science dataset collated within the LIFE 4 Pollinators project"". https://doi.org/xxxxx"	HumanObservation	GR2520005	observation located in Natura 2000 site with code GR2520005
LIFE4POLL2191	2023-05-09	44.489367	11.205847	WGS84	Italy	IT	hills	"visual observation|photograph|Barberis et al. (in press) ""Insect-flower interactions in the Mediterranean area: a Citizen Science dataset collated within the LIFE 4 Pollinators project"". https://doi.org/xxxxx"	HumanObservation	OutsideNatura2000	observation located outside Natura 2000 sites
LIFE4POLL2192	2023-05-04	44.4734	11.201767	WGS84	Italy	IT	lowland	"visual observation|photograph|Barberis et al. (in press) ""Insect-flower interactions in the Mediterranean area: a Citizen Science dataset collated within the LIFE 4 Pollinators project"". https://doi.org/xxxxx"	HumanObservation	OutsideNatura2000	observation located outside Natura 2000 sites
LIFE4POLL2193	2023-04-28	44.470142	11.289217	WGS84	Italy	IT	hills	"visual observation|photograph|Barberis et al. (in press) ""Insect-flower interactions in the Mediterranean area: a Citizen Science dataset collated within the LIFE 4 Pollinators project"". https://doi.org/xxxxx"	HumanObservation	IT4050029	observation located in Natura 2000 site with code IT4050029
LIFE4POLL2194	2023-04-28	44.473369	11.28945	WGS84	Italy	IT	hills	"visual observation|photograph|Barberis et al. (in press) ""Insect-flower interactions in the Mediterranean area: a Citizen Science dataset collated within the LIFE 4 Pollinators project"". https://doi.org/xxxxx"	HumanObservation	IT4050029	observation located in Natura 2000 site with code IT4050029
LIFE4POLL2195	2023-04-28	44.473317	11.289411	WGS84	Italy	IT	hills	"visual observation|photograph|Barberis et al. (in press) ""Insect-flower interactions in the Mediterranean area: a Citizen Science dataset collated within the LIFE 4 Pollinators project"". https://doi.org/xxxxx"	HumanObservation	IT4050029	observation located in Natura 2000 site with code IT4050029
LIFE4POLL2196	2023-04-28	44.475226	11.288828	WGS84	Italy	IT	hills	"visual observation|photograph|Barberis et al. (in press) ""Insect-flower interactions in the Mediterranean area: a Citizen Science dataset collated within the LIFE 4 Pollinators project"". https://doi.org/xxxxx"	HumanObservation	IT4050029	observation located in Natura 2000 site with code IT4050029
LIFE4POLL2197	2023-04-28	44.472472	11.288297	WGS84	Italy	IT	hills	"visual observation|photograph|Barberis et al. (in press) ""Insect-flower interactions in the Mediterranean area: a Citizen Science dataset collated within the LIFE 4 Pollinators project"". https://doi.org/xxxxx"	HumanObservation	IT4070011	observation located in Natura 2000 site with code IT4070011
LIFE4POLL2198	2023-04-24	44.484606	11.179008	WGS84	Italy	IT	hills	"visual observation|photograph|Barberis et al. (in press) ""Insect-flower interactions in the Mediterranean area: a Citizen Science dataset collated within the LIFE 4 Pollinators project"". https://doi.org/xxxxx"	HumanObservation	IT4050029	observation located in Natura 2000 site with code IT4050029
LIFE4POLL2199	2023-04-28	na	na	na	na	na	hills	"visual observation|photograph|Barberis et al. (in press) ""Insect-flower interactions in the Mediterranean area: a Citizen Science dataset collated within the LIFE 4 Pollinators project"". https://doi.org/xxxxx"	HumanObservation	IT4050001	observation located in Natura 2000 site with code IT4050001
LIFE4POLL2200	2023-04-18	44.226478	11.735497	WGS84	Italy	IT	mountain	"visual observation|photograph|Barberis et al. (in press) ""Insect-flower interactions in the Mediterranean area: a Citizen Science dataset collated within the LIFE 4 Pollinators project"". https://doi.org/xxxxx"	HumanObservation	IT4050001	observation located in Natura 2000 site with code IT4050001
LIFE4POLL2201	2023-04-14	44.502781	11.288322	WGS84	Italy	IT	riverside	"visual observation|photograph|Barberis et al. (in press) ""Insect-flower interactions in the Mediterranean area: a Citizen Science dataset collated within the LIFE 4 Pollinators project"". https://doi.org/xxxxx"	HumanObservation	OutsideNatura2000	observation located outside Natura 2000 sites
LIFE4POLL2202	2023-04-11	44.474056	11.284253	WGS84	Italy	IT	lowland	"visual observation|photograph|Barberis et al. (in press) ""Insect-flower interactions in the Mediterranean area: a Citizen Science dataset collated within the LIFE 4 Pollinators project"". https://doi.org/xxxxx"	HumanObservation	IT4050029	observation located in Natura 2000 site with code IT4050029
LIFE4POLL2203	2023-04-08	44.487892	11.206939	WGS84	Italy	IT	hills	"visual observation|photograph|Barberis et al. (in press) ""Insect-flower interactions in the Mediterranean area: a Citizen Science dataset collated within the LIFE 4 Pollinators project"". https://doi.org/xxxxx"	HumanObservation	IT4050001	observation located in Natura 2000 site with code IT4050001
LIFE4POLL2204	2023-04-07	44.489272	11.192778	WGS84	Italy	IT	hills	"visual observation|photograph|Barberis et al. (in press) ""Insect-flower interactions in the Mediterranean area: a Citizen Science dataset collated within the LIFE 4 Pollinators project"". https://doi.org/xxxxx"	HumanObservation	IT4050001	observation located in Natura 2000 site with code IT4050001
LIFE4POLL2205	2023-04-06	44.444528	11.374808	WGS84	Italy	IT	hills	"visual observation|photograph|Barberis et al. (in press) ""Insect-flower interactions in the Mediterranean area: a Citizen Science dataset collated within the LIFE 4 Pollinators project"". https://doi.org/xxxxx"	HumanObservation	IT4050001	observation located in Natura 2000 site with code IT4050001
LIFE4POLL2206	2023-04-06	44.448175	11.378631	WGS84	Italy	IT	hills	"visual observation|photograph|Barberis et al. (in press) ""Insect-flower interactions in the Mediterranean area: a Citizen Science dataset collated within the LIFE 4 Pollinators project"". https://doi.org/xxxxx"	HumanObservation	IT4050001	observation located in Natura 2000 site with code IT4050001
LIFE4POLL2207	2023-06-19	44.658058	10.910119	WGS84	Italy	IT	urban	"visual observation|photograph|Barberis et al. (in press) ""Insect-flower interactions in the Mediterranean area: a Citizen Science dataset collated within the LIFE 4 Pollinators project"". https://doi.org/xxxxx"	HumanObservation	OutsideNatura2000	observation located outside Natura 2000 sites
LIFE4POLL2208	2023-06-19	44.657992	10.910047	WGS84	Italy	IT	urban	"visual observation|photograph|Barberis et al. (in press) ""Insect-flower interactions in the Mediterranean area: a Citizen Science dataset collated within the LIFE 4 Pollinators project"". https://doi.org/xxxxx"	HumanObservation	OutsideNatura2000	observation located outside Natura 2000 sites
LIFE4POLL2209	2023-06-19	44.657992	10.910078	WGS84	Italy	IT	urban	"visual observation|photograph|Barberis et al. (in press) ""Insect-flower interactions in the Mediterranean area: a Citizen Science dataset collated within the LIFE 4 Pollinators project"". https://doi.org/xxxxx"	HumanObservation	OutsideNatura2000	observation located outside Natura 2000 sites
LIFE4POLL2210	2023-06-19	44.658172	10.910319	WGS84	Italy	IT	urban	"visual observation|photograph|Barberis et al. (in press) ""Insect-flower interactions in the Mediterranean area: a Citizen Science dataset collated within the LIFE 4 Pollinators project"". https://doi.org/xxxxx"	HumanObservation	OutsideNatura2000	observation located outside Natura 2000 sites
LIFE4POLL2211	2023-06-21	44.493731	11.209947	WGS84	Italy	IT	urban	"visual observation|photograph|Barberis et al. (in press) ""Insect-flower interactions in the Mediterranean area: a Citizen Science dataset collated within the LIFE 4 Pollinators project"". https://doi.org/xxxxx"	HumanObservation	OutsideNatura2000	observation located outside Natura 2000 sites
LIFE4POLL2212	2023-06-22	44.657339	10.9077	WGS84	Italy	IT	urban	"visual observation|photograph|Barberis et al. (in press) ""Insect-flower interactions in the Mediterranean area: a Citizen Science dataset collated within the LIFE 4 Pollinators project"". https://doi.org/xxxxx"	HumanObservation	OutsideNatura2000	observation located outside Natura 2000 sites
LIFE4POLL2213	2023-06-22	44.656433	10.905336	WGS84	Italy	IT	urban	"visual observation|photograph|Barberis et al. (in press) ""Insect-flower interactions in the Mediterranean area: a Citizen Science dataset collated within the LIFE 4 Pollinators project"". https://doi.org/xxxxx"	HumanObservation	OutsideNatura2000	observation located outside Natura 2000 sites
LIFE4POLL2214	2023-06-22	44.656297	10.905078	WGS84	Italy	IT	urban	"visual observation|photograph|Barberis et al. (in press) ""Insect-flower interactions in the Mediterranean area: a Citizen Science dataset collated within the LIFE 4 Pollinators project"". https://doi.org/xxxxx"	HumanObservation	OutsideNatura2000	observation located outside Natura 2000 sites
LIFE4POLL2215	2023-06-27	44.657883	10.910047	WGS84	Italy	IT	urban	"visual observation|photograph|Barberis et al. (in press) ""Insect-flower interactions in the Mediterranean area: a Citizen Science dataset collated within the LIFE 4 Pollinators project"". https://doi.org/xxxxx"	HumanObservation	OutsideNatura2000	observation located outside Natura 2000 sites
LIFE4POLL2216	2023-06-27	44.656122	10.904539	WGS84	Italy	IT	urban	"visual observation|photograph|Barberis et al. (in press) ""Insect-flower interactions in the Mediterranean area: a Citizen Science dataset collated within the LIFE 4 Pollinators project"". https://doi.org/xxxxx"	HumanObservation	OutsideNatura2000	observation located outside Natura 2000 sites
LIFE4POLL2217	2023-06-28	44.654267	10.899967	WGS84	Italy	IT	urban	"visual observation|photograph|Barberis et al. (in press) ""Insect-flower interactions in the Mediterranean area: a Citizen Science dataset collated within the LIFE 4 Pollinators project"". https://doi.org/xxxxx"	HumanObservation	OutsideNatura2000	observation located outside Natura 2000 sites
LIFE4POLL2218	2023-06-28	44.654189	10.899922	WGS84	Italy	IT	urban	"visual observation|photograph|Barberis et al. (in press) ""Insect-flower interactions in the Mediterranean area: a Citizen Science dataset collated within the LIFE 4 Pollinators project"". https://doi.org/xxxxx"	HumanObservation	OutsideNatura2000	observation located outside Natura 2000 sites
LIFE4POLL2219	2023-07-02	44.488339	11.201242	WGS84	Italy	IT	lowland	"visual observation|photograph|Barberis et al. (in press) ""Insect-flower interactions in the Mediterranean area: a Citizen Science dataset collated within the LIFE 4 Pollinators project"". https://doi.org/xxxxx"	HumanObservation	OutsideNatura2000	observation located outside Natura 2000 sites
LIFE4POLL2220	2023-07-03	44.652186	10.899261	WGS84	Italy	IT	urban	"visual observation|photograph|Barberis et al. (in press) ""Insect-flower interactions in the Mediterranean area: a Citizen Science dataset collated within the LIFE 4 Pollinators project"". https://doi.org/xxxxx"	HumanObservation	OutsideNatura2000	observation located outside Natura 2000 sites
LIFE4POLL2221	2023-07-10	44.464208	11.219706	WGS84	Italy	IT	hills	"visual observation|photograph|Barberis et al. (in press) ""Insect-flower interactions in the Mediterranean area: a Citizen Science dataset collated within the LIFE 4 Pollinators project"". https://doi.org/xxxxx"	HumanObservation	IT4050027	observation located in Natura 2000 site with code IT4050027
LIFE4POLL2222	2023-07-10	44.462914	11.220297	WGS84	Italy	IT	hills	"visual observation|photograph|Barberis et al. (in press) ""Insect-flower interactions in the Mediterranean area: a Citizen Science dataset collated within the LIFE 4 Pollinators project"". https://doi.org/xxxxx"	HumanObservation	IT4050027	observation located in Natura 2000 site with code IT4050027
LIFE4POLL2223	2023-07-20	44.143506	11.159081	WGS84	Italy	IT	mountain	"visual observation|photograph|Barberis et al. (in press) ""Insect-flower interactions in the Mediterranean area: a Citizen Science dataset collated within the LIFE 4 Pollinators project"". https://doi.org/xxxxx"	HumanObservation	OutsideNatura2000	observation located outside Natura 2000 sites
LIFE4POLL2224	2023-07-22	44.493431	11.206997	WGS84	Italy	IT	urban	"visual observation|photograph|Barberis et al. (in press) ""Insect-flower interactions in the Mediterranean area: a Citizen Science dataset collated within the LIFE 4 Pollinators project"". https://doi.org/xxxxx"	HumanObservation	OutsideNatura2000	observation located outside Natura 2000 sites
LIFE4POLL2225	2023-07-24	44.484075	11.243258	WGS84	Italy	IT	urban	"visual observation|photograph|Barberis et al. (in press) ""Insect-flower interactions in the Mediterranean area: a Citizen Science dataset collated within the LIFE 4 Pollinators project"". https://doi.org/xxxxx"	HumanObservation	OutsideNatura2000	observation located outside Natura 2000 sites
LIFE4POLL2226	2023-07-24	44.477269	11.238178	WGS84	Italy	IT	hills	"visual observation|photograph|Barberis et al. (in press) ""Insect-flower interactions in the Mediterranean area: a Citizen Science dataset collated within the LIFE 4 Pollinators project"". https://doi.org/xxxxx"	HumanObservation	OutsideNatura2000	observation located outside Natura 2000 sites
LIFE4POLL2227	2023-07-24	44.493894	11.210083	WGS84	Italy	IT	urban	"visual observation|photograph|Barberis et al. (in press) ""Insect-flower interactions in the Mediterranean area: a Citizen Science dataset collated within the LIFE 4 Pollinators project"". https://doi.org/xxxxx"	HumanObservation	OutsideNatura2000	observation located outside Natura 2000 sites
LIFE4POLL2228	2023-07-26	44.49345	11.207081	WGS84	Italy	IT	urban	"visual observation|photograph|Barberis et al. (in press) ""Insect-flower interactions in the Mediterranean area: a Citizen Science dataset collated within the LIFE 4 Pollinators project"". https://doi.org/xxxxx"	HumanObservation	OutsideNatura2000	observation located outside Natura 2000 sites
LIFE4POLL2229	2023-07-28	43.0604	13.181811	WGS84	Italy	IT	mountain	"visual observation|photograph|Barberis et al. (in press) ""Insect-flower interactions in the Mediterranean area: a Citizen Science dataset collated within the LIFE 4 Pollinators project"". https://doi.org/xxxxx"	HumanObservation	IT5330029|IT5330017	observation located in Natura 2000 sites with codes IT5330029|IT5330017
LIFE4POLL2230	2023-07-28	43.07745	13.195908	WGS84	Italy	IT	mountain	"visual observation|photograph|Barberis et al. (in press) ""Insect-flower interactions in the Mediterranean area: a Citizen Science dataset collated within the LIFE 4 Pollinators project"". https://doi.org/xxxxx"	HumanObservation	IT5330029|IT5330017	observation located in Natura 2000 sites with codes IT5330029|IT5330017
LIFE4POLL2231	2023-07-28	43.0609	13.181875	WGS84	Italy	IT	mountain	"visual observation|photograph|Barberis et al. (in press) ""Insect-flower interactions in the Mediterranean area: a Citizen Science dataset collated within the LIFE 4 Pollinators project"". https://doi.org/xxxxx"	HumanObservation	IT5330029|IT5330017	observation located in Natura 2000 sites with codes IT5330029|IT5330017
LIFE4POLL2232	2023-07-28	43.038714	13.155111	WGS84	Italy	IT	mountain	"visual observation|photograph|Barberis et al. (in press) ""Insect-flower interactions in the Mediterranean area: a Citizen Science dataset collated within the LIFE 4 Pollinators project"". https://doi.org/xxxxx"	HumanObservation	OutsideNatura2000	observation located outside Natura 2000 sites
LIFE4POLL2233	2023-07-29	43.036178	13.496281	WGS84	Italy	IT	hills	"visual observation|photograph|Barberis et al. (in press) ""Insect-flower interactions in the Mediterranean area: a Citizen Science dataset collated within the LIFE 4 Pollinators project"". https://doi.org/xxxxx"	HumanObservation	OutsideNatura2000	observation located outside Natura 2000 sites
LIFE4POLL2234	2024-06-07	39.833448	20.733553	WGS84	Greece	GR	mountain	"visual observation|photograph|Barberis et al. (in press) ""Insect-flower interactions in the Mediterranean area: a Citizen Science dataset collated within the LIFE 4 Pollinators project"". https://doi.org/xxxxx"	HumanObservation	GR2130011	observation located in Natura 2000 site with code GR2130011
LIFE4POLL2235	2024-06-07	39.833448	20.733553	WGS84	Greece	GR	mountain	"visual observation|photograph|Barberis et al. (in press) ""Insect-flower interactions in the Mediterranean area: a Citizen Science dataset collated within the LIFE 4 Pollinators project"". https://doi.org/xxxxx"	HumanObservation	GR2130011	observation located in Natura 2000 site with code GR2130011
LIFE4POLL2236	2024-06-07	39.833448	20.733553	WGS84	Greece	GR	mountain	"visual observation|photograph|Barberis et al. (in press) ""Insect-flower interactions in the Mediterranean area: a Citizen Science dataset collated within the LIFE 4 Pollinators project"". https://doi.org/xxxxx"	HumanObservation	GR2130011	observation located in Natura 2000 site with code GR2130011
LIFE4POLL2238	2024-06-07	39.833448	20.733553	WGS84	Greece	GR	mountain	"visual observation|photograph|Barberis et al. (in press) ""Insect-flower interactions in the Mediterranean area: a Citizen Science dataset collated within the LIFE 4 Pollinators project"". https://doi.org/xxxxx"	HumanObservation	GR2130011	observation located in Natura 2000 site with code GR2130011
LIFE4POLL2239	2024-06-07	39.833448	20.733553	WGS84	Greece	GR	mountain	"visual observation|photograph|Barberis et al. (in press) ""Insect-flower interactions in the Mediterranean area: a Citizen Science dataset collated within the LIFE 4 Pollinators project"". https://doi.org/xxxxx"	HumanObservation	GR2130011	observation located in Natura 2000 site with code GR2130011
LIFE4POLL2240	2024-06-07	39.833448	20.733553	WGS84	Greece	GR	mountain	"visual observation|photograph|Barberis et al. (in press) ""Insect-flower interactions in the Mediterranean area: a Citizen Science dataset collated within the LIFE 4 Pollinators project"". https://doi.org/xxxxx"	HumanObservation	GR2130011	observation located in Natura 2000 site with code GR2130011
LIFE4POLL2241	2024-06-07	39.833448	20.733553	WGS84	Greece	GR	mountain	"visual observation|photograph|Barberis et al. (in press) ""Insect-flower interactions in the Mediterranean area: a Citizen Science dataset collated within the LIFE 4 Pollinators project"". https://doi.org/xxxxx"	HumanObservation	GR2130011	observation located in Natura 2000 site with code GR2130011
LIFE4POLL2242	2024-06-07	39.833448	20.733553	WGS84	Greece	GR	mountain	"visual observation|photograph|Barberis et al. (in press) ""Insect-flower interactions in the Mediterranean area: a Citizen Science dataset collated within the LIFE 4 Pollinators project"". https://doi.org/xxxxx"	HumanObservation	GR2130011	observation located in Natura 2000 site with code GR2130011
LIFE4POLL2243	2024-06-07	39.833448	20.733553	WGS84	Greece	GR	mountain	"visual observation|photograph|Barberis et al. (in press) ""Insect-flower interactions in the Mediterranean area: a Citizen Science dataset collated within the LIFE 4 Pollinators project"". https://doi.org/xxxxx"	HumanObservation	GR2130011	observation located in Natura 2000 site with code GR2130011
LIFE4POLL2244	2024-06-07	39.833448	20.733553	WGS84	Greece	GR	mountain	"visual observation|photograph|Barberis et al. (in press) ""Insect-flower interactions in the Mediterranean area: a Citizen Science dataset collated within the LIFE 4 Pollinators project"". https://doi.org/xxxxx"	HumanObservation	GR2130011	observation located in Natura 2000 site with code GR2130011
LIFE4POLL2245	2024-06-07	39.833448	20.733553	WGS84	Greece	GR	mountain	"visual observation|photograph|Barberis et al. (in press) ""Insect-flower interactions in the Mediterranean area: a Citizen Science dataset collated within the LIFE 4 Pollinators project"". https://doi.org/xxxxx"	HumanObservation	GR2130011	observation located in Natura 2000 site with code GR2130011
LIFE4POLL2246	2024-06-07	39.833448	20.733553	WGS84	Greece	GR	mountain	"visual observation|photograph|Barberis et al. (in press) ""Insect-flower interactions in the Mediterranean area: a Citizen Science dataset collated within the LIFE 4 Pollinators project"". https://doi.org/xxxxx"	HumanObservation	GR2130011	observation located in Natura 2000 site with code GR2130011
LIFE4POLL2247	2024-06-07	39.802698	20.787704	WGS84	Greece	GR	mountain	"visual observation|photograph|Barberis et al. (in press) ""Insect-flower interactions in the Mediterranean area: a Citizen Science dataset collated within the LIFE 4 Pollinators project"". https://doi.org/xxxxx"	HumanObservation	GR2130011|GR2130004	observation located in Natura 2000 sites with codes GR2130011|GR2130004
LIFE4POLL2248	2024-06-07	39.802698	20.787704	WGS84	Greece	GR	mountain	"visual observation|photograph|Barberis et al. (in press) ""Insect-flower interactions in the Mediterranean area: a Citizen Science dataset collated within the LIFE 4 Pollinators project"". https://doi.org/xxxxx"	HumanObservation	GR2130011|GR2130004	observation located in Natura 2000 sites with codes GR2130011|GR2130004
LIFE4POLL2249	2024-06-07	39.802698	20.787704	WGS84	Greece	GR	mountain	"visual observation|photograph|Barberis et al. (in press) ""Insect-flower interactions in the Mediterranean area: a Citizen Science dataset collated within the LIFE 4 Pollinators project"". https://doi.org/xxxxx"	HumanObservation	GR2130011|GR2130004	observation located in Natura 2000 sites with codes GR2130011|GR2130004
LIFE4POLL2250	2024-06-07	39.802698	20.787704	WGS84	Greece	GR	mountain	"visual observation|photograph|Barberis et al. (in press) ""Insect-flower interactions in the Mediterranean area: a Citizen Science dataset collated within the LIFE 4 Pollinators project"". https://doi.org/xxxxx"	HumanObservation	GR2130011|GR2130004	observation located in Natura 2000 sites with codes GR2130011|GR2130004
LIFE4POLL2251	2024-06-07	39.802698	20.787704	WGS84	Greece	GR	mountain	"visual observation|photograph|Barberis et al. (in press) ""Insect-flower interactions in the Mediterranean area: a Citizen Science dataset collated within the LIFE 4 Pollinators project"". https://doi.org/xxxxx"	HumanObservation	GR2130011|GR2130004	observation located in Natura 2000 sites with codes GR2130011|GR2130004
LIFE4POLL2252	2024-06-07	39.802698	20.787704	WGS84	Greece	GR	mountain	"visual observation|photograph|Barberis et al. (in press) ""Insect-flower interactions in the Mediterranean area: a Citizen Science dataset collated within the LIFE 4 Pollinators project"". https://doi.org/xxxxx"	HumanObservation	GR2130011|GR2130004	observation located in Natura 2000 sites with codes GR2130011|GR2130004
LIFE4POLL2253	2024-06-22*	44.134282	11.162581	WGS84	Italy	IT	mountain	"visual observation|photograph|Barberis et al. (in press) ""Insect-flower interactions in the Mediterranean area: a Citizen Science dataset collated within the LIFE 4 Pollinators project"". https://doi.org/xxxxx"	HumanObservation	OutsideNatura2000	observation located outside Natura 2000 sites
LIFE4POLL2254	2024-06-24*	44.484658	11.266565	WGS84	Italy	IT	lowland, periurban	"visual observation|photograph|Barberis et al. (in press) ""Insect-flower interactions in the Mediterranean area: a Citizen Science dataset collated within the LIFE 4 Pollinators project"". https://doi.org/xxxxx"	HumanObservation	OutsideNatura2000	observation located outside Natura 2000 sites
LIFE4POLL2255	2024-06-26	44.402116	11.394399	WGS84	Italy	IT	hills	"visual observation|photograph|Barberis et al. (in press) ""Insect-flower interactions in the Mediterranean area: a Citizen Science dataset collated within the LIFE 4 Pollinators project"". https://doi.org/xxxxx"	HumanObservation	IT4050001	observation located in Natura 2000 site with code IT4050001
LIFE4POLL2256	2024-06-28	na	na	na	na	na	seaside	"visual observation|photograph|Barberis et al. (in press) ""Insect-flower interactions in the Mediterranean area: a Citizen Science dataset collated within the LIFE 4 Pollinators project"". https://doi.org/xxxxx"	HumanObservation	na	observation without coordinates
LIFE4POLL2257	2024-06-30*	na	na	na	na	na	na	"visual observation|photograph|Barberis et al. (in press) ""Insect-flower interactions in the Mediterranean area: a Citizen Science dataset collated within the LIFE 4 Pollinators project"". https://doi.org/xxxxx"	HumanObservation	na	observation without coordinates
LIFE4POLL2258	2023-08-21	43.802164	12.337172	WGS84	Italy	IT	mountain	"visual observation|photograph|Barberis et al. (in press) ""Insect-flower interactions in the Mediterranean area: a Citizen Science dataset collated within the LIFE 4 Pollinators project"". https://doi.org/xxxxx"	HumanObservation	IT5310026|IT5310005	observation located in Natura 2000 sites with codes IT5310026|IT5310005
LIFE4POLL2259	2024-07-02	40.55326	22.991452	WGS84	Greece	GR	urban	"visual observation|photograph|Barberis et al. (in press) ""Insect-flower interactions in the Mediterranean area: a Citizen Science dataset collated within the LIFE 4 Pollinators project"". https://doi.org/xxxxx"	HumanObservation	OutsideNatura2000	observation located outside Natura 2000 sites
LIFE4POLL2260	2024-06-08	na	na	na	na	na	hills	"visual observation|photograph|Barberis et al. (in press) ""Insect-flower interactions in the Mediterranean area: a Citizen Science dataset collated within the LIFE 4 Pollinators project"". https://doi.org/xxxxx"	HumanObservation	na	observation without coordinates
LIFE4POLL2262	2024-06-30	42.1354	12.73812	WGS84	Italy	IT	hills	"visual observation|photograph|Barberis et al. (in press) ""Insect-flower interactions in the Mediterranean area: a Citizen Science dataset collated within the LIFE 4 Pollinators project"". https://doi.org/xxxxx"	HumanObservation	OutsideNatura2000	observation located outside Natura 2000 sites
LIFE4POLL2263	2024-06-10	42.1354	12.73812	WGS84	Italy	IT	hills	"visual observation|photograph|Barberis et al. (in press) ""Insect-flower interactions in the Mediterranean area: a Citizen Science dataset collated within the LIFE 4 Pollinators project"". https://doi.org/xxxxx"	HumanObservation	OutsideNatura2000	observation located outside Natura 2000 sites
LIFE4POLL2264	2024-07-17	39.432415	9.13167	WGS84	Italy	IT	urban	"visual observation|photograph|Barberis et al. (in press) ""Insect-flower interactions in the Mediterranean area: a Citizen Science dataset collated within the LIFE 4 Pollinators project"". https://doi.org/xxxxx"	HumanObservation	OutsideNatura2000	observation located outside Natura 2000 sites
LIFE4POLL2265	2024-04-04	39.432415	9.13167	WGS84	Italy	IT	island, urban	"visual observation|photograph|Barberis et al. (in press) ""Insect-flower interactions in the Mediterranean area: a Citizen Science dataset collated within the LIFE 4 Pollinators project"". https://doi.org/xxxxx"	HumanObservation	OutsideNatura2000	observation located outside Natura 2000 sites
LIFE4POLL2266	2024-07-20	40.08876	22.567499	WGS84	Greece	GR	seaside	"visual observation|photograph|Barberis et al. (in press) ""Insect-flower interactions in the Mediterranean area: a Citizen Science dataset collated within the LIFE 4 Pollinators project"". https://doi.org/xxxxx"	HumanObservation	OutsideNatura2000	observation located outside Natura 2000 sites
LIFE4POLL2267	2024-07-21*	42.33556	-8.817778	WGS84	Spain	ES	seaside	"visual observation|photograph|Barberis et al. (in press) ""Insect-flower interactions in the Mediterranean area: a Citizen Science dataset collated within the LIFE 4 Pollinators project"". https://doi.org/xxxxx"	HumanObservation	OutsideNatura2000	observation located outside Natura 2000 sites
LIFE4POLL2269	2024-08-09*	38.134557	-8.789063	WGS84	Portugal	PT	seaside	"visual observation|photograph|Barberis et al. (in press) ""Insect-flower interactions in the Mediterranean area: a Citizen Science dataset collated within the LIFE 4 Pollinators project"". https://doi.org/xxxxx"	HumanObservation	PTCON0034	observation located in Natura 2000 site with code PTCON0034
LIFE4POLL2270	2024-08-15*	42.23937	12.737548	WGS84	Italy	IT	hills	"visual observation|photograph|Barberis et al. (in press) ""Insect-flower interactions in the Mediterranean area: a Citizen Science dataset collated within the LIFE 4 Pollinators project"". https://doi.org/xxxxx"	HumanObservation	ITB022217	observation located in Natura 2000 site with code ITB022217
LIFE4POLL2272	2024-08-15*	42.239395	12.737551	WGS84	Italy	IT	hills	"visual observation|photograph|Barberis et al. (in press) ""Insect-flower interactions in the Mediterranean area: a Citizen Science dataset collated within the LIFE 4 Pollinators project"". https://doi.org/xxxxx"	HumanObservation	OutsideNatura2000	observation located outside Natura 2000 sites
LIFE4POLL2273	2024-08-16*	42.239395	12.737551	WGS84	Italy	IT	hills	"visual observation|photograph|Barberis et al. (in press) ""Insect-flower interactions in the Mediterranean area: a Citizen Science dataset collated within the LIFE 4 Pollinators project"". https://doi.org/xxxxx"	HumanObservation	OutsideNatura2000	observation located outside Natura 2000 sites
LIFE4POLL2274	2024-05-30	39.950313	9.163842	WGS84	Italy	IT	island, mountain	"visual observation|photograph|Barberis et al. (in press) ""Insect-flower interactions in the Mediterranean area: a Citizen Science dataset collated within the LIFE 4 Pollinators project"". https://doi.org/xxxxx"	HumanObservation	ITB022217	observation located in Natura 2000 site with code ITB022217
LIFE4POLL2277	2024-08-26	44.133712	11.163965	WGS84	Italy	IT	mountain	"visual observation|photograph|Barberis et al. (in press) ""Insect-flower interactions in the Mediterranean area: a Citizen Science dataset collated within the LIFE 4 Pollinators project"". https://doi.org/xxxxx"	HumanObservation	OutsideNatura2000	observation located outside Natura 2000 sites
LIFE4POLL2281	2023-04-12	39.36443	2.979012	WGS84	Spain	ES	island, seaside	"visual observation|photograph|Barberis et al. (in press) ""Insect-flower interactions in the Mediterranean area: a Citizen Science dataset collated within the LIFE 4 Pollinators project"". https://doi.org/xxxxx"	HumanObservation	ES0000037	observation located in Natura 2000 site with code ES0000037
LIFE4POLL2284	2024-08-28*	na	na	na	na	na	mountain	"visual observation|photograph|Barberis et al. (in press) ""Insect-flower interactions in the Mediterranean area: a Citizen Science dataset collated within the LIFE 4 Pollinators project"". https://doi.org/xxxxx"	HumanObservation	ITB021103	observation located in Natura 2000 site with code ITB021103
LIFE4POLL2285	2024-08-29*	46.020854	8.243605	WGS84	Italy	IT	riverside	"visual observation|photograph|Barberis et al. (in press) ""Insect-flower interactions in the Mediterranean area: a Citizen Science dataset collated within the LIFE 4 Pollinators project"". https://doi.org/xxxxx"	HumanObservation	OutsideNatura2000	observation located outside Natura 2000 sites
LIFE4POLL2286	2024-09-01	42.01769	11.95979	WGS84	Italy	IT	seaside	"visual observation|photograph|Barberis et al. (in press) ""Insect-flower interactions in the Mediterranean area: a Citizen Science dataset collated within the LIFE 4 Pollinators project"". https://doi.org/xxxxx"	HumanObservation	OutsideNatura2000	observation located outside Natura 2000 sites
LIFE4POLL2287	2024-06-29	39.952385	9.227829	WGS84	Italy	IT	island, mountain	"visual observation|photograph|Barberis et al. (in press) ""Insect-flower interactions in the Mediterranean area: a Citizen Science dataset collated within the LIFE 4 Pollinators project"". https://doi.org/xxxxx"	HumanObservation	ITB021103	observation located in Natura 2000 site with code ITB021103
LIFE4POLL2288	2024-05-29	39.950675	9.165516	WGS84	Italy	IT	island, mountain	"visual observation|photograph|Barberis et al. (in press) ""Insect-flower interactions in the Mediterranean area: a Citizen Science dataset collated within the LIFE 4 Pollinators project"". https://doi.org/xxxxx"	HumanObservation	ITB022217	observation located in Natura 2000 site with code ITB022217
LIFE4POLL2289	2024-05-29	39.950609	9.165859	WGS84	Italy	IT	island, mountain	"visual observation|photograph|Barberis et al. (in press) ""Insect-flower interactions in the Mediterranean area: a Citizen Science dataset collated within the LIFE 4 Pollinators project"". https://doi.org/xxxxx"	HumanObservation	ITB022217	observation located in Natura 2000 site with code ITB022217
LIFE4POLL2290	2024-06-01	39.956465	9.23624	WGS84	Italy	IT	island, mountain	"visual observation|photograph|Barberis et al. (in press) ""Insect-flower interactions in the Mediterranean area: a Citizen Science dataset collated within the LIFE 4 Pollinators project"". https://doi.org/xxxxx"	HumanObservation	ITB021103	observation located in Natura 2000 site with code ITB021103
LIFE4POLL2291	2024-05-29	39.947319	9.165516	WGS84	Italy	IT	island, mountain	"visual observation|photograph|Barberis et al. (in press) ""Insect-flower interactions in the Mediterranean area: a Citizen Science dataset collated within the LIFE 4 Pollinators project"". https://doi.org/xxxxx"	HumanObservation	ITB022217	observation located in Natura 2000 site with code ITB022217
LIFE4POLL2292	2024-05-29	39.946332	9.165688	WGS84	Italy	IT	island, mountain	"visual observation|photograph|Barberis et al. (in press) ""Insect-flower interactions in the Mediterranean area: a Citizen Science dataset collated within the LIFE 4 Pollinators project"". https://doi.org/xxxxx"	HumanObservation	ITB022217	observation located in Natura 2000 site with code ITB022217
LIFE4POLL2293	2024-05-29	39.950675	9.16646	WGS84	Italy	IT	island, mountain	"visual observation|photograph|Barberis et al. (in press) ""Insect-flower interactions in the Mediterranean area: a Citizen Science dataset collated within the LIFE 4 Pollinators project"". https://doi.org/xxxxx"	HumanObservation	ITB022217	observation located in Natura 2000 site with code ITB022217
LIFE4POLL2294	2024-05-29	39.957369	9.196393	WGS84	Italy	IT	urban	"visual observation|photograph|Barberis et al. (in press) ""Insect-flower interactions in the Mediterranean area: a Citizen Science dataset collated within the LIFE 4 Pollinators project"". https://doi.org/xxxxx"	HumanObservation	OutsideNatura2000	observation located outside Natura 2000 sites
LIFE4POLL2295	2024-04-01	39.821194	8.786659	WGS84	Italy	IT	mountain	"visual observation|photograph|Barberis et al. (in press) ""Insect-flower interactions in the Mediterranean area: a Citizen Science dataset collated within the LIFE 4 Pollinators project"". https://doi.org/xxxxx"	HumanObservation	OutsideNatura2000	observation located outside Natura 2000 sites
LIFE4POLL2296	2024-09-26	37.932646	12.348529	WGS84	Italy	IT	seaside	"visual observation|photograph|Barberis et al. (in press) ""Insect-flower interactions in the Mediterranean area: a Citizen Science dataset collated within the LIFE 4 Pollinators project"". https://doi.org/xxxxx"	HumanObservation	ITA010027	observation located in Natura 2000 site with code ITA010027
LIFE4POLL2297	2024-09-26	37.932646	12.348529	WGS84	Italy	IT	seaside	"visual observation|photograph|Barberis et al. (in press) ""Insect-flower interactions in the Mediterranean area: a Citizen Science dataset collated within the LIFE 4 Pollinators project"". https://doi.org/xxxxx"	HumanObservation	ITA010027	observation located in Natura 2000 site with code ITA010027
LIFE4POLL2298	2024-09-28	45.52003	8.021193	WGS84	Italy	IT	riverside	"visual observation|photograph|Barberis et al. (in press) ""Insect-flower interactions in the Mediterranean area: a Citizen Science dataset collated within the LIFE 4 Pollinators project"". https://doi.org/xxxxx"	HumanObservation	OutsideNatura2000	observation located outside Natura 2000 sites
LIFE4POLL2299	2024-10-01	39.229743	9.216521	WGS84	Italy	IT	periurban, seaside	"visual observation|photograph|Barberis et al. (in press) ""Insect-flower interactions in the Mediterranean area: a Citizen Science dataset collated within the LIFE 4 Pollinators project"". https://doi.org/xxxxx"	HumanObservation	ITB040022	observation located in Natura 2000 site with code ITB040022
LIFE4POLL2300	2024-10-01	39.212472	9.172339	WGS84	Italy	IT	island, seaside	"visual observation|photograph|Barberis et al. (in press) ""Insect-flower interactions in the Mediterranean area: a Citizen Science dataset collated within the LIFE 4 Pollinators project"". https://doi.org/xxxxx"	HumanObservation	ITB030038	observation located in Natura 2000 site with code ITB030038
LIFE4POLL2301	2024-09-30	39.212438	9.172361	WGS84	Italy	IT	seaside	"visual observation|photograph|Barberis et al. (in press) ""Insect-flower interactions in the Mediterranean area: a Citizen Science dataset collated within the LIFE 4 Pollinators project"". https://doi.org/xxxxx"	HumanObservation	OutsideNatura2000	observation located outside Natura 2000 sites
LIFE4POLL2302	2024-09-30	40.041415	8.391066	WGS84	Italy	IT	island, seaside	"visual observation|photograph|Barberis et al. (in press) ""Insect-flower interactions in the Mediterranean area: a Citizen Science dataset collated within the LIFE 4 Pollinators project"". https://doi.org/xxxxx"	HumanObservation	ITB030038	observation located in Natura 2000 site with code ITB030038
LIFE4POLL2303	2024-11-04	41.946007	12.374319	WGS84	Italy	IT	urban	"visual observation|photograph|Barberis et al. (in press) ""Insect-flower interactions in the Mediterranean area: a Citizen Science dataset collated within the LIFE 4 Pollinators project"". https://doi.org/xxxxx"	HumanObservation	OutsideNatura2000	observation located outside Natura 2000 sites
LIFE4POLL2305	2024-11-10	45.533958	7.918761	WGS84	Italy	IT	mountain	"visual observation|photograph|Barberis et al. (in press) ""Insect-flower interactions in the Mediterranean area: a Citizen Science dataset collated within the LIFE 4 Pollinators project"". https://doi.org/xxxxx"	HumanObservation	OutsideNatura2000	observation located outside Natura 2000 sites
LIFE4POLL2306	2024-11-10	45.53371	7.918997	WGS84	Italy	IT	mountain	"visual observation|photograph|Barberis et al. (in press) ""Insect-flower interactions in the Mediterranean area: a Citizen Science dataset collated within the LIFE 4 Pollinators project"". https://doi.org/xxxxx"	HumanObservation	OutsideNatura2000	observation located outside Natura 2000 sites
LIFE4POLL2307	2024-11-10	45.533792	7.91889	WGS84	Italy	IT	mountain	"visual observation|photograph|Barberis et al. (in press) ""Insect-flower interactions in the Mediterranean area: a Citizen Science dataset collated within the LIFE 4 Pollinators project"". https://doi.org/xxxxx"	HumanObservation	OutsideNatura2000	observation located outside Natura 2000 sites
LIFE4POLL2308	2024-11-10	45.533815	7.919018	WGS84	Italy	IT	mountain	"visual observation|photograph|Barberis et al. (in press) ""Insect-flower interactions in the Mediterranean area: a Citizen Science dataset collated within the LIFE 4 Pollinators project"". https://doi.org/xxxxx"	HumanObservation	OutsideNatura2000	observation located outside Natura 2000 sites
LIFE4POLL2309	2024-07-21	45.4098	9.1267	WGS84	Italy	IT	urban	"visual observation|photograph|Barberis et al. (in press) ""Insect-flower interactions in the Mediterranean area: a Citizen Science dataset collated within the LIFE 4 Pollinators project"". https://doi.org/xxxxx"	HumanObservation	OutsideNatura2000	observation located outside Natura 2000 sites
LIFE4POLL2310	2025-01-30*	38.311828	23.343394	WGS84	Greece	GR	lowland	"visual observation|photograph|Barberis et al. (in press) ""Insect-flower interactions in the Mediterranean area: a Citizen Science dataset collated within the LIFE 4 Pollinators project"". https://doi.org/xxxxx"	HumanObservation	OutsideNatura2000	observation located outside Natura 2000 sites
LIFE4POLL2311	2025-01-30*	38.312047	23.34348	WGS84	Greece	GR	lowland	"visual observation|photograph|Barberis et al. (in press) ""Insect-flower interactions in the Mediterranean area: a Citizen Science dataset collated within the LIFE 4 Pollinators project"". https://doi.org/xxxxx"	HumanObservation	OutsideNatura2000	observation located outside Natura 2000 sites
LIFE4POLL2312	2025-02-16	39.360681	9.129295	WGS84	Italy	IT	island, lowland	"visual observation|photograph|Barberis et al. (in press) ""Insect-flower interactions in the Mediterranean area: a Citizen Science dataset collated within the LIFE 4 Pollinators project"". https://doi.org/xxxxx"	HumanObservation	OutsideNatura2000	observation located outside Natura 2000 sites
LIFE4POLL2313	2024-08-15	41.37577	9.178133	WGS84	France	FR	island, seaside	"visual observation|photograph|Barberis et al. (in press) ""Insect-flower interactions in the Mediterranean area: a Citizen Science dataset collated within the LIFE 4 Pollinators project"". https://doi.org/xxxxx"	HumanObservation	FR9400591	observation located in Natura 2000 site with code FR9400591
LIFE4POLL2314	2025-03-03	40.061133	8.732216	WGS84	Italy	IT	island, hills	"visual observation|photograph|Barberis et al. (in press) ""Insect-flower interactions in the Mediterranean area: a Citizen Science dataset collated within the LIFE 4 Pollinators project"". https://doi.org/xxxxx"	HumanObservation	OutsideNatura2000	observation located outside Natura 2000 sites
LIFE4POLL2315	2025-03-07*	46.429723	11.415482	WGS84	Italy	IT	mountain	"visual observation|photograph|Barberis et al. (in press) ""Insect-flower interactions in the Mediterranean area: a Citizen Science dataset collated within the LIFE 4 Pollinators project"". https://doi.org/xxxxx"	HumanObservation	OutsideNatura2000	observation located outside Natura 2000 sites
LIFE4POLL2316	2025-03-17	37.495669	15.050186	WGS84	Italy	IT	island, urban	"visual observation|photograph|Barberis et al. (in press) ""Insect-flower interactions in the Mediterranean area: a Citizen Science dataset collated within the LIFE 4 Pollinators project"". https://doi.org/xxxxx"	HumanObservation	OutsideNatura2000	observation located outside Natura 2000 sites
LIFE4POLL2317	2025-03-17	37.49569	15.050181	WGS84	Italy	IT	island, urban	"visual observation|photograph|Barberis et al. (in press) ""Insect-flower interactions in the Mediterranean area: a Citizen Science dataset collated within the LIFE 4 Pollinators project"". https://doi.org/xxxxx"	HumanObservation	OutsideNatura2000	observation located outside Natura 2000 sites
LIFE4POLL2318	2025-03-17	37.495648	15.050197	WGS84	Italy	IT	island, urban	"visual observation|photograph|Barberis et al. (in press) ""Insect-flower interactions in the Mediterranean area: a Citizen Science dataset collated within the LIFE 4 Pollinators project"". https://doi.org/xxxxx"	HumanObservation	OutsideNatura2000	observation located outside Natura 2000 sites
LIFE4POLL2319	2024-04-25	42.1759	-0.08992	WGS84	Spain	ES	hills	"visual observation|photograph|Barberis et al. (in press) ""Insect-flower interactions in the Mediterranean area: a Citizen Science dataset collated within the LIFE 4 Pollinators project"". https://doi.org/xxxxx"	HumanObservation	ES0000015	observation located in Natura 2000 site with code ES0000015
LIFE4POLL2320	2024-05-25	42.18527	-0.08655	WGS84	Spain	ES	mountain	"visual observation|photograph|Barberis et al. (in press) ""Insect-flower interactions in the Mediterranean area: a Citizen Science dataset collated within the LIFE 4 Pollinators project"". https://doi.org/xxxxx"	HumanObservation	ES0000015|ES2410025	observation located in Natura 2000 sites with codes ES0000015|ES2410025
LIFE4POLL2321	2024-05-28	42.632602	0.000352	WGS84	Spain	ES	mountain	"visual observation|photograph|Barberis et al. (in press) ""Insect-flower interactions in the Mediterranean area: a Citizen Science dataset collated within the LIFE 4 Pollinators project"". https://doi.org/xxxxx"	HumanObservation	ES0000016	observation located in Natura 2000 site with code ES0000016
LIFE4POLL2324	2024-06-05	40.350206	-6.784674	WGS84	Spain	ES	hills	"visual observation|photograph|Barberis et al. (in press) ""Insect-flower interactions in the Mediterranean area: a Citizen Science dataset collated within the LIFE 4 Pollinators project"". https://doi.org/xxxxx"	HumanObservation	ES4150032	observation located in Natura 2000 site with code ES4150032
LIFE4POLL2325	2024-06-05	40.26968	-6.85291	WGS84	Spain	ES	mountain	"visual observation|photograph|Barberis et al. (in press) ""Insect-flower interactions in the Mediterranean area: a Citizen Science dataset collated within the LIFE 4 Pollinators project"". https://doi.org/xxxxx"	HumanObservation	ES4150032	observation located in Natura 2000 site with code ES4150032
LIFE4POLL2326	2024-07-24	40.85	-3.956331	WGS84	Spain	ES	mountain	"visual observation|photograph|Barberis et al. (in press) ""Insect-flower interactions in the Mediterranean area: a Citizen Science dataset collated within the LIFE 4 Pollinators project"". https://doi.org/xxxxx"	HumanObservation	ES0000010|ES4160109	observation located in Natura 2000 sites with codes ES0000010|ES4160109
LIFE4POLL2327	2024-09-17	38.580469	-28.706458	WGS84	Portugal	PT	mountain	"visual observation|photograph|Barberis et al. (in press) ""Insect-flower interactions in the Mediterranean area: a Citizen Science dataset collated within the LIFE 4 Pollinators project"". https://doi.org/xxxxx"	HumanObservation	PTZPE0023|PTFAI0004	observation located in Natura 2000 sites with codes PTZPE0023|PTFAI0004
LIFE4POLL2328	2024-09-19	38.588152	-28.702598	WGS84	Portugal	PT	mountain	"visual observation|photograph|Barberis et al. (in press) ""Insect-flower interactions in the Mediterranean area: a Citizen Science dataset collated within the LIFE 4 Pollinators project"". https://doi.org/xxxxx"	HumanObservation	PTZPE0023|PTFAI0004	observation located in Natura 2000 sites with codes PTZPE0023|PTFAI0004
LIFE4POLL2329	2025-03-17	41.369476	-4.248977	WGS84	Spain	ES	riverside	"visual observation|photograph|Barberis et al. (in press) ""Insect-flower interactions in the Mediterranean area: a Citizen Science dataset collated within the LIFE 4 Pollinators project"". https://doi.org/xxxxx"	HumanObservation	OutsideNatura2000	observation located outside Natura 2000 sites
LIFE4POLL2330	2024-05-01	42.466387	0.022198	WGS84	Spain	ES	riverside	"visual observation|photograph|Barberis et al. (in press) ""Insect-flower interactions in the Mediterranean area: a Citizen Science dataset collated within the LIFE 4 Pollinators project"". https://doi.org/xxxxx"	HumanObservation	ES0000286|ES2410048	observation located in Natura 2000 sites with codes ES0000286|ES2410048
LIFE4POLL2331	2022-04-20	37.089008	-2.085352	WGS84	Spain	ES	hills	"visual observation|photograph|Barberis et al. (in press) ""Insect-flower interactions in the Mediterranean area: a Citizen Science dataset collated within the LIFE 4 Pollinators project"". https://doi.org/xxxxx"	HumanObservation	ES6110002	observation located in Natura 2000 site with code ES6110002
LIFE4POLL2332	2024-04-21	41.275841	-4.659238	WGS84	Spain	ES	lowland	"visual observation|photograph|Barberis et al. (in press) ""Insect-flower interactions in the Mediterranean area: a Citizen Science dataset collated within the LIFE 4 Pollinators project"". https://doi.org/xxxxx"	HumanObservation	ES4160062	observation located in Natura 2000 site with code ES4160062
LIFE4POLL2333	2023-06-10	41.28806	-3.843363	WGS84	Spain	ES	hills	"visual observation|photograph|Barberis et al. (in press) ""Insect-flower interactions in the Mediterranean area: a Citizen Science dataset collated within the LIFE 4 Pollinators project"". https://doi.org/xxxxx"	HumanObservation	ES0000115	observation located in Natura 2000 site with code ES0000115
LIFE4POLL2334	2024-04-01	40.759358	-0.14011	WGS84	Spain	ES	mountain	"visual observation|photograph|Barberis et al. (in press) ""Insect-flower interactions in the Mediterranean area: a Citizen Science dataset collated within the LIFE 4 Pollinators project"". https://doi.org/xxxxx"	HumanObservation	ES0000465|ES5223029	observation located in Natura 2000 sites with codes ES0000465|ES5223029
LIFE4POLL2335	2021-05-21	41.428946	-3.772193	WGS84	Spain	ES	mountain	"visual observation|photograph|Barberis et al. (in press) ""Insect-flower interactions in the Mediterranean area: a Citizen Science dataset collated within the LIFE 4 Pollinators project"". https://doi.org/xxxxx"	HumanObservation	ES4160122	observation located in Natura 2000 site with code ES4160122
LIFE4POLL2336	2023-05-28	41.386477	-4.210622	WGS84	Spain	ES	hills	"visual observation|photograph|Barberis et al. (in press) ""Insect-flower interactions in the Mediterranean area: a Citizen Science dataset collated within the LIFE 4 Pollinators project"". https://doi.org/xxxxx"	HumanObservation	OutsideNatura2000	observation located outside Natura 2000 sites
LIFE4POLL2337	2022-05-07	40.451641	-6.066834	WGS84	Spain	ES	mountain	"visual observation|photograph|Barberis et al. (in press) ""Insect-flower interactions in the Mediterranean area: a Citizen Science dataset collated within the LIFE 4 Pollinators project"". https://doi.org/xxxxx"	HumanObservation	ES4150005|ES4150107	observation located in Natura 2000 sites with codes ES4150005|ES4150107
LIFE4POLL2338	2022-07-23	41.085701	-3.698203	WGS84	Spain	ES	mountain	"visual observation|photograph|Barberis et al. (in press) ""Insect-flower interactions in the Mediterranean area: a Citizen Science dataset collated within the LIFE 4 Pollinators project"". https://doi.org/xxxxx"	HumanObservation	ES0000010|ES4160109	observation located in Natura 2000 sites with codes ES0000010|ES4160109
LIFE4POLL2339	2023-03-31	41.211895	-2.959565	WGS84	Spain	ES	hills	"visual observation|photograph|Barberis et al. (in press) ""Insect-flower interactions in the Mediterranean area: a Citizen Science dataset collated within the LIFE 4 Pollinators project"". https://doi.org/xxxxx"	HumanObservation	ES4240008	observation located in Natura 2000 site with code ES4240008
LIFE4POLL2340	2020-07-03	41.199372	-3.457626	WGS84	Spain	ES	mountain	"visual observation|photograph|Barberis et al. (in press) ""Insect-flower interactions in the Mediterranean area: a Citizen Science dataset collated within the LIFE 4 Pollinators project"". https://doi.org/xxxxx"	HumanObservation	ES4240007	observation located in Natura 2000 site with code ES4240007
LIFE4POLL2341	2023-09-16	41.480812	-4.294394	WGS84	Spain	ES	hills	"visual observation|photograph|Barberis et al. (in press) ""Insect-flower interactions in the Mediterranean area: a Citizen Science dataset collated within the LIFE 4 Pollinators project"". https://doi.org/xxxxx"	HumanObservation	OutsideNatura2000	observation located outside Natura 2000 sites
LIFE4POLL2342	2024-03-24	41.33638	-4.194157	WGS84	Spain	ES	lowland	"visual observation|photograph|Barberis et al. (in press) ""Insect-flower interactions in the Mediterranean area: a Citizen Science dataset collated within the LIFE 4 Pollinators project"". https://doi.org/xxxxx"	HumanObservation	OutsideNatura2000	observation located outside Natura 2000 sites
LIFE4POLL2343	2021-09-09	41.416269	-4.467853	WGS84	Spain	ES	hills	"visual observation|photograph|Barberis et al. (in press) ""Insect-flower interactions in the Mediterranean area: a Citizen Science dataset collated within the LIFE 4 Pollinators project"". https://doi.org/xxxxx"	HumanObservation	OutsideNatura2000	observation located outside Natura 2000 sites
LIFE4POLL2344	2021-05-21	41.253358	-3.066979	WGS84	Spain	ES	mountain	"visual observation|photograph|Barberis et al. (in press) ""Insect-flower interactions in the Mediterranean area: a Citizen Science dataset collated within the LIFE 4 Pollinators project"". https://doi.org/xxxxx"	HumanObservation	ES4240007	observation located in Natura 2000 site with code ES4240007
LIFE4POLL2345	2020-08-04	41.184717	-3.241839	WGS84	Spain	ES	riverside	"visual observation|photograph|Barberis et al. (in press) ""Insect-flower interactions in the Mediterranean area: a Citizen Science dataset collated within the LIFE 4 Pollinators project"". https://doi.org/xxxxx"	HumanObservation	ES0000164	observation located in Natura 2000 site with code ES0000164
LIFE4POLL2346	2020-08-04	41.184717	-3.241839	WGS84	Spain	ES	seaside	"visual observation|photograph|Barberis et al. (in press) ""Insect-flower interactions in the Mediterranean area: a Citizen Science dataset collated within the LIFE 4 Pollinators project"". https://doi.org/xxxxx"	HumanObservation	ES0000164	observation located in Natura 2000 site with code ES0000164
LIFE4POLL2347	2023-04-30	41.360969	-3.821453	WGS84	Spain	ES	hills	"visual observation|photograph|Barberis et al. (in press) ""Insect-flower interactions in the Mediterranean area: a Citizen Science dataset collated within the LIFE 4 Pollinators project"". https://doi.org/xxxxx"	HumanObservation	OutsideNatura2000	observation located outside Natura 2000 sites
LIFE4POLL2348	2023-08-12	41.364146	-4.296999	WGS84	Spain	ES	riverside	"visual observation|photograph|Barberis et al. (in press) ""Insect-flower interactions in the Mediterranean area: a Citizen Science dataset collated within the LIFE 4 Pollinators project"". https://doi.org/xxxxx"	HumanObservation	OutsideNatura2000	observation located outside Natura 2000 sites
LIFE4POLL2349	2022-05-28	41.145001	-3.577232	WGS84	Spain	ES	mountain	"visual observation|photograph|Barberis et al. (in press) ""Insect-flower interactions in the Mediterranean area: a Citizen Science dataset collated within the LIFE 4 Pollinators project"". https://doi.org/xxxxx"	HumanObservation	OutsideNatura2000	observation located outside Natura 2000 sites
LIFE4POLL2350	2023-07-04	43.161174	-4.80761	WGS84	Spain	ES	mountain	"visual observation|photograph|Barberis et al. (in press) ""Insect-flower interactions in the Mediterranean area: a Citizen Science dataset collated within the LIFE 4 Pollinators project"". https://doi.org/xxxxx"	HumanObservation	ES0000198|ES1300001	observation located in Natura 2000 sites with codes ES0000198|ES1300001
LIFE4POLL2351	2023-04-21	36.723696	-4.951851	WGS84	Spain	ES	mountain	"visual observation|photograph|Barberis et al. (in press) ""Insect-flower interactions in the Mediterranean area: a Citizen Science dataset collated within the LIFE 4 Pollinators project"". https://doi.org/xxxxx"	HumanObservation	OutsideNatura2000	observation located outside Natura 2000 sites
LIFE4POLL2352	2021-07-02	43.10192	-4.893876	WGS84	Spain	ES	mountain	"visual observation|photograph|Barberis et al. (in press) ""Insect-flower interactions in the Mediterranean area: a Citizen Science dataset collated within the LIFE 4 Pollinators project"". https://doi.org/xxxxx"	HumanObservation	ES0000003	observation located in Natura 2000 site with code ES0000003
LIFE4POLL2353	2020-06-21	41.390852	-4.299577	WGS84	Spain	ES	hills	"visual observation|photograph|Barberis et al. (in press) ""Insect-flower interactions in the Mediterranean area: a Citizen Science dataset collated within the LIFE 4 Pollinators project"". https://doi.org/xxxxx"	HumanObservation	ES0000049	observation located in Natura 2000 site with code ES0000049
LIFE4POLL2354	2020-05-10	41.405979	-4.310206	WGS84	Spain	ES	hills	"visual observation|photograph|Barberis et al. (in press) ""Insect-flower interactions in the Mediterranean area: a Citizen Science dataset collated within the LIFE 4 Pollinators project"". https://doi.org/xxxxx"	HumanObservation	OutsideNatura2000	observation located outside Natura 2000 sites
LIFE4POLL2355	2020-08-20	41.216639	-3.185474	WGS84	Spain	ES	hills	"visual observation|photograph|Barberis et al. (in press) ""Insect-flower interactions in the Mediterranean area: a Citizen Science dataset collated within the LIFE 4 Pollinators project"". https://doi.org/xxxxx"	HumanObservation	ES0000164	observation located in Natura 2000 site with code ES0000164
LIFE4POLL2356	2021-04-26	36.559268	-5.601407	WGS84	Spain	ES	hills	"visual observation|photograph|Barberis et al. (in press) ""Insect-flower interactions in the Mediterranean area: a Citizen Science dataset collated within the LIFE 4 Pollinators project"". https://doi.org/xxxxx"	HumanObservation	ES0000049	observation located in Natura 2000 site with code ES0000049
LIFE4POLL2357	2021-06-07	40.471297	-4.87648	WGS84	Spain	ES	mountain	"visual observation|photograph|Barberis et al. (in press) ""Insect-flower interactions in the Mediterranean area: a Citizen Science dataset collated within the LIFE 4 Pollinators project"". https://doi.org/xxxxx"	HumanObservation	ES4110034	observation located in Natura 2000 site with code ES4110034
LIFE4POLL2358	2025-03-30*	na	na	na	na	na	na	"visual observation|photograph|Barberis et al. (in press) ""Insect-flower interactions in the Mediterranean area: a Citizen Science dataset collated within the LIFE 4 Pollinators project"". https://doi.org/xxxxx"	HumanObservation	OutsideNatura2000	observation located outside Natura 2000 sites
LIFE4POLL2359	2025-03-30*	na	na	na	na	na	na	"visual observation|photograph|Barberis et al. (in press) ""Insect-flower interactions in the Mediterranean area: a Citizen Science dataset collated within the LIFE 4 Pollinators project"". https://doi.org/xxxxx"	HumanObservation	OutsideNatura2000	observation located outside Natura 2000 sites
LIFE4POLL2360	2025-03-30*	na	na	na	na	na	na	"visual observation|photograph|Barberis et al. (in press) ""Insect-flower interactions in the Mediterranean area: a Citizen Science dataset collated within the LIFE 4 Pollinators project"". https://doi.org/xxxxx"	HumanObservation	OutsideNatura2000	observation located outside Natura 2000 sites
LIFE4POLL2361	2025-03-30*	na	na	na	na	na	na	"visual observation|photograph|Barberis et al. (in press) ""Insect-flower interactions in the Mediterranean area: a Citizen Science dataset collated within the LIFE 4 Pollinators project"". https://doi.org/xxxxx"	HumanObservation	OutsideNatura2000	observation located outside Natura 2000 sites
LIFE4POLL2362	2022-05-16	37.504075	15.052686	WGS84	Italy	IT	island, urban	"visual observation|photograph|Barberis et al. (in press) ""Insect-flower interactions in the Mediterranean area: a Citizen Science dataset collated within the LIFE 4 Pollinators project"". https://doi.org/xxxxx"	HumanObservation	OutsideNatura2000	observation located outside Natura 2000 sites
LIFE4POLL2363	2024-05-02	37.503547	15.053008	WGS84	Italy	IT	island, urban	"visual observation|photograph|Barberis et al. (in press) ""Insect-flower interactions in the Mediterranean area: a Citizen Science dataset collated within the LIFE 4 Pollinators project"". https://doi.org/xxxxx"	HumanObservation	OutsideNatura2000	observation located outside Natura 2000 sites
LIFE4POLL2365	2025-03-28	39.208066	8.447757	WGS84	Italy	IT	island, hills	"visual observation|photograph|Barberis et al. (in press) ""Insect-flower interactions in the Mediterranean area: a Citizen Science dataset collated within the LIFE 4 Pollinators project"". https://doi.org/xxxxx"	HumanObservation	OutsideNatura2000	observation located outside Natura 2000 sites
LIFE4POLL2366	2025-04-12	44.500896	11.353605	WGS84	Italy	IT	urban	"visual observation|photograph|Barberis et al. (in press) ""Insect-flower interactions in the Mediterranean area: a Citizen Science dataset collated within the LIFE 4 Pollinators project"". https://doi.org/xxxxx"	HumanObservation	OutsideNatura2000	observation located outside Natura 2000 sites
LIFE4POLL2368	2025-04-12	44.500901	11.35356	WGS84	Italy	IT	urban	"visual observation|photograph|Barberis et al. (in press) ""Insect-flower interactions in the Mediterranean area: a Citizen Science dataset collated within the LIFE 4 Pollinators project"". https://doi.org/xxxxx"	HumanObservation	OutsideNatura2000	observation located outside Natura 2000 sites
LIFE4POLL2371	2025-04-12	44.500879	11.353599	WGS84	Italy	IT	urban	"visual observation|photograph|Barberis et al. (in press) ""Insect-flower interactions in the Mediterranean area: a Citizen Science dataset collated within the LIFE 4 Pollinators project"". https://doi.org/xxxxx"	HumanObservation	OutsideNatura2000	observation located outside Natura 2000 sites
LIFE4POLL2372	2025-04-12	44.500879	11.353599	WGS84	Italy	IT	urban	"visual observation|photograph|Barberis et al. (in press) ""Insect-flower interactions in the Mediterranean area: a Citizen Science dataset collated within the LIFE 4 Pollinators project"". https://doi.org/xxxxx"	HumanObservation	OutsideNatura2000	observation located outside Natura 2000 sites
LIFE4POLL2374	2025-04-12*	44.500879	11.353599	WGS84	Italy	IT	urban	"visual observation|photograph|Barberis et al. (in press) ""Insect-flower interactions in the Mediterranean area: a Citizen Science dataset collated within the LIFE 4 Pollinators project"". https://doi.org/xxxxx"	HumanObservation	OutsideNatura2000	observation located outside Natura 2000 sites
LIFE4POLL2377	2025-04-12	44.50088	11.353598	WGS84	Italy	IT	urban	"visual observation|photograph|Barberis et al. (in press) ""Insect-flower interactions in the Mediterranean area: a Citizen Science dataset collated within the LIFE 4 Pollinators project"". https://doi.org/xxxxx"	HumanObservation	OutsideNatura2000	observation located outside Natura 2000 sites
LIFE4POLL2378	2025-04-12	44.500634	11.353564	WGS84	Italy	IT	urban	"visual observation|photograph|Barberis et al. (in press) ""Insect-flower interactions in the Mediterranean area: a Citizen Science dataset collated within the LIFE 4 Pollinators project"". https://doi.org/xxxxx"	HumanObservation	OutsideNatura2000	observation located outside Natura 2000 sites
LIFE4POLL2379	2025-04-11	44.501069	11.353951	WGS84	Italy	IT	urban	"visual observation|photograph|Barberis et al. (in press) ""Insect-flower interactions in the Mediterranean area: a Citizen Science dataset collated within the LIFE 4 Pollinators project"". https://doi.org/xxxxx"	HumanObservation	OutsideNatura2000	observation located outside Natura 2000 sites
LIFE4POLL2380	2025-04-14*	45.198127	11.286526	WGS84	Italy	IT	lowland	"visual observation|photograph|Barberis et al. (in press) ""Insect-flower interactions in the Mediterranean area: a Citizen Science dataset collated within the LIFE 4 Pollinators project"". https://doi.org/xxxxx"	HumanObservation	OutsideNatura2000	observation located outside Natura 2000 sites
LIFE4POLL2381	2025-04-14*	45.225424	11.660567	WGS84	Italy	IT	urban	"visual observation|photograph|Barberis et al. (in press) ""Insect-flower interactions in the Mediterranean area: a Citizen Science dataset collated within the LIFE 4 Pollinators project"". https://doi.org/xxxxx"	HumanObservation	OutsideNatura2000	observation located outside Natura 2000 sites
LIFE4POLL2382	2024-09-29	44.200612	12.082477	WGS84	Italy	IT	urban	"visual observation|photograph|Barberis et al. (in press) ""Insect-flower interactions in the Mediterranean area: a Citizen Science dataset collated within the LIFE 4 Pollinators project"". https://doi.org/xxxxx"	HumanObservation	OutsideNatura2000	observation located outside Natura 2000 sites
LIFE4POLL2383	2025-04-16*	41.467586	13.33739	WGS84	Italy	IT	urban	"visual observation|photograph|Barberis et al. (in press) ""Insect-flower interactions in the Mediterranean area: a Citizen Science dataset collated within the LIFE 4 Pollinators project"". https://doi.org/xxxxx"	HumanObservation	OutsideNatura2000	observation located outside Natura 2000 sites
LIFE4POLL2384	2025-03-17	37.495807	15.050124	WGS84	Italy	IT	island, urban	"visual observation|photograph|Barberis et al. (in press) ""Insect-flower interactions in the Mediterranean area: a Citizen Science dataset collated within the LIFE 4 Pollinators project"". https://doi.org/xxxxx"	HumanObservation	OutsideNatura2000	observation located outside Natura 2000 sites
LIFE4POLL2385	2025-03-17	37.495907	15.050225	WGS84	Italy	IT	island, urban	"visual observation|photograph|Barberis et al. (in press) ""Insect-flower interactions in the Mediterranean area: a Citizen Science dataset collated within the LIFE 4 Pollinators project"". https://doi.org/xxxxx"	HumanObservation	ES7020035	observation located in Natura 2000 site with code ES7020035
LIFE4POLL2386	2025-03-17	37.495695	15.050186	WGS84	Italy	IT	island, urban	"visual observation|photograph|Barberis et al. (in press) ""Insect-flower interactions in the Mediterranean area: a Citizen Science dataset collated within the LIFE 4 Pollinators project"". https://doi.org/xxxxx"	HumanObservation	OutsideNatura2000	observation located outside Natura 2000 sites
LIFE4POLL2387	2025-03-17	37.495656	15.050175	WGS84	Italy	IT	island, urban	"visual observation|photograph|Barberis et al. (in press) ""Insect-flower interactions in the Mediterranean area: a Citizen Science dataset collated within the LIFE 4 Pollinators project"". https://doi.org/xxxxx"	HumanObservation	ES0000044	observation located in Natura 2000 site with code ES0000044
LIFE4POLL2388	2025-03-26	28.472776	-16.44902	WGS84	Spain	ES	island, seaside	"visual observation|photograph|Barberis et al. (in press) ""Insect-flower interactions in the Mediterranean area: a Citizen Science dataset collated within the LIFE 4 Pollinators project"". https://doi.org/xxxxx"	HumanObservation	ES0000342|ES7020029	observation located in Natura 2000 sites with codes ES0000342|ES7020029
LIFE4POLL2389	2025-03-27	28.08387	-17.15688	WGS84	Spain	ES	island, mountain	"visual observation|photograph|Barberis et al. (in press) ""Insect-flower interactions in the Mediterranean area: a Citizen Science dataset collated within the LIFE 4 Pollinators project"". https://doi.org/xxxxx"	HumanObservation	ES0000044	observation located in Natura 2000 site with code ES0000044
LIFE4POLL2390	2025-03-28	28.11472	-17.272485	WGS84	Spain	ES	island, hills	"visual observation|photograph|Barberis et al. (in press) ""Insect-flower interactions in the Mediterranean area: a Citizen Science dataset collated within the LIFE 4 Pollinators project"". https://doi.org/xxxxx"	HumanObservation	ES0000044	observation located in Natura 2000 site with code ES0000044
LIFE4POLL2391	2025-03-28	28.128793	-17.208676	WGS84	Spain	ES	island, mountain	"visual observation|photograph|Barberis et al. (in press) ""Insect-flower interactions in the Mediterranean area: a Citizen Science dataset collated within the LIFE 4 Pollinators project"". https://doi.org/xxxxx"	HumanObservation	ES0000044	observation located in Natura 2000 site with code ES0000044
LIFE4POLL2392	2025-03-28	28.12487	-17.10776	WGS84	Spain	ES	island, seaside	"visual observation|photograph|Barberis et al. (in press) ""Insect-flower interactions in the Mediterranean area: a Citizen Science dataset collated within the LIFE 4 Pollinators project"". https://doi.org/xxxxx"	HumanObservation	ES0000044	observation located in Natura 2000 site with code ES0000044
LIFE4POLL2393	2025-03-29	28.12171	-17.21528	WGS84	Spain	ES	island, mountain	"visual observation|photograph|Barberis et al. (in press) ""Insect-flower interactions in the Mediterranean area: a Citizen Science dataset collated within the LIFE 4 Pollinators project"". https://doi.org/xxxxx"	HumanObservation	ES0000044	observation located in Natura 2000 site with code ES0000044
LIFE4POLL2394	2025-03-29	28.12171	-17.21528	WGS84	Spain	ES	island, mountain	"visual observation|photograph|Barberis et al. (in press) ""Insect-flower interactions in the Mediterranean area: a Citizen Science dataset collated within the LIFE 4 Pollinators project"". https://doi.org/xxxxx"	HumanObservation	ES7020037	observation located in Natura 2000 site with code ES7020037
LIFE4POLL2395	2025-03-29	28.10677	-17.20983	WGS84	Spain	ES	island, mountain	"visual observation|photograph|Barberis et al. (in press) ""Insect-flower interactions in the Mediterranean area: a Citizen Science dataset collated within the LIFE 4 Pollinators project"". https://doi.org/xxxxx"	HumanObservation	OutsideNatura2000	observation located outside Natura 2000 sites
LIFE4POLL2396	2025-03-29	28.11095	-17.20717	WGS84	Spain	ES	island, mountain	"visual observation|photograph|Barberis et al. (in press) ""Insect-flower interactions in the Mediterranean area: a Citizen Science dataset collated within the LIFE 4 Pollinators project"". https://doi.org/xxxxx"	HumanObservation	ITB021103	observation located in Natura 2000 site with code ITB021103
LIFE4POLL2397	2025-03-29	28.11047	-17.2098	WGS84	Spain	ES	island, mountain	"visual observation|photograph|Barberis et al. (in press) ""Insect-flower interactions in the Mediterranean area: a Citizen Science dataset collated within the LIFE 4 Pollinators project"". https://doi.org/xxxxx"	HumanObservation	OutsideNatura2000	observation located outside Natura 2000 sites
LIFE4POLL2399	2025-04-01	28.14255	-17.32145	WGS84	Spain	ES	island, mountain	"visual observation|photograph|Barberis et al. (in press) ""Insect-flower interactions in the Mediterranean area: a Citizen Science dataset collated within the LIFE 4 Pollinators project"". https://doi.org/xxxxx"	HumanObservation	OutsideNatura2000	observation located outside Natura 2000 sites
LIFE4POLL2400	2025-04-20*	28.15154	-17.33304	WGS84	Spain	ES	island, seaside	"visual observation|photograph|Barberis et al. (in press) ""Insect-flower interactions in the Mediterranean area: a Citizen Science dataset collated within the LIFE 4 Pollinators project"". https://doi.org/xxxxx"	HumanObservation	OutsideNatura2000	observation located outside Natura 2000 sites
LIFE4POLL2401	2024-05-29	39.950477	9.236927	WGS84	Italy	IT	island, mountain	"visual observation|photograph|Barberis et al. (in press) ""Insect-flower interactions in the Mediterranean area: a Citizen Science dataset collated within the LIFE 4 Pollinators project"". https://doi.org/xxxxx"	HumanObservation	OutsideNatura2000	observation located outside Natura 2000 sites
LIFE4POLL2402	2025-04-22	43.025196	10.807039	WGS84	Italy	IT	hills	"visual observation|photograph|Barberis et al. (in press) ""Insect-flower interactions in the Mediterranean area: a Citizen Science dataset collated within the LIFE 4 Pollinators project"". https://doi.org/xxxxx"	HumanObservation	OutsideNatura2000	observation located outside Natura 2000 sites
LIFE4POLL2403	2025-04-23	42.408011	11.208801	WGS84	Italy	IT	seaside	"visual observation|photograph|Barberis et al. (in press) ""Insect-flower interactions in the Mediterranean area: a Citizen Science dataset collated within the LIFE 4 Pollinators project"". https://doi.org/xxxxx"	HumanObservation	OutsideNatura2000	observation located outside Natura 2000 sites
LIFE4POLL2404	2025-04-22	43.025416	10.80722	WGS84	Italy	IT	hills	"visual observation|photograph|Barberis et al. (in press) ""Insect-flower interactions in the Mediterranean area: a Citizen Science dataset collated within the LIFE 4 Pollinators project"". https://doi.org/xxxxx"	HumanObservation	OutsideNatura2000	observation located outside Natura 2000 sites
LIFE4POLL2405	2025-04-26	45.404597	8.02017	WGS84	Italy	IT	lakeside	"visual observation|photograph|Barberis et al. (in press) ""Insect-flower interactions in the Mediterranean area: a Citizen Science dataset collated within the LIFE 4 Pollinators project"". https://doi.org/xxxxx"	HumanObservation	OutsideNatura2000	observation located outside Natura 2000 sites
LIFE4POLL2406	2025-04-27	42.333333	2.4	WGS84	Spain	ES	urban	"visual observation|photograph|Barberis et al. (in press) ""Insect-flower interactions in the Mediterranean area: a Citizen Science dataset collated within the LIFE 4 Pollinators project"". https://doi.org/xxxxx"	HumanObservation	OutsideNatura2000	observation located outside Natura 2000 sites
LIFE4POLL2407	2025-04-28	45.521601	11.888	WGS84	Italy	IT	mountain	"visual observation|photograph|Barberis et al. (in press) ""Insect-flower interactions in the Mediterranean area: a Citizen Science dataset collated within the LIFE 4 Pollinators project"". https://doi.org/xxxxx"	HumanObservation	IT1110057	observation located in Natura 2000 site with code IT1110057
LIFE4POLL2408	2025-04-28	45.5216	11.888001	WGS84	Italy	IT	mountain	"visual observation|photograph|Barberis et al. (in press) ""Insect-flower interactions in the Mediterranean area: a Citizen Science dataset collated within the LIFE 4 Pollinators project"". https://doi.org/xxxxx"	HumanObservation	IT1110057	observation located in Natura 2000 site with code IT1110057
LIFE4POLL2409	2025-04-28	45.521602	11.887999	WGS84	Italy	IT	mountain	"visual observation|photograph|Barberis et al. (in press) ""Insect-flower interactions in the Mediterranean area: a Citizen Science dataset collated within the LIFE 4 Pollinators project"". https://doi.org/xxxxx"	HumanObservation	IT1110057	observation located in Natura 2000 site with code IT1110057
LIFE4POLL2410	2025-04-28	45.5216	11.888	WGS84	Italy	IT	mountain	"visual observation|photograph|Barberis et al. (in press) ""Insect-flower interactions in the Mediterranean area: a Citizen Science dataset collated within the LIFE 4 Pollinators project"". https://doi.org/xxxxx"	HumanObservation	IT1110057	observation located in Natura 2000 site with code IT1110057
LIFE4POLL2411	2025-04-30	45.5216	11.888	WGS84	Italy	IT	mountain	"visual observation|photograph|Barberis et al. (in press) ""Insect-flower interactions in the Mediterranean area: a Citizen Science dataset collated within the LIFE 4 Pollinators project"". https://doi.org/xxxxx"	HumanObservation	IT1110057	observation located in Natura 2000 site with code IT1110057
LIFE4POLL2412	2025-04-30	45.5216	11.888	WGS84	Italy	IT	mountain	"visual observation|photograph|Barberis et al. (in press) ""Insect-flower interactions in the Mediterranean area: a Citizen Science dataset collated within the LIFE 4 Pollinators project"". https://doi.org/xxxxx"	HumanObservation	IT1110057	observation located in Natura 2000 site with code IT1110057
