eventID	resourceID	relatedResourceID	relationshipOfResource	relationshipOfResourceID
LIFE4POLL2	LIFE4POLL2-a-1000000	LIFE4POLL2-p-1000000	visits flowers of	http://purl.obolibrary.org/obo/RO_0002622
LIFE4POLL3	LIFE4POLL3-a-1000001	LIFE4POLL3-p-1000001	visits flowers of	http://purl.obolibrary.org/obo/RO_0002622
LIFE4POLL5	LIFE4POLL5-a-1000002	LIFE4POLL5-p-1000002	visits flowers of	http://purl.obolibrary.org/obo/RO_0002622
LIFE4POLL6	LIFE4POLL6-a-1000003	LIFE4POLL6-p-1000003	visits flowers of	http://purl.obolibrary.org/obo/RO_0002622
LIFE4POLL7	LIFE4POLL7-a-1000004	LIFE4POLL7-p-1000004	visits flowers of	http://purl.obolibrary.org/obo/RO_0002622
LIFE4POLL8	LIFE4POLL8-a-1000005	LIFE4POLL8-p-1000005	visits flowers of	http://purl.obolibrary.org/obo/RO_0002622
LIFE4POLL9	LIFE4POLL9-a-1000006	LIFE4POLL9-p-1000006	visits flowers of	http://purl.obolibrary.org/obo/RO_0002622
LIFE4POLL10	LIFE4POLL10-a-1000007	LIFE4POLL10-p-1000007	visits flowers of	http://purl.obolibrary.org/obo/RO_0002622
LIFE4POLL11	LIFE4POLL11-a-1000008	LIFE4POLL11-p-1000008	visits flowers of	http://purl.obolibrary.org/obo/RO_0002622
LIFE4POLL12	LIFE4POLL12-a-1000009	LIFE4POLL12-p-1000009	visits flowers of	http://purl.obolibrary.org/obo/RO_0002622
LIFE4POLL14	LIFE4POLL14-a-1000010	LIFE4POLL14-p-1000010	visits flowers of	http://purl.obolibrary.org/obo/RO_0002622
LIFE4POLL15	LIFE4POLL15-a-1000011	LIFE4POLL15-p-1000011	visits flowers of	http://purl.obolibrary.org/obo/RO_0002622
LIFE4POLL17	LIFE4POLL17-a-1000012	LIFE4POLL17-p-1000012	visits flowers of	http://purl.obolibrary.org/obo/RO_0002622
LIFE4POLL18	LIFE4POLL18-a-1000013	LIFE4POLL18-p-1000013	visits flowers of	http://purl.obolibrary.org/obo/RO_0002622
LIFE4POLL19	LIFE4POLL19-a-1000014	LIFE4POLL19-p-1000014	visits flowers of	http://purl.obolibrary.org/obo/RO_0002622
LIFE4POLL20	LIFE4POLL20-a-1000015	LIFE4POLL20-p-1000015	visits flowers of	http://purl.obolibrary.org/obo/RO_0002622
LIFE4POLL21	LIFE4POLL21-a-1000016	LIFE4POLL21-p-1000016	visits flowers of	http://purl.obolibrary.org/obo/RO_0002622
LIFE4POLL23	LIFE4POLL23-a-1000017	LIFE4POLL23-p-1000017	visits flowers of	http://purl.obolibrary.org/obo/RO_0002622
LIFE4POLL24	LIFE4POLL24-a-1000018	LIFE4POLL24-p-1000018	visits flowers of	http://purl.obolibrary.org/obo/RO_0002622
LIFE4POLL25	LIFE4POLL25-a-1000019	LIFE4POLL25-p-1000019	visits flowers of	http://purl.obolibrary.org/obo/RO_0002622
LIFE4POLL27	LIFE4POLL27-a-1000020	LIFE4POLL27-p-1000020	visits flowers of	http://purl.obolibrary.org/obo/RO_0002622
LIFE4POLL28	LIFE4POLL28-a-1000021	LIFE4POLL28-p-1000021	visits flowers of	http://purl.obolibrary.org/obo/RO_0002622
LIFE4POLL29	LIFE4POLL29-a-1000022	LIFE4POLL29-p-1000022	visits flowers of	http://purl.obolibrary.org/obo/RO_0002622
LIFE4POLL31	LIFE4POLL31-a-1000023	LIFE4POLL31-p-1000023	visits flowers of	http://purl.obolibrary.org/obo/RO_0002622
LIFE4POLL32	LIFE4POLL32-a-1000024	LIFE4POLL32-p-1000024	visits flowers of	http://purl.obolibrary.org/obo/RO_0002622
LIFE4POLL33	LIFE4POLL33-a-1000025	LIFE4POLL33-p-1000025	visits flowers of	http://purl.obolibrary.org/obo/RO_0002622
LIFE4POLL34	LIFE4POLL34-a-1000026	LIFE4POLL34-p-1000026	visits flowers of	http://purl.obolibrary.org/obo/RO_0002622
LIFE4POLL35	LIFE4POLL35-a-1000027	LIFE4POLL35-p-1000027	visits flowers of	http://purl.obolibrary.org/obo/RO_0002622
LIFE4POLL36	LIFE4POLL36-a-1000028	LIFE4POLL36-p-1000028	visits flowers of	http://purl.obolibrary.org/obo/RO_0002622
LIFE4POLL37	LIFE4POLL37-a-1000029	LIFE4POLL37-p-1000029	visits flowers of	http://purl.obolibrary.org/obo/RO_0002622
LIFE4POLL38	LIFE4POLL38-a-1000030	LIFE4POLL38-p-1000030	visits flowers of	http://purl.obolibrary.org/obo/RO_0002622
LIFE4POLL39	LIFE4POLL39-a-1000031	LIFE4POLL39-p-1000031	visits flowers of	http://purl.obolibrary.org/obo/RO_0002622
LIFE4POLL40	LIFE4POLL40-a-1000032	LIFE4POLL40-p-1000032	visits flowers of	http://purl.obolibrary.org/obo/RO_0002622
LIFE4POLL41	LIFE4POLL41-a-1000033	LIFE4POLL41-p-1000033	visits flowers of	http://purl.obolibrary.org/obo/RO_0002622
LIFE4POLL44	LIFE4POLL44-a-1000034	LIFE4POLL44-p-1000034	visits flowers of	http://purl.obolibrary.org/obo/RO_0002622
LIFE4POLL45	LIFE4POLL45-a-1000035	LIFE4POLL45-p-1000035	visits flowers of	http://purl.obolibrary.org/obo/RO_0002622
LIFE4POLL46	LIFE4POLL46-a-1000036	LIFE4POLL46-p-1000036	visits flowers of	http://purl.obolibrary.org/obo/RO_0002622
LIFE4POLL47	LIFE4POLL47-a-1000037	LIFE4POLL47-p-1000037	visits flowers of	http://purl.obolibrary.org/obo/RO_0002622
LIFE4POLL48	LIFE4POLL48-a-1000038	LIFE4POLL48-p-1000038	visits flowers of	http://purl.obolibrary.org/obo/RO_0002622
LIFE4POLL49	LIFE4POLL49-a-1000039	LIFE4POLL49-p-1000039	visits flowers of	http://purl.obolibrary.org/obo/RO_0002622
LIFE4POLL50	LIFE4POLL50-a-1000040	LIFE4POLL50-p-1000040	visits flowers of	http://purl.obolibrary.org/obo/RO_0002622
LIFE4POLL51	LIFE4POLL51-a-1000041	LIFE4POLL51-p-1000041	visits flowers of	http://purl.obolibrary.org/obo/RO_0002622
LIFE4POLL52	LIFE4POLL52-a-1000042	LIFE4POLL52-p-1000042	visits flowers of	http://purl.obolibrary.org/obo/RO_0002622
LIFE4POLL53	LIFE4POLL53-a-1000043	LIFE4POLL53-p-1000043	visits flowers of	http://purl.obolibrary.org/obo/RO_0002622
LIFE4POLL54	LIFE4POLL54-a-1000044	LIFE4POLL54-p-1000044	visits flowers of	http://purl.obolibrary.org/obo/RO_0002622
LIFE4POLL55	LIFE4POLL55-a-1000045	LIFE4POLL55-p-1000045	visits flowers of	http://purl.obolibrary.org/obo/RO_0002622
LIFE4POLL56	LIFE4POLL56-a-1000046	LIFE4POLL56-p-1000046	visits flowers of	http://purl.obolibrary.org/obo/RO_0002622
LIFE4POLL57	LIFE4POLL57-a-1000047	LIFE4POLL57-p-1000047	visits flowers of	http://purl.obolibrary.org/obo/RO_0002622
LIFE4POLL58	LIFE4POLL58-a-1000048	LIFE4POLL58-p-1000048	visits flowers of	http://purl.obolibrary.org/obo/RO_0002622
LIFE4POLL59	LIFE4POLL59-a-1000049	LIFE4POLL59-p-1000049	visits flowers of	http://purl.obolibrary.org/obo/RO_0002622
LIFE4POLL60	LIFE4POLL60-a-1000050	LIFE4POLL60-p-1000050	visits flowers of	http://purl.obolibrary.org/obo/RO_0002622
LIFE4POLL61	LIFE4POLL61-a-1000051	LIFE4POLL61-p-1000051	visits flowers of	http://purl.obolibrary.org/obo/RO_0002622
LIFE4POLL62	LIFE4POLL62-a-1000052	LIFE4POLL62-p-1000052	visits flowers of	http://purl.obolibrary.org/obo/RO_0002622
LIFE4POLL63	LIFE4POLL63-a-1000053	LIFE4POLL63-p-1000053	visits flowers of	http://purl.obolibrary.org/obo/RO_0002622
LIFE4POLL64	LIFE4POLL64-a-1000054	LIFE4POLL64-p-1000054	visits flowers of	http://purl.obolibrary.org/obo/RO_0002622
LIFE4POLL65	LIFE4POLL65-a-1000055	LIFE4POLL65-p-1000055	visits flowers of	http://purl.obolibrary.org/obo/RO_0002622
LIFE4POLL66	LIFE4POLL66-a-1000056	LIFE4POLL66-p-1000056	visits flowers of	http://purl.obolibrary.org/obo/RO_0002622
LIFE4POLL67	LIFE4POLL67-a-1000057	LIFE4POLL67-p-1000057	visits flowers of	http://purl.obolibrary.org/obo/RO_0002622
LIFE4POLL68	LIFE4POLL68-a-1000058	LIFE4POLL68-p-1000058	visits flowers of	http://purl.obolibrary.org/obo/RO_0002622
LIFE4POLL69	LIFE4POLL69-a-1000059	LIFE4POLL69-p-1000059	visits flowers of	http://purl.obolibrary.org/obo/RO_0002622
LIFE4POLL70	LIFE4POLL70-a-1000060	LIFE4POLL70-p-1000060	visits flowers of	http://purl.obolibrary.org/obo/RO_0002622
LIFE4POLL72	LIFE4POLL72-a-1000061	LIFE4POLL72-p-1000061	visits flowers of	http://purl.obolibrary.org/obo/RO_0002622
LIFE4POLL73	LIFE4POLL73-a-1000062	LIFE4POLL73-p-1000062	visits flowers of	http://purl.obolibrary.org/obo/RO_0002622
LIFE4POLL74	LIFE4POLL74-a-1000063	LIFE4POLL74-p-1000063	visits flowers of	http://purl.obolibrary.org/obo/RO_0002622
LIFE4POLL76	LIFE4POLL76-a-1000064	LIFE4POLL76-p-1000064	visits flowers of	http://purl.obolibrary.org/obo/RO_0002622
LIFE4POLL77	LIFE4POLL77-a-1000065	LIFE4POLL77-p-1000065	visits flowers of	http://purl.obolibrary.org/obo/RO_0002622
LIFE4POLL78	LIFE4POLL78-a-1000066	LIFE4POLL78-p-1000066	visits flowers of	http://purl.obolibrary.org/obo/RO_0002622
LIFE4POLL79	LIFE4POLL79-a-1000067	LIFE4POLL79-p-1000067	visits flowers of	http://purl.obolibrary.org/obo/RO_0002622
LIFE4POLL81	LIFE4POLL81-a-1000068	LIFE4POLL81-p-1000068	visits flowers of	http://purl.obolibrary.org/obo/RO_0002622
LIFE4POLL82	LIFE4POLL82-a-1000069	LIFE4POLL82-p-1000069	visits flowers of	http://purl.obolibrary.org/obo/RO_0002622
LIFE4POLL83	LIFE4POLL83-a-1000070	LIFE4POLL83-p-1000070	visits flowers of	http://purl.obolibrary.org/obo/RO_0002622
LIFE4POLL84	LIFE4POLL84-a-1000071	LIFE4POLL84-p-1000071	visits flowers of	http://purl.obolibrary.org/obo/RO_0002622
LIFE4POLL85	LIFE4POLL85-a-1000072	LIFE4POLL85-p-1000072	visits flowers of	http://purl.obolibrary.org/obo/RO_0002622
LIFE4POLL86	LIFE4POLL86-a-1000073	LIFE4POLL86-p-1000073	visits flowers of	http://purl.obolibrary.org/obo/RO_0002622
LIFE4POLL87	LIFE4POLL87-a-1000074	LIFE4POLL87-p-1000074	visits flowers of	http://purl.obolibrary.org/obo/RO_0002622
LIFE4POLL88	LIFE4POLL88-a-1000075	LIFE4POLL88-p-1000075	visits flowers of	http://purl.obolibrary.org/obo/RO_0002622
LIFE4POLL89	LIFE4POLL89-a-1000076	LIFE4POLL89-p-1000076	visits flowers of	http://purl.obolibrary.org/obo/RO_0002622
LIFE4POLL90	LIFE4POLL90-a-1000077	LIFE4POLL90-p-1000077	visits flowers of	http://purl.obolibrary.org/obo/RO_0002622
LIFE4POLL91	LIFE4POLL91-a-1000078	LIFE4POLL91-p-1000078	visits flowers of	http://purl.obolibrary.org/obo/RO_0002622
LIFE4POLL92	LIFE4POLL92-a-1000079	LIFE4POLL92-p-1000079	visits flowers of	http://purl.obolibrary.org/obo/RO_0002622
LIFE4POLL93	LIFE4POLL93-a-1000080	LIFE4POLL93-p-1000080	visits flowers of	http://purl.obolibrary.org/obo/RO_0002622
LIFE4POLL94	LIFE4POLL94-a-1000081	LIFE4POLL94-p-1000081	visits flowers of	http://purl.obolibrary.org/obo/RO_0002622
LIFE4POLL95	LIFE4POLL95-a-1000082	LIFE4POLL95-p-1000082	visits flowers of	http://purl.obolibrary.org/obo/RO_0002622
LIFE4POLL96	LIFE4POLL96-a-1000083	LIFE4POLL96-p-1000083	visits flowers of	http://purl.obolibrary.org/obo/RO_0002622
LIFE4POLL97	LIFE4POLL97-a-1000084	LIFE4POLL97-p-1000084	visits flowers of	http://purl.obolibrary.org/obo/RO_0002622
LIFE4POLL98	LIFE4POLL98-a-1000085	LIFE4POLL98-p-1000085	visits flowers of	http://purl.obolibrary.org/obo/RO_0002622
LIFE4POLL99	LIFE4POLL99-a-1000086	LIFE4POLL99-p-1000086	visits flowers of	http://purl.obolibrary.org/obo/RO_0002622
LIFE4POLL100	LIFE4POLL100-a-1000087	LIFE4POLL100-p-1000087	visits flowers of	http://purl.obolibrary.org/obo/RO_0002622
LIFE4POLL101	LIFE4POLL101-a-1000088	LIFE4POLL101-p-1000088	visits flowers of	http://purl.obolibrary.org/obo/RO_0002622
LIFE4POLL102	LIFE4POLL102-a-1000089	LIFE4POLL102-p-1000089	visits flowers of	http://purl.obolibrary.org/obo/RO_0002622
LIFE4POLL103	LIFE4POLL103-a-1000090	LIFE4POLL103-p-1000090	visits flowers of	http://purl.obolibrary.org/obo/RO_0002622
LIFE4POLL104	LIFE4POLL104-a-1000091	LIFE4POLL104-p-1000091	visits flowers of	http://purl.obolibrary.org/obo/RO_0002622
LIFE4POLL105	LIFE4POLL105-a-1000092	LIFE4POLL105-p-1000092	visits flowers of	http://purl.obolibrary.org/obo/RO_0002622
LIFE4POLL106	LIFE4POLL106-a-1000093	LIFE4POLL106-p-1000093	visits flowers of	http://purl.obolibrary.org/obo/RO_0002622
LIFE4POLL107	LIFE4POLL107-a-1000094	LIFE4POLL107-p-1000094	visits flowers of	http://purl.obolibrary.org/obo/RO_0002622
LIFE4POLL108	LIFE4POLL108-a-1000095	LIFE4POLL108-p-1000095	visits flowers of	http://purl.obolibrary.org/obo/RO_0002622
LIFE4POLL110	LIFE4POLL110-a-1000096	LIFE4POLL110-p-1000096	visits flowers of	http://purl.obolibrary.org/obo/RO_0002622
LIFE4POLL111	LIFE4POLL111-a-1000097	LIFE4POLL111-p-1000097	visits flowers of	http://purl.obolibrary.org/obo/RO_0002622
LIFE4POLL112	LIFE4POLL112-a-1000098	LIFE4POLL112-p-1000098	visits flowers of	http://purl.obolibrary.org/obo/RO_0002622
LIFE4POLL113	LIFE4POLL113-a-1000099	LIFE4POLL113-p-1000099	visits flowers of	http://purl.obolibrary.org/obo/RO_0002622
LIFE4POLL114	LIFE4POLL114-a-1000100	LIFE4POLL114-p-1000100	visits flowers of	http://purl.obolibrary.org/obo/RO_0002622
LIFE4POLL115	LIFE4POLL115-a-1000101	LIFE4POLL115-p-1000101	visits flowers of	http://purl.obolibrary.org/obo/RO_0002622
LIFE4POLL116	LIFE4POLL116-a-1000102	LIFE4POLL116-p-1000102	visits flowers of	http://purl.obolibrary.org/obo/RO_0002622
LIFE4POLL117	LIFE4POLL117-a-1000103	LIFE4POLL117-p-1000103	visits flowers of	http://purl.obolibrary.org/obo/RO_0002622
LIFE4POLL118	LIFE4POLL118-a-1000104	LIFE4POLL118-p-1000104	visits flowers of	http://purl.obolibrary.org/obo/RO_0002622
LIFE4POLL119	LIFE4POLL119-a-1000105	LIFE4POLL119-p-1000105	visits flowers of	http://purl.obolibrary.org/obo/RO_0002622
LIFE4POLL120	LIFE4POLL120-a-1000106	LIFE4POLL120-p-1000106	visits flowers of	http://purl.obolibrary.org/obo/RO_0002622
LIFE4POLL121	LIFE4POLL121-a-1000107	LIFE4POLL121-p-1000107	visits flowers of	http://purl.obolibrary.org/obo/RO_0002622
LIFE4POLL122	LIFE4POLL122-a-1000108	LIFE4POLL122-p-1000108	visits flowers of	http://purl.obolibrary.org/obo/RO_0002622
LIFE4POLL123	LIFE4POLL123-a-1000109	LIFE4POLL123-p-1000109	visits flowers of	http://purl.obolibrary.org/obo/RO_0002622
LIFE4POLL124	LIFE4POLL124-a-1000110	LIFE4POLL124-p-1000110	visits flowers of	http://purl.obolibrary.org/obo/RO_0002622
LIFE4POLL125	LIFE4POLL125-a-1000111	LIFE4POLL125-p-1000111	visits flowers of	http://purl.obolibrary.org/obo/RO_0002622
LIFE4POLL126	LIFE4POLL126-a-1000112	LIFE4POLL126-p-1000112	visits flowers of	http://purl.obolibrary.org/obo/RO_0002622
LIFE4POLL127	LIFE4POLL127-a-1000113	LIFE4POLL127-p-1000113	visits flowers of	http://purl.obolibrary.org/obo/RO_0002622
LIFE4POLL128	LIFE4POLL128-a-1000114	LIFE4POLL128-p-1000114	visits flowers of	http://purl.obolibrary.org/obo/RO_0002622
LIFE4POLL129	LIFE4POLL129-a-1000115	LIFE4POLL129-p-1000115	visits flowers of	http://purl.obolibrary.org/obo/RO_0002622
LIFE4POLL130	LIFE4POLL130-a-1000116	LIFE4POLL130-p-1000116	visits flowers of	http://purl.obolibrary.org/obo/RO_0002622
LIFE4POLL131	LIFE4POLL131-a-1000117	LIFE4POLL131-p-1000117	visits flowers of	http://purl.obolibrary.org/obo/RO_0002622
LIFE4POLL132	LIFE4POLL132-a-1000118	LIFE4POLL132-p-1000118	visits flowers of	http://purl.obolibrary.org/obo/RO_0002622
LIFE4POLL133	LIFE4POLL133-a-1000119	LIFE4POLL133-p-1000119	visits flowers of	http://purl.obolibrary.org/obo/RO_0002622
LIFE4POLL134	LIFE4POLL134-a-1000120	LIFE4POLL134-p-1000120	visits flowers of	http://purl.obolibrary.org/obo/RO_0002622
LIFE4POLL135	LIFE4POLL135-a-1000121	LIFE4POLL135-p-1000121	visits flowers of	http://purl.obolibrary.org/obo/RO_0002622
LIFE4POLL136	LIFE4POLL136-a-1000122	LIFE4POLL136-p-1000122	visits flowers of	http://purl.obolibrary.org/obo/RO_0002622
LIFE4POLL137	LIFE4POLL137-a-1000123	LIFE4POLL137-p-1000123	visits flowers of	http://purl.obolibrary.org/obo/RO_0002622
LIFE4POLL138	LIFE4POLL138-a-1000124	LIFE4POLL138-p-1000124	visits flowers of	http://purl.obolibrary.org/obo/RO_0002622
LIFE4POLL139	LIFE4POLL139-a-1000125	LIFE4POLL139-p-1000125	visits flowers of	http://purl.obolibrary.org/obo/RO_0002622
LIFE4POLL141	LIFE4POLL141-a-1000126	LIFE4POLL141-p-1000126	visits flowers of	http://purl.obolibrary.org/obo/RO_0002622
LIFE4POLL142	LIFE4POLL142-a-1000127	LIFE4POLL142-p-1000127	visits flowers of	http://purl.obolibrary.org/obo/RO_0002622
LIFE4POLL143	LIFE4POLL143-a-1000128	LIFE4POLL143-p-1000128	visits flowers of	http://purl.obolibrary.org/obo/RO_0002622
LIFE4POLL144	LIFE4POLL144-a-1000129	LIFE4POLL144-p-1000129	visits flowers of	http://purl.obolibrary.org/obo/RO_0002622
LIFE4POLL145	LIFE4POLL145-a-1000130	LIFE4POLL145-p-1000130	visits flowers of	http://purl.obolibrary.org/obo/RO_0002622
LIFE4POLL147	LIFE4POLL147-a-1000131	LIFE4POLL147-p-1000131	visits flowers of	http://purl.obolibrary.org/obo/RO_0002622
LIFE4POLL148	LIFE4POLL148-a-1000132	LIFE4POLL148-p-1000132	visits flowers of	http://purl.obolibrary.org/obo/RO_0002622
LIFE4POLL151	LIFE4POLL151-a-1000133	LIFE4POLL151-p-1000133	visits flowers of	http://purl.obolibrary.org/obo/RO_0002622
LIFE4POLL152	LIFE4POLL152-a-1000134	LIFE4POLL152-p-1000134	visits flowers of	http://purl.obolibrary.org/obo/RO_0002622
LIFE4POLL153	LIFE4POLL153-a-1000135	LIFE4POLL153-p-1000135	visits flowers of	http://purl.obolibrary.org/obo/RO_0002622
LIFE4POLL154	LIFE4POLL154-a-1000136	LIFE4POLL154-p-1000136	visits flowers of	http://purl.obolibrary.org/obo/RO_0002622
LIFE4POLL155	LIFE4POLL155-a-1000137	LIFE4POLL155-p-1000137	visits flowers of	http://purl.obolibrary.org/obo/RO_0002622
LIFE4POLL156	LIFE4POLL156-a-1000138	LIFE4POLL156-p-1000138	visits flowers of	http://purl.obolibrary.org/obo/RO_0002622
LIFE4POLL158	LIFE4POLL158-a-1000139	LIFE4POLL158-p-1000139	visits flowers of	http://purl.obolibrary.org/obo/RO_0002622
LIFE4POLL159	LIFE4POLL159-a-1000140	LIFE4POLL159-p-1000140	visits flowers of	http://purl.obolibrary.org/obo/RO_0002622
LIFE4POLL160	LIFE4POLL160-a-1000141	LIFE4POLL160-p-1000141	visits flowers of	http://purl.obolibrary.org/obo/RO_0002622
LIFE4POLL162	LIFE4POLL162-a-1000142	LIFE4POLL162-p-1000142	visits flowers of	http://purl.obolibrary.org/obo/RO_0002622
LIFE4POLL163	LIFE4POLL163-a-1000143	LIFE4POLL163-p-1000143	visits flowers of	http://purl.obolibrary.org/obo/RO_0002622
LIFE4POLL164	LIFE4POLL164-a-1000144	LIFE4POLL164-p-1000144	visits flowers of	http://purl.obolibrary.org/obo/RO_0002622
LIFE4POLL166	LIFE4POLL166-a-1000145	LIFE4POLL166-p-1000145	visits flowers of	http://purl.obolibrary.org/obo/RO_0002622
LIFE4POLL167	LIFE4POLL167-a-1000146	LIFE4POLL167-p-1000146	visits flowers of	http://purl.obolibrary.org/obo/RO_0002622
LIFE4POLL168	LIFE4POLL168-a-1000147	LIFE4POLL168-p-1000147	visits flowers of	http://purl.obolibrary.org/obo/RO_0002622
LIFE4POLL169	LIFE4POLL169-a-1000148	LIFE4POLL169-p-1000148	visits flowers of	http://purl.obolibrary.org/obo/RO_0002622
LIFE4POLL170	LIFE4POLL170-a-1000149	LIFE4POLL170-p-1000149	visits flowers of	http://purl.obolibrary.org/obo/RO_0002622
LIFE4POLL171	LIFE4POLL171-a-1000150	LIFE4POLL171-p-1000150	visits flowers of	http://purl.obolibrary.org/obo/RO_0002622
LIFE4POLL172	LIFE4POLL172-a-1000151	LIFE4POLL172-p-1000151	visits flowers of	http://purl.obolibrary.org/obo/RO_0002622
LIFE4POLL173	LIFE4POLL173-a-1000152	LIFE4POLL173-p-1000152	visits flowers of	http://purl.obolibrary.org/obo/RO_0002622
LIFE4POLL174	LIFE4POLL174-a-1000153	LIFE4POLL174-p-1000153	visits flowers of	http://purl.obolibrary.org/obo/RO_0002622
LIFE4POLL175	LIFE4POLL175-a-1000154	LIFE4POLL175-p-1000154	visits flowers of	http://purl.obolibrary.org/obo/RO_0002622
LIFE4POLL176	LIFE4POLL176-a-1000155	LIFE4POLL176-p-1000155	visits flowers of	http://purl.obolibrary.org/obo/RO_0002622
LIFE4POLL177	LIFE4POLL177-a-1000156	LIFE4POLL177-p-1000156	visits flowers of	http://purl.obolibrary.org/obo/RO_0002622
LIFE4POLL178	LIFE4POLL178-a-1000157	LIFE4POLL178-p-1000157	visits flowers of	http://purl.obolibrary.org/obo/RO_0002622
LIFE4POLL179	LIFE4POLL179-a-1000158	LIFE4POLL179-p-1000158	visits flowers of	http://purl.obolibrary.org/obo/RO_0002622
LIFE4POLL180	LIFE4POLL180-a-1000159	LIFE4POLL180-p-1000159	visits flowers of	http://purl.obolibrary.org/obo/RO_0002622
LIFE4POLL181	LIFE4POLL181-a-1000160	LIFE4POLL181-p-1000160	visits flowers of	http://purl.obolibrary.org/obo/RO_0002622
LIFE4POLL182	LIFE4POLL182-a-1000161	LIFE4POLL182-p-1000161	visits flowers of	http://purl.obolibrary.org/obo/RO_0002622
LIFE4POLL183	LIFE4POLL183-a-1000162	LIFE4POLL183-p-1000162	visits flowers of	http://purl.obolibrary.org/obo/RO_0002622
LIFE4POLL184	LIFE4POLL184-a-1000163	LIFE4POLL184-p-1000163	visits flowers of	http://purl.obolibrary.org/obo/RO_0002622
LIFE4POLL185	LIFE4POLL185-a-1000164	LIFE4POLL185-p-1000164	visits flowers of	http://purl.obolibrary.org/obo/RO_0002622
LIFE4POLL187	LIFE4POLL187-a-1000165	LIFE4POLL187-p-1000165	visits flowers of	http://purl.obolibrary.org/obo/RO_0002622
LIFE4POLL188	LIFE4POLL188-a-1000166	LIFE4POLL188-p-1000166	visits flowers of	http://purl.obolibrary.org/obo/RO_0002622
LIFE4POLL189	LIFE4POLL189-a-1000167	LIFE4POLL189-p-1000167	visits flowers of	http://purl.obolibrary.org/obo/RO_0002622
LIFE4POLL190	LIFE4POLL190-a-1000168	LIFE4POLL190-p-1000168	visits flowers of	http://purl.obolibrary.org/obo/RO_0002622
LIFE4POLL191	LIFE4POLL191-a-1000169	LIFE4POLL191-p-1000169	visits flowers of	http://purl.obolibrary.org/obo/RO_0002622
LIFE4POLL192	LIFE4POLL192-a-1000170	LIFE4POLL192-p-1000170	visits flowers of	http://purl.obolibrary.org/obo/RO_0002622
LIFE4POLL193	LIFE4POLL193-a-1000171	LIFE4POLL193-p-1000171	visits flowers of	http://purl.obolibrary.org/obo/RO_0002622
LIFE4POLL194	LIFE4POLL194-a-1000172	LIFE4POLL194-p-1000172	visits flowers of	http://purl.obolibrary.org/obo/RO_0002622
LIFE4POLL195	LIFE4POLL195-a-1000173	LIFE4POLL195-p-1000173	visits flowers of	http://purl.obolibrary.org/obo/RO_0002622
LIFE4POLL196	LIFE4POLL196-a-1000174	LIFE4POLL196-p-1000174	visits flowers of	http://purl.obolibrary.org/obo/RO_0002622
LIFE4POLL197	LIFE4POLL197-a-1000175	LIFE4POLL197-p-1000175	visits flowers of	http://purl.obolibrary.org/obo/RO_0002622
LIFE4POLL198	LIFE4POLL198-a-1000176	LIFE4POLL198-p-1000176	visits flowers of	http://purl.obolibrary.org/obo/RO_0002622
LIFE4POLL199	LIFE4POLL199-a-1000177	LIFE4POLL199-p-1000177	visits flowers of	http://purl.obolibrary.org/obo/RO_0002622
LIFE4POLL200	LIFE4POLL200-a-1000178	LIFE4POLL200-p-1000178	visits flowers of	http://purl.obolibrary.org/obo/RO_0002622
LIFE4POLL201	LIFE4POLL201-a-1000179	LIFE4POLL201-p-1000179	visits flowers of	http://purl.obolibrary.org/obo/RO_0002622
LIFE4POLL202	LIFE4POLL202-a-1000180	LIFE4POLL202-p-1000180	visits flowers of	http://purl.obolibrary.org/obo/RO_0002622
LIFE4POLL203	LIFE4POLL203-a-1000181	LIFE4POLL203-p-1000181	visits flowers of	http://purl.obolibrary.org/obo/RO_0002622
LIFE4POLL204	LIFE4POLL204-a-1000182	LIFE4POLL204-p-1000182	visits flowers of	http://purl.obolibrary.org/obo/RO_0002622
LIFE4POLL205	LIFE4POLL205-a-1000183	LIFE4POLL205-p-1000183	visits flowers of	http://purl.obolibrary.org/obo/RO_0002622
LIFE4POLL206	LIFE4POLL206-a-1000184	LIFE4POLL206-p-1000184	visits flowers of	http://purl.obolibrary.org/obo/RO_0002622
LIFE4POLL207	LIFE4POLL207-a-1000185	LIFE4POLL207-p-1000185	visits flowers of	http://purl.obolibrary.org/obo/RO_0002622
LIFE4POLL208	LIFE4POLL208-a-1000186	LIFE4POLL208-p-1000186	visits flowers of	http://purl.obolibrary.org/obo/RO_0002622
LIFE4POLL209	LIFE4POLL209-a-1000187	LIFE4POLL209-p-1000187	visits flowers of	http://purl.obolibrary.org/obo/RO_0002622
LIFE4POLL210	LIFE4POLL210-a-1000188	LIFE4POLL210-p-1000188	visits flowers of	http://purl.obolibrary.org/obo/RO_0002622
LIFE4POLL211	LIFE4POLL211-a-1000189	LIFE4POLL211-p-1000189	visits flowers of	http://purl.obolibrary.org/obo/RO_0002622
LIFE4POLL212	LIFE4POLL212-a-1000190	LIFE4POLL212-p-1000190	visits flowers of	http://purl.obolibrary.org/obo/RO_0002622
LIFE4POLL213	LIFE4POLL213-a-1000191	LIFE4POLL213-p-1000191	visits flowers of	http://purl.obolibrary.org/obo/RO_0002622
LIFE4POLL214	LIFE4POLL214-a-1000192	LIFE4POLL214-p-1000192	visits flowers of	http://purl.obolibrary.org/obo/RO_0002622
LIFE4POLL215	LIFE4POLL215-a-1000193	LIFE4POLL215-p-1000193	visits flowers of	http://purl.obolibrary.org/obo/RO_0002622
LIFE4POLL216	LIFE4POLL216-a-1000194	LIFE4POLL216-p-1000194	visits flowers of	http://purl.obolibrary.org/obo/RO_0002622
LIFE4POLL217	LIFE4POLL217-a-1000195	LIFE4POLL217-p-1000195	visits flowers of	http://purl.obolibrary.org/obo/RO_0002622
LIFE4POLL218	LIFE4POLL218-a-1000196	LIFE4POLL218-p-1000196	visits flowers of	http://purl.obolibrary.org/obo/RO_0002622
LIFE4POLL219	LIFE4POLL219-a-1000197	LIFE4POLL219-p-1000197	visits flowers of	http://purl.obolibrary.org/obo/RO_0002622
LIFE4POLL220	LIFE4POLL220-a-1000198	LIFE4POLL220-p-1000198	visits flowers of	http://purl.obolibrary.org/obo/RO_0002622
LIFE4POLL221	LIFE4POLL221-a-1000199	LIFE4POLL221-p-1000199	visits flowers of	http://purl.obolibrary.org/obo/RO_0002622
LIFE4POLL222	LIFE4POLL222-a-1000200	LIFE4POLL222-p-1000200	visits flowers of	http://purl.obolibrary.org/obo/RO_0002622
LIFE4POLL223	LIFE4POLL223-a-1000201	LIFE4POLL223-p-1000201	visits flowers of	http://purl.obolibrary.org/obo/RO_0002622
LIFE4POLL224	LIFE4POLL224-a-1000202	LIFE4POLL224-p-1000202	visits flowers of	http://purl.obolibrary.org/obo/RO_0002622
LIFE4POLL225	LIFE4POLL225-a-1000203	LIFE4POLL225-p-1000203	visits flowers of	http://purl.obolibrary.org/obo/RO_0002622
LIFE4POLL226	LIFE4POLL226-a-1000204	LIFE4POLL226-p-1000204	visits flowers of	http://purl.obolibrary.org/obo/RO_0002622
LIFE4POLL227	LIFE4POLL227-a-1000205	LIFE4POLL227-p-1000205	visits flowers of	http://purl.obolibrary.org/obo/RO_0002622
LIFE4POLL228	LIFE4POLL228-a-1000206	LIFE4POLL228-p-1000206	visits flowers of	http://purl.obolibrary.org/obo/RO_0002622
LIFE4POLL229	LIFE4POLL229-a-1000207	LIFE4POLL229-p-1000207	visits flowers of	http://purl.obolibrary.org/obo/RO_0002622
LIFE4POLL230	LIFE4POLL230-a-1000208	LIFE4POLL230-p-1000208	visits flowers of	http://purl.obolibrary.org/obo/RO_0002622
LIFE4POLL231	LIFE4POLL231-a-1000209	LIFE4POLL231-p-1000209	visits flowers of	http://purl.obolibrary.org/obo/RO_0002622
LIFE4POLL232	LIFE4POLL232-a-1000210	LIFE4POLL232-p-1000210	visits flowers of	http://purl.obolibrary.org/obo/RO_0002622
LIFE4POLL233	LIFE4POLL233-a-1000211	LIFE4POLL233-p-1000211	visits flowers of	http://purl.obolibrary.org/obo/RO_0002622
LIFE4POLL234	LIFE4POLL234-a-1000212	LIFE4POLL234-p-1000212	visits flowers of	http://purl.obolibrary.org/obo/RO_0002622
LIFE4POLL235	LIFE4POLL235-a-1000213	LIFE4POLL235-p-1000213	visits flowers of	http://purl.obolibrary.org/obo/RO_0002622
LIFE4POLL236	LIFE4POLL236-a-1000214	LIFE4POLL236-p-1000214	visits flowers of	http://purl.obolibrary.org/obo/RO_0002622
LIFE4POLL237	LIFE4POLL237-a-1000215	LIFE4POLL237-p-1000215	visits flowers of	http://purl.obolibrary.org/obo/RO_0002622
LIFE4POLL238	LIFE4POLL238-a-1000216	LIFE4POLL238-p-1000216	visits flowers of	http://purl.obolibrary.org/obo/RO_0002622
LIFE4POLL239	LIFE4POLL239-a-1000217	LIFE4POLL239-p-1000217	visits flowers of	http://purl.obolibrary.org/obo/RO_0002622
LIFE4POLL240	LIFE4POLL240-a-1000218	LIFE4POLL240-p-1000218	visits flowers of	http://purl.obolibrary.org/obo/RO_0002622
LIFE4POLL241	LIFE4POLL241-a-1000219	LIFE4POLL241-p-1000219	visits flowers of	http://purl.obolibrary.org/obo/RO_0002622
LIFE4POLL242	LIFE4POLL242-a-1000220	LIFE4POLL242-p-1000220	visits flowers of	http://purl.obolibrary.org/obo/RO_0002622
LIFE4POLL243	LIFE4POLL243-a-1000221	LIFE4POLL243-p-1000221	visits flowers of	http://purl.obolibrary.org/obo/RO_0002622
LIFE4POLL244	LIFE4POLL244-a-1000222	LIFE4POLL244-p-1000222	visits flowers of	http://purl.obolibrary.org/obo/RO_0002622
LIFE4POLL245	LIFE4POLL245-a-1000223	LIFE4POLL245-p-1000223	visits flowers of	http://purl.obolibrary.org/obo/RO_0002622
LIFE4POLL246	LIFE4POLL246-a-1000224	LIFE4POLL246-p-1000224	visits flowers of	http://purl.obolibrary.org/obo/RO_0002622
LIFE4POLL247	LIFE4POLL247-a-1000225	LIFE4POLL247-p-1000225	visits flowers of	http://purl.obolibrary.org/obo/RO_0002622
LIFE4POLL248	LIFE4POLL248-a-1000226	LIFE4POLL248-p-1000226	visits flowers of	http://purl.obolibrary.org/obo/RO_0002622
LIFE4POLL249	LIFE4POLL249-a-1000227	LIFE4POLL249-p-1000227	visits flowers of	http://purl.obolibrary.org/obo/RO_0002622
LIFE4POLL250	LIFE4POLL250-a-1000228	LIFE4POLL250-p-1000228	visits flowers of	http://purl.obolibrary.org/obo/RO_0002622
LIFE4POLL251	LIFE4POLL251-a-1000229	LIFE4POLL251-p-1000229	visits flowers of	http://purl.obolibrary.org/obo/RO_0002622
LIFE4POLL252	LIFE4POLL252-a-1000230	LIFE4POLL252-p-1000230	visits flowers of	http://purl.obolibrary.org/obo/RO_0002622
LIFE4POLL253	LIFE4POLL253-a-1000231	LIFE4POLL253-p-1000231	visits flowers of	http://purl.obolibrary.org/obo/RO_0002622
LIFE4POLL254	LIFE4POLL254-a-1000232	LIFE4POLL254-p-1000232	visits flowers of	http://purl.obolibrary.org/obo/RO_0002622
LIFE4POLL255	LIFE4POLL255-a-1000233	LIFE4POLL255-p-1000233	visits flowers of	http://purl.obolibrary.org/obo/RO_0002622
LIFE4POLL256	LIFE4POLL256-a-1000234	LIFE4POLL256-p-1000234	visits flowers of	http://purl.obolibrary.org/obo/RO_0002622
LIFE4POLL257	LIFE4POLL257-a-1000235	LIFE4POLL257-p-1000235	visits flowers of	http://purl.obolibrary.org/obo/RO_0002622
LIFE4POLL258	LIFE4POLL258-a-1000236	LIFE4POLL258-p-1000236	visits flowers of	http://purl.obolibrary.org/obo/RO_0002622
LIFE4POLL259	LIFE4POLL259-a-1000237	LIFE4POLL259-p-1000237	visits flowers of	http://purl.obolibrary.org/obo/RO_0002622
LIFE4POLL260	LIFE4POLL260-a-1000238	LIFE4POLL260-p-1000238	visits flowers of	http://purl.obolibrary.org/obo/RO_0002622
LIFE4POLL261	LIFE4POLL261-a-1000239	LIFE4POLL261-p-1000239	visits flowers of	http://purl.obolibrary.org/obo/RO_0002622
LIFE4POLL262	LIFE4POLL262-a-1000240	LIFE4POLL262-p-1000240	visits flowers of	http://purl.obolibrary.org/obo/RO_0002622
LIFE4POLL263	LIFE4POLL263-a-1000241	LIFE4POLL263-p-1000241	visits flowers of	http://purl.obolibrary.org/obo/RO_0002622
LIFE4POLL264	LIFE4POLL264-a-1000242	LIFE4POLL264-p-1000242	visits flowers of	http://purl.obolibrary.org/obo/RO_0002622
LIFE4POLL265	LIFE4POLL265-a-1000243	LIFE4POLL265-p-1000243	visits flowers of	http://purl.obolibrary.org/obo/RO_0002622
LIFE4POLL267	LIFE4POLL267-a-1000244	LIFE4POLL267-p-1000244	visits flowers of	http://purl.obolibrary.org/obo/RO_0002622
LIFE4POLL269	LIFE4POLL269-a-1000245	LIFE4POLL269-p-1000245	visits flowers of	http://purl.obolibrary.org/obo/RO_0002622
LIFE4POLL270	LIFE4POLL270-a-1000246	LIFE4POLL270-p-1000246	visits flowers of	http://purl.obolibrary.org/obo/RO_0002622
LIFE4POLL271	LIFE4POLL271-a-1000247	LIFE4POLL271-p-1000247	visits flowers of	http://purl.obolibrary.org/obo/RO_0002622
LIFE4POLL272	LIFE4POLL272-a-1000248	LIFE4POLL272-p-1000248	visits flowers of	http://purl.obolibrary.org/obo/RO_0002622
LIFE4POLL274	LIFE4POLL274-a-1000249	LIFE4POLL274-p-1000249	visits flowers of	http://purl.obolibrary.org/obo/RO_0002622
LIFE4POLL275	LIFE4POLL275-a-1000250	LIFE4POLL275-p-1000250	visits flowers of	http://purl.obolibrary.org/obo/RO_0002622
LIFE4POLL276	LIFE4POLL276-a-1000251	LIFE4POLL276-p-1000251	visits flowers of	http://purl.obolibrary.org/obo/RO_0002622
LIFE4POLL278	LIFE4POLL278-a-1000252	LIFE4POLL278-p-1000252	visits flowers of	http://purl.obolibrary.org/obo/RO_0002622
LIFE4POLL279	LIFE4POLL279-a-1000253	LIFE4POLL279-p-1000253	visits flowers of	http://purl.obolibrary.org/obo/RO_0002622
LIFE4POLL280	LIFE4POLL280-a-1000254	LIFE4POLL280-p-1000254	visits flowers of	http://purl.obolibrary.org/obo/RO_0002622
LIFE4POLL283	LIFE4POLL283-a-1000255	LIFE4POLL283-p-1000255	visits flowers of	http://purl.obolibrary.org/obo/RO_0002622
LIFE4POLL284	LIFE4POLL284-a-1000256	LIFE4POLL284-p-1000256	visits flowers of	http://purl.obolibrary.org/obo/RO_0002622
LIFE4POLL285	LIFE4POLL285-a-1000257	LIFE4POLL285-p-1000257	visits flowers of	http://purl.obolibrary.org/obo/RO_0002622
LIFE4POLL286	LIFE4POLL286-a-1000258	LIFE4POLL286-p-1000258	visits flowers of	http://purl.obolibrary.org/obo/RO_0002622
LIFE4POLL287	LIFE4POLL287-a-1000259	LIFE4POLL287-p-1000259	visits flowers of	http://purl.obolibrary.org/obo/RO_0002622
LIFE4POLL288	LIFE4POLL288-a-1000260	LIFE4POLL288-p-1000260	visits flowers of	http://purl.obolibrary.org/obo/RO_0002622
LIFE4POLL289	LIFE4POLL289-a-1000261	LIFE4POLL289-p-1000261	visits flowers of	http://purl.obolibrary.org/obo/RO_0002622
LIFE4POLL290	LIFE4POLL290-a-1000262	LIFE4POLL290-p-1000262	visits flowers of	http://purl.obolibrary.org/obo/RO_0002622
LIFE4POLL291	LIFE4POLL291-a-1000263	LIFE4POLL291-p-1000263	visits flowers of	http://purl.obolibrary.org/obo/RO_0002622
LIFE4POLL292	LIFE4POLL292-a-1000264	LIFE4POLL292-p-1000264	visits flowers of	http://purl.obolibrary.org/obo/RO_0002622
LIFE4POLL293	LIFE4POLL293-a-1000265	LIFE4POLL293-p-1000265	visits flowers of	http://purl.obolibrary.org/obo/RO_0002622
LIFE4POLL294	LIFE4POLL294-a-1000266	LIFE4POLL294-p-1000266	visits flowers of	http://purl.obolibrary.org/obo/RO_0002622
LIFE4POLL295	LIFE4POLL295-a-1000267	LIFE4POLL295-p-1000267	visits flowers of	http://purl.obolibrary.org/obo/RO_0002622
LIFE4POLL296	LIFE4POLL296-a-1000268	LIFE4POLL296-p-1000268	visits flowers of	http://purl.obolibrary.org/obo/RO_0002622
LIFE4POLL297	LIFE4POLL297-a-1000269	LIFE4POLL297-p-1000269	visits flowers of	http://purl.obolibrary.org/obo/RO_0002622
LIFE4POLL298	LIFE4POLL298-a-1000270	LIFE4POLL298-p-1000270	visits flowers of	http://purl.obolibrary.org/obo/RO_0002622
LIFE4POLL299	LIFE4POLL299-a-1000271	LIFE4POLL299-p-1000271	visits flowers of	http://purl.obolibrary.org/obo/RO_0002622
LIFE4POLL300	LIFE4POLL300-a-1000272	LIFE4POLL300-p-1000272	visits flowers of	http://purl.obolibrary.org/obo/RO_0002622
LIFE4POLL301	LIFE4POLL301-a-1000273	LIFE4POLL301-p-1000273	visits flowers of	http://purl.obolibrary.org/obo/RO_0002622
LIFE4POLL302	LIFE4POLL302-a-1000274	LIFE4POLL302-p-1000274	visits flowers of	http://purl.obolibrary.org/obo/RO_0002622
LIFE4POLL303	LIFE4POLL303-a-1000275	LIFE4POLL303-p-1000275	visits flowers of	http://purl.obolibrary.org/obo/RO_0002622
LIFE4POLL304	LIFE4POLL304-a-1000276	LIFE4POLL304-p-1000276	visits flowers of	http://purl.obolibrary.org/obo/RO_0002622
LIFE4POLL305	LIFE4POLL305-a-1000277	LIFE4POLL305-p-1000277	visits flowers of	http://purl.obolibrary.org/obo/RO_0002622
LIFE4POLL306	LIFE4POLL306-a-1000278	LIFE4POLL306-p-1000278	visits flowers of	http://purl.obolibrary.org/obo/RO_0002622
LIFE4POLL307	LIFE4POLL307-a-1000279	LIFE4POLL307-p-1000279	visits flowers of	http://purl.obolibrary.org/obo/RO_0002622
LIFE4POLL308	LIFE4POLL308-a-1000280	LIFE4POLL308-p-1000280	visits flowers of	http://purl.obolibrary.org/obo/RO_0002622
LIFE4POLL309	LIFE4POLL309-a-1000281	LIFE4POLL309-p-1000281	visits flowers of	http://purl.obolibrary.org/obo/RO_0002622
LIFE4POLL310	LIFE4POLL310-a-1000282	LIFE4POLL310-p-1000282	visits flowers of	http://purl.obolibrary.org/obo/RO_0002622
LIFE4POLL311	LIFE4POLL311-a-1000283	LIFE4POLL311-p-1000283	visits flowers of	http://purl.obolibrary.org/obo/RO_0002622
LIFE4POLL312	LIFE4POLL312-a-1000284	LIFE4POLL312-p-1000284	visits flowers of	http://purl.obolibrary.org/obo/RO_0002622
LIFE4POLL313	LIFE4POLL313-a-1000285	LIFE4POLL313-p-1000285	visits flowers of	http://purl.obolibrary.org/obo/RO_0002622
LIFE4POLL314	LIFE4POLL314-a-1000286	LIFE4POLL314-p-1000286	visits flowers of	http://purl.obolibrary.org/obo/RO_0002622
LIFE4POLL315	LIFE4POLL315-a-1000287	LIFE4POLL315-p-1000287	visits flowers of	http://purl.obolibrary.org/obo/RO_0002622
LIFE4POLL316	LIFE4POLL316-a-1000288	LIFE4POLL316-p-1000288	visits flowers of	http://purl.obolibrary.org/obo/RO_0002622
LIFE4POLL317	LIFE4POLL317-a-1000289	LIFE4POLL317-p-1000289	visits flowers of	http://purl.obolibrary.org/obo/RO_0002622
LIFE4POLL318	LIFE4POLL318-a-1000290	LIFE4POLL318-p-1000290	visits flowers of	http://purl.obolibrary.org/obo/RO_0002622
LIFE4POLL320	LIFE4POLL320-a-1000291	LIFE4POLL320-p-1000291	visits flowers of	http://purl.obolibrary.org/obo/RO_0002622
LIFE4POLL322	LIFE4POLL322-a-1000292	LIFE4POLL322-p-1000292	visits flowers of	http://purl.obolibrary.org/obo/RO_0002622
LIFE4POLL323	LIFE4POLL323-a-1000293	LIFE4POLL323-p-1000293	visits flowers of	http://purl.obolibrary.org/obo/RO_0002622
LIFE4POLL324	LIFE4POLL324-a-1000294	LIFE4POLL324-p-1000294	visits flowers of	http://purl.obolibrary.org/obo/RO_0002622
LIFE4POLL325	LIFE4POLL325-a-1000295	LIFE4POLL325-p-1000295	visits flowers of	http://purl.obolibrary.org/obo/RO_0002622
LIFE4POLL326	LIFE4POLL326-a-1000296	LIFE4POLL326-p-1000296	visits flowers of	http://purl.obolibrary.org/obo/RO_0002622
LIFE4POLL327	LIFE4POLL327-a-1000297	LIFE4POLL327-p-1000297	visits flowers of	http://purl.obolibrary.org/obo/RO_0002622
LIFE4POLL328	LIFE4POLL328-a-1000298	LIFE4POLL328-p-1000298	visits flowers of	http://purl.obolibrary.org/obo/RO_0002622
LIFE4POLL329	LIFE4POLL329-a-1000299	LIFE4POLL329-p-1000299	visits flowers of	http://purl.obolibrary.org/obo/RO_0002622
LIFE4POLL330	LIFE4POLL330-a-1000300	LIFE4POLL330-p-1000300	visits flowers of	http://purl.obolibrary.org/obo/RO_0002622
LIFE4POLL331	LIFE4POLL331-a-1000301	LIFE4POLL331-p-1000301	visits flowers of	http://purl.obolibrary.org/obo/RO_0002622
LIFE4POLL332	LIFE4POLL332-a-1000302	LIFE4POLL332-p-1000302	visits flowers of	http://purl.obolibrary.org/obo/RO_0002622
LIFE4POLL333	LIFE4POLL333-a-1000303	LIFE4POLL333-p-1000303	visits flowers of	http://purl.obolibrary.org/obo/RO_0002622
LIFE4POLL334	LIFE4POLL334-a-1000304	LIFE4POLL334-p-1000304	visits flowers of	http://purl.obolibrary.org/obo/RO_0002622
LIFE4POLL335	LIFE4POLL335-a-1000305	LIFE4POLL335-p-1000305	visits flowers of	http://purl.obolibrary.org/obo/RO_0002622
LIFE4POLL336	LIFE4POLL336-a-1000306	LIFE4POLL336-p-1000306	visits flowers of	http://purl.obolibrary.org/obo/RO_0002622
LIFE4POLL337	LIFE4POLL337-a-1000307	LIFE4POLL337-p-1000307	visits flowers of	http://purl.obolibrary.org/obo/RO_0002622
LIFE4POLL338	LIFE4POLL338-a-1000308	LIFE4POLL338-p-1000308	visits flowers of	http://purl.obolibrary.org/obo/RO_0002622
LIFE4POLL340	LIFE4POLL340-a-1000309	LIFE4POLL340-p-1000309	visits flowers of	http://purl.obolibrary.org/obo/RO_0002622
LIFE4POLL342	LIFE4POLL342-a-1000310	LIFE4POLL342-p-1000310	visits flowers of	http://purl.obolibrary.org/obo/RO_0002622
LIFE4POLL343	LIFE4POLL343-a-1000311	LIFE4POLL343-p-1000311	visits flowers of	http://purl.obolibrary.org/obo/RO_0002622
LIFE4POLL344	LIFE4POLL344-a-1000312	LIFE4POLL344-p-1000312	visits flowers of	http://purl.obolibrary.org/obo/RO_0002622
LIFE4POLL345	LIFE4POLL345-a-1000313	LIFE4POLL345-p-1000313	visits flowers of	http://purl.obolibrary.org/obo/RO_0002622
LIFE4POLL346	LIFE4POLL346-a-1000314	LIFE4POLL346-p-1000314	visits flowers of	http://purl.obolibrary.org/obo/RO_0002622
LIFE4POLL347	LIFE4POLL347-a-1000315	LIFE4POLL347-p-1000315	visits flowers of	http://purl.obolibrary.org/obo/RO_0002622
LIFE4POLL348	LIFE4POLL348-a-1000316	LIFE4POLL348-p-1000316	visits flowers of	http://purl.obolibrary.org/obo/RO_0002622
LIFE4POLL349	LIFE4POLL349-a-1000317	LIFE4POLL349-p-1000317	visits flowers of	http://purl.obolibrary.org/obo/RO_0002622
LIFE4POLL350	LIFE4POLL350-a-1000318	LIFE4POLL350-p-1000318	visits flowers of	http://purl.obolibrary.org/obo/RO_0002622
LIFE4POLL351	LIFE4POLL351-a-1000319	LIFE4POLL351-p-1000319	visits flowers of	http://purl.obolibrary.org/obo/RO_0002622
LIFE4POLL352	LIFE4POLL352-a-1000320	LIFE4POLL352-p-1000320	visits flowers of	http://purl.obolibrary.org/obo/RO_0002622
LIFE4POLL353	LIFE4POLL353-a-1000321	LIFE4POLL353-p-1000321	visits flowers of	http://purl.obolibrary.org/obo/RO_0002622
LIFE4POLL355	LIFE4POLL355-a-1000322	LIFE4POLL355-p-1000322	visits flowers of	http://purl.obolibrary.org/obo/RO_0002622
LIFE4POLL356	LIFE4POLL356-a-1000323	LIFE4POLL356-p-1000323	visits flowers of	http://purl.obolibrary.org/obo/RO_0002622
LIFE4POLL357	LIFE4POLL357-a-1000324	LIFE4POLL357-p-1000324	visits flowers of	http://purl.obolibrary.org/obo/RO_0002622
LIFE4POLL358	LIFE4POLL358-a-1000325	LIFE4POLL358-p-1000325	visits flowers of	http://purl.obolibrary.org/obo/RO_0002622
LIFE4POLL359	LIFE4POLL359-a-1000326	LIFE4POLL359-p-1000326	visits flowers of	http://purl.obolibrary.org/obo/RO_0002622
LIFE4POLL361	LIFE4POLL361-a-1000327	LIFE4POLL361-p-1000327	visits flowers of	http://purl.obolibrary.org/obo/RO_0002622
LIFE4POLL362	LIFE4POLL362-a-1000328	LIFE4POLL362-p-1000328	visits flowers of	http://purl.obolibrary.org/obo/RO_0002622
LIFE4POLL363	LIFE4POLL363-a-1000329	LIFE4POLL363-p-1000329	visits flowers of	http://purl.obolibrary.org/obo/RO_0002622
LIFE4POLL364	LIFE4POLL364-a-1000330	LIFE4POLL364-p-1000330	visits flowers of	http://purl.obolibrary.org/obo/RO_0002622
LIFE4POLL365	LIFE4POLL365-a-1000331	LIFE4POLL365-p-1000331	visits flowers of	http://purl.obolibrary.org/obo/RO_0002622
LIFE4POLL366	LIFE4POLL366-a-1000332	LIFE4POLL366-p-1000332	visits flowers of	http://purl.obolibrary.org/obo/RO_0002622
LIFE4POLL367	LIFE4POLL367-a-1000333	LIFE4POLL367-p-1000333	visits flowers of	http://purl.obolibrary.org/obo/RO_0002622
LIFE4POLL368	LIFE4POLL368-a-1000334	LIFE4POLL368-p-1000334	visits flowers of	http://purl.obolibrary.org/obo/RO_0002622
LIFE4POLL371	LIFE4POLL371-a-1000335	LIFE4POLL371-p-1000335	visits flowers of	http://purl.obolibrary.org/obo/RO_0002622
LIFE4POLL373	LIFE4POLL373-a-1000336	LIFE4POLL373-p-1000336	visits flowers of	http://purl.obolibrary.org/obo/RO_0002622
LIFE4POLL374	LIFE4POLL374-a-1000337	LIFE4POLL374-p-1000337	visits flowers of	http://purl.obolibrary.org/obo/RO_0002622
LIFE4POLL375	LIFE4POLL375-a-1000338	LIFE4POLL375-p-1000338	visits flowers of	http://purl.obolibrary.org/obo/RO_0002622
LIFE4POLL376	LIFE4POLL376-a-1000339	LIFE4POLL376-p-1000339	visits flowers of	http://purl.obolibrary.org/obo/RO_0002622
LIFE4POLL377	LIFE4POLL377-a-1000340	LIFE4POLL377-p-1000340	visits flowers of	http://purl.obolibrary.org/obo/RO_0002622
LIFE4POLL378	LIFE4POLL378-a-1000341	LIFE4POLL378-p-1000341	visits flowers of	http://purl.obolibrary.org/obo/RO_0002622
LIFE4POLL379	LIFE4POLL379-a-1000342	LIFE4POLL379-p-1000342	visits flowers of	http://purl.obolibrary.org/obo/RO_0002622
LIFE4POLL380	LIFE4POLL380-a-1000343	LIFE4POLL380-p-1000343	visits flowers of	http://purl.obolibrary.org/obo/RO_0002622
LIFE4POLL381	LIFE4POLL381-a-1000344	LIFE4POLL381-p-1000344	visits flowers of	http://purl.obolibrary.org/obo/RO_0002622
LIFE4POLL383	LIFE4POLL383-a-1000345	LIFE4POLL383-p-1000345	visits flowers of	http://purl.obolibrary.org/obo/RO_0002622
LIFE4POLL384	LIFE4POLL384-a-1000346	LIFE4POLL384-p-1000346	visits flowers of	http://purl.obolibrary.org/obo/RO_0002622
LIFE4POLL385	LIFE4POLL385-a-1000347	LIFE4POLL385-p-1000347	visits flowers of	http://purl.obolibrary.org/obo/RO_0002622
LIFE4POLL387	LIFE4POLL387-a-1000348	LIFE4POLL387-p-1000348	visits flowers of	http://purl.obolibrary.org/obo/RO_0002622
LIFE4POLL388	LIFE4POLL388-a-1000349	LIFE4POLL388-p-1000349	visits flowers of	http://purl.obolibrary.org/obo/RO_0002622
LIFE4POLL389	LIFE4POLL389-a-1000350	LIFE4POLL389-p-1000350	visits flowers of	http://purl.obolibrary.org/obo/RO_0002622
LIFE4POLL390	LIFE4POLL390-a-1000351	LIFE4POLL390-p-1000351	visits flowers of	http://purl.obolibrary.org/obo/RO_0002622
LIFE4POLL391	LIFE4POLL391-a-1000352	LIFE4POLL391-p-1000352	visits flowers of	http://purl.obolibrary.org/obo/RO_0002622
LIFE4POLL392	LIFE4POLL392-a-1000353	LIFE4POLL392-p-1000353	visits flowers of	http://purl.obolibrary.org/obo/RO_0002622
LIFE4POLL393	LIFE4POLL393-a-1000354	LIFE4POLL393-p-1000354	visits flowers of	http://purl.obolibrary.org/obo/RO_0002622
LIFE4POLL395	LIFE4POLL395-a-1000355	LIFE4POLL395-p-1000355	visits flowers of	http://purl.obolibrary.org/obo/RO_0002622
LIFE4POLL396	LIFE4POLL396-a-1000356	LIFE4POLL396-p-1000356	visits flowers of	http://purl.obolibrary.org/obo/RO_0002622
LIFE4POLL397	LIFE4POLL397-a-1000357	LIFE4POLL397-p-1000357	visits flowers of	http://purl.obolibrary.org/obo/RO_0002622
LIFE4POLL398	LIFE4POLL398-a-1000358	LIFE4POLL398-p-1000358	visits flowers of	http://purl.obolibrary.org/obo/RO_0002622
LIFE4POLL399	LIFE4POLL399-a-1000359	LIFE4POLL399-p-1000359	visits flowers of	http://purl.obolibrary.org/obo/RO_0002622
LIFE4POLL401	LIFE4POLL401-a-1000360	LIFE4POLL401-p-1000360	visits flowers of	http://purl.obolibrary.org/obo/RO_0002622
LIFE4POLL402	LIFE4POLL402-a-1000361	LIFE4POLL402-p-1000361	visits flowers of	http://purl.obolibrary.org/obo/RO_0002622
LIFE4POLL403	LIFE4POLL403-a-1000362	LIFE4POLL403-p-1000362	visits flowers of	http://purl.obolibrary.org/obo/RO_0002622
LIFE4POLL404	LIFE4POLL404-a-1000363	LIFE4POLL404-p-1000363	visits flowers of	http://purl.obolibrary.org/obo/RO_0002622
LIFE4POLL405	LIFE4POLL405-a-1000364	LIFE4POLL405-p-1000364	visits flowers of	http://purl.obolibrary.org/obo/RO_0002622
LIFE4POLL406	LIFE4POLL406-a-1000365	LIFE4POLL406-p-1000365	visits flowers of	http://purl.obolibrary.org/obo/RO_0002622
LIFE4POLL407	LIFE4POLL407-a-1000366	LIFE4POLL407-p-1000366	visits flowers of	http://purl.obolibrary.org/obo/RO_0002622
LIFE4POLL408	LIFE4POLL408-a-1000367	LIFE4POLL408-p-1000367	visits flowers of	http://purl.obolibrary.org/obo/RO_0002622
LIFE4POLL409	LIFE4POLL409-a-1000368	LIFE4POLL409-p-1000368	visits flowers of	http://purl.obolibrary.org/obo/RO_0002622
LIFE4POLL410	LIFE4POLL410-a-1000369	LIFE4POLL410-p-1000369	visits flowers of	http://purl.obolibrary.org/obo/RO_0002622
LIFE4POLL411	LIFE4POLL411-a-1000370	LIFE4POLL411-p-1000370	visits flowers of	http://purl.obolibrary.org/obo/RO_0002622
LIFE4POLL412	LIFE4POLL412-a-1000371	LIFE4POLL412-p-1000371	visits flowers of	http://purl.obolibrary.org/obo/RO_0002622
LIFE4POLL413	LIFE4POLL413-a-1000372	LIFE4POLL413-p-1000372	visits flowers of	http://purl.obolibrary.org/obo/RO_0002622
LIFE4POLL414	LIFE4POLL414-a-1000373	LIFE4POLL414-p-1000373	visits flowers of	http://purl.obolibrary.org/obo/RO_0002622
LIFE4POLL415	LIFE4POLL415-a-1000374	LIFE4POLL415-p-1000374	visits flowers of	http://purl.obolibrary.org/obo/RO_0002622
LIFE4POLL416	LIFE4POLL416-a-1000375	LIFE4POLL416-p-1000375	visits flowers of	http://purl.obolibrary.org/obo/RO_0002622
LIFE4POLL417	LIFE4POLL417-a-1000376	LIFE4POLL417-p-1000376	visits flowers of	http://purl.obolibrary.org/obo/RO_0002622
LIFE4POLL418	LIFE4POLL418-a-1000377	LIFE4POLL418-p-1000377	visits flowers of	http://purl.obolibrary.org/obo/RO_0002622
LIFE4POLL419	LIFE4POLL419-a-1000378	LIFE4POLL419-p-1000378	visits flowers of	http://purl.obolibrary.org/obo/RO_0002622
LIFE4POLL420	LIFE4POLL420-a-1000379	LIFE4POLL420-p-1000379	visits flowers of	http://purl.obolibrary.org/obo/RO_0002622
LIFE4POLL421	LIFE4POLL421-a-1000380	LIFE4POLL421-p-1000380	visits flowers of	http://purl.obolibrary.org/obo/RO_0002622
LIFE4POLL422	LIFE4POLL422-a-1000381	LIFE4POLL422-p-1000381	visits flowers of	http://purl.obolibrary.org/obo/RO_0002622
LIFE4POLL423	LIFE4POLL423-a-1000382	LIFE4POLL423-p-1000382	visits flowers of	http://purl.obolibrary.org/obo/RO_0002622
LIFE4POLL424	LIFE4POLL424-a-1000383	LIFE4POLL424-p-1000383	visits flowers of	http://purl.obolibrary.org/obo/RO_0002622
LIFE4POLL425	LIFE4POLL425-a-1000384	LIFE4POLL425-p-1000384	visits flowers of	http://purl.obolibrary.org/obo/RO_0002622
LIFE4POLL426	LIFE4POLL426-a-1000385	LIFE4POLL426-p-1000385	visits flowers of	http://purl.obolibrary.org/obo/RO_0002622
LIFE4POLL427	LIFE4POLL427-a-1000386	LIFE4POLL427-p-1000386	visits flowers of	http://purl.obolibrary.org/obo/RO_0002622
LIFE4POLL428	LIFE4POLL428-a-1000387	LIFE4POLL428-p-1000387	visits flowers of	http://purl.obolibrary.org/obo/RO_0002622
LIFE4POLL429	LIFE4POLL429-a-1000388	LIFE4POLL429-p-1000388	visits flowers of	http://purl.obolibrary.org/obo/RO_0002622
LIFE4POLL430	LIFE4POLL430-a-1000389	LIFE4POLL430-p-1000389	visits flowers of	http://purl.obolibrary.org/obo/RO_0002622
LIFE4POLL431	LIFE4POLL431-a-1000390	LIFE4POLL431-p-1000390	visits flowers of	http://purl.obolibrary.org/obo/RO_0002622
LIFE4POLL432	LIFE4POLL432-a-1000391	LIFE4POLL432-p-1000391	visits flowers of	http://purl.obolibrary.org/obo/RO_0002622
LIFE4POLL433	LIFE4POLL433-a-1000392	LIFE4POLL433-p-1000392	visits flowers of	http://purl.obolibrary.org/obo/RO_0002622
LIFE4POLL434	LIFE4POLL434-a-1000393	LIFE4POLL434-p-1000393	visits flowers of	http://purl.obolibrary.org/obo/RO_0002622
LIFE4POLL435	LIFE4POLL435-a-1000394	LIFE4POLL435-p-1000394	visits flowers of	http://purl.obolibrary.org/obo/RO_0002622
LIFE4POLL437	LIFE4POLL437-a-1000395	LIFE4POLL437-p-1000395	visits flowers of	http://purl.obolibrary.org/obo/RO_0002622
LIFE4POLL438	LIFE4POLL438-a-1000396	LIFE4POLL438-p-1000396	visits flowers of	http://purl.obolibrary.org/obo/RO_0002622
LIFE4POLL439	LIFE4POLL439-a-1000397	LIFE4POLL439-p-1000397	visits flowers of	http://purl.obolibrary.org/obo/RO_0002622
LIFE4POLL440	LIFE4POLL440-a-1000398	LIFE4POLL440-p-1000398	visits flowers of	http://purl.obolibrary.org/obo/RO_0002622
LIFE4POLL441	LIFE4POLL441-a-1000399	LIFE4POLL441-p-1000399	visits flowers of	http://purl.obolibrary.org/obo/RO_0002622
LIFE4POLL442	LIFE4POLL442-a-1000400	LIFE4POLL442-p-1000400	visits flowers of	http://purl.obolibrary.org/obo/RO_0002622
LIFE4POLL443	LIFE4POLL443-a-1000401	LIFE4POLL443-p-1000401	visits flowers of	http://purl.obolibrary.org/obo/RO_0002622
LIFE4POLL444	LIFE4POLL444-a-1000402	LIFE4POLL444-p-1000402	visits flowers of	http://purl.obolibrary.org/obo/RO_0002622
LIFE4POLL445	LIFE4POLL445-a-1000403	LIFE4POLL445-p-1000403	visits flowers of	http://purl.obolibrary.org/obo/RO_0002622
LIFE4POLL449	LIFE4POLL449-a-1000404	LIFE4POLL449-p-1000404	visits flowers of	http://purl.obolibrary.org/obo/RO_0002622
LIFE4POLL451	LIFE4POLL451-a-1000405	LIFE4POLL451-p-1000405	visits flowers of	http://purl.obolibrary.org/obo/RO_0002622
LIFE4POLL452	LIFE4POLL452-a-1000406	LIFE4POLL452-p-1000406	visits flowers of	http://purl.obolibrary.org/obo/RO_0002622
LIFE4POLL454	LIFE4POLL454-a-1000407	LIFE4POLL454-p-1000407	visits flowers of	http://purl.obolibrary.org/obo/RO_0002622
LIFE4POLL456	LIFE4POLL456-a-1000408	LIFE4POLL456-p-1000408	visits flowers of	http://purl.obolibrary.org/obo/RO_0002622
LIFE4POLL457	LIFE4POLL457-a-1000409	LIFE4POLL457-p-1000409	visits flowers of	http://purl.obolibrary.org/obo/RO_0002622
LIFE4POLL458	LIFE4POLL458-a-1000410	LIFE4POLL458-p-1000410	visits flowers of	http://purl.obolibrary.org/obo/RO_0002622
LIFE4POLL459	LIFE4POLL459-a-1000411	LIFE4POLL459-p-1000411	visits flowers of	http://purl.obolibrary.org/obo/RO_0002622
LIFE4POLL460	LIFE4POLL460-a-1000412	LIFE4POLL460-p-1000412	visits flowers of	http://purl.obolibrary.org/obo/RO_0002622
LIFE4POLL461	LIFE4POLL461-a-1000413	LIFE4POLL461-p-1000413	visits flowers of	http://purl.obolibrary.org/obo/RO_0002622
LIFE4POLL462	LIFE4POLL462-a-1000414	LIFE4POLL462-p-1000414	visits flowers of	http://purl.obolibrary.org/obo/RO_0002622
LIFE4POLL463	LIFE4POLL463-a-1000415	LIFE4POLL463-p-1000415	visits flowers of	http://purl.obolibrary.org/obo/RO_0002622
LIFE4POLL464	LIFE4POLL464-a-1000416	LIFE4POLL464-p-1000416	visits flowers of	http://purl.obolibrary.org/obo/RO_0002622
LIFE4POLL465	LIFE4POLL465-a-1000417	LIFE4POLL465-p-1000417	visits flowers of	http://purl.obolibrary.org/obo/RO_0002622
LIFE4POLL466	LIFE4POLL466-a-1000418	LIFE4POLL466-p-1000418	visits flowers of	http://purl.obolibrary.org/obo/RO_0002622
LIFE4POLL468	LIFE4POLL468-a-1000419	LIFE4POLL468-p-1000419	visits flowers of	http://purl.obolibrary.org/obo/RO_0002622
LIFE4POLL469	LIFE4POLL469-a-1000420	LIFE4POLL469-p-1000420	visits flowers of	http://purl.obolibrary.org/obo/RO_0002622
LIFE4POLL470	LIFE4POLL470-a-1000421	LIFE4POLL470-p-1000421	visits flowers of	http://purl.obolibrary.org/obo/RO_0002622
LIFE4POLL471	LIFE4POLL471-a-1000422	LIFE4POLL471-p-1000422	visits flowers of	http://purl.obolibrary.org/obo/RO_0002622
LIFE4POLL472	LIFE4POLL472-a-1000423	LIFE4POLL472-p-1000423	visits flowers of	http://purl.obolibrary.org/obo/RO_0002622
LIFE4POLL473	LIFE4POLL473-a-1000424	LIFE4POLL473-p-1000424	visits flowers of	http://purl.obolibrary.org/obo/RO_0002622
LIFE4POLL474	LIFE4POLL474-a-1000425	LIFE4POLL474-p-1000425	visits flowers of	http://purl.obolibrary.org/obo/RO_0002622
LIFE4POLL475	LIFE4POLL475-a-1000426	LIFE4POLL475-p-1000426	visits flowers of	http://purl.obolibrary.org/obo/RO_0002622
LIFE4POLL476	LIFE4POLL476-a-1000427	LIFE4POLL476-p-1000427	visits flowers of	http://purl.obolibrary.org/obo/RO_0002622
LIFE4POLL477	LIFE4POLL477-a-1000428	LIFE4POLL477-p-1000428	visits flowers of	http://purl.obolibrary.org/obo/RO_0002622
LIFE4POLL478	LIFE4POLL478-a-1000429	LIFE4POLL478-p-1000429	visits flowers of	http://purl.obolibrary.org/obo/RO_0002622
LIFE4POLL479	LIFE4POLL479-a-1000430	LIFE4POLL479-p-1000430	visits flowers of	http://purl.obolibrary.org/obo/RO_0002622
LIFE4POLL480	LIFE4POLL480-a-1000431	LIFE4POLL480-p-1000431	visits flowers of	http://purl.obolibrary.org/obo/RO_0002622
LIFE4POLL481	LIFE4POLL481-a-1000432	LIFE4POLL481-p-1000432	visits flowers of	http://purl.obolibrary.org/obo/RO_0002622
LIFE4POLL482	LIFE4POLL482-a-1000433	LIFE4POLL482-p-1000433	visits flowers of	http://purl.obolibrary.org/obo/RO_0002622
LIFE4POLL483	LIFE4POLL483-a-1000434	LIFE4POLL483-p-1000434	visits flowers of	http://purl.obolibrary.org/obo/RO_0002622
LIFE4POLL484	LIFE4POLL484-a-1000435	LIFE4POLL484-p-1000435	visits flowers of	http://purl.obolibrary.org/obo/RO_0002622
LIFE4POLL485	LIFE4POLL485-a-1000436	LIFE4POLL485-p-1000436	visits flowers of	http://purl.obolibrary.org/obo/RO_0002622
LIFE4POLL486	LIFE4POLL486-a-1000437	LIFE4POLL486-p-1000437	visits flowers of	http://purl.obolibrary.org/obo/RO_0002622
LIFE4POLL487	LIFE4POLL487-a-1000438	LIFE4POLL487-p-1000438	visits flowers of	http://purl.obolibrary.org/obo/RO_0002622
LIFE4POLL488	LIFE4POLL488-a-1000439	LIFE4POLL488-p-1000439	visits flowers of	http://purl.obolibrary.org/obo/RO_0002622
LIFE4POLL489	LIFE4POLL489-a-1000440	LIFE4POLL489-p-1000440	visits flowers of	http://purl.obolibrary.org/obo/RO_0002622
LIFE4POLL490	LIFE4POLL490-a-1000441	LIFE4POLL490-p-1000441	visits flowers of	http://purl.obolibrary.org/obo/RO_0002622
LIFE4POLL491	LIFE4POLL491-a-1000442	LIFE4POLL491-p-1000442	visits flowers of	http://purl.obolibrary.org/obo/RO_0002622
LIFE4POLL492	LIFE4POLL492-a-1000443	LIFE4POLL492-p-1000443	visits flowers of	http://purl.obolibrary.org/obo/RO_0002622
LIFE4POLL493	LIFE4POLL493-a-1000444	LIFE4POLL493-p-1000444	visits flowers of	http://purl.obolibrary.org/obo/RO_0002622
LIFE4POLL494	LIFE4POLL494-a-1000445	LIFE4POLL494-p-1000445	visits flowers of	http://purl.obolibrary.org/obo/RO_0002622
LIFE4POLL495	LIFE4POLL495-a-1000446	LIFE4POLL495-p-1000446	visits flowers of	http://purl.obolibrary.org/obo/RO_0002622
LIFE4POLL496	LIFE4POLL496-a-1000447	LIFE4POLL496-p-1000447	visits flowers of	http://purl.obolibrary.org/obo/RO_0002622
LIFE4POLL497	LIFE4POLL497-a-1000448	LIFE4POLL497-p-1000448	visits flowers of	http://purl.obolibrary.org/obo/RO_0002622
LIFE4POLL498	LIFE4POLL498-a-1000449	LIFE4POLL498-p-1000449	visits flowers of	http://purl.obolibrary.org/obo/RO_0002622
LIFE4POLL499	LIFE4POLL499-a-1000450	LIFE4POLL499-p-1000450	visits flowers of	http://purl.obolibrary.org/obo/RO_0002622
LIFE4POLL500	LIFE4POLL500-a-1000451	LIFE4POLL500-p-1000451	visits flowers of	http://purl.obolibrary.org/obo/RO_0002622
LIFE4POLL501	LIFE4POLL501-a-1000452	LIFE4POLL501-p-1000452	visits flowers of	http://purl.obolibrary.org/obo/RO_0002622
LIFE4POLL503	LIFE4POLL503-a-1000453	LIFE4POLL503-p-1000453	visits flowers of	http://purl.obolibrary.org/obo/RO_0002622
LIFE4POLL504	LIFE4POLL504-a-1000454	LIFE4POLL504-p-1000454	visits flowers of	http://purl.obolibrary.org/obo/RO_0002622
LIFE4POLL505	LIFE4POLL505-a-1000455	LIFE4POLL505-p-1000455	visits flowers of	http://purl.obolibrary.org/obo/RO_0002622
LIFE4POLL506	LIFE4POLL506-a-1000456	LIFE4POLL506-p-1000456	visits flowers of	http://purl.obolibrary.org/obo/RO_0002622
LIFE4POLL507	LIFE4POLL507-a-1000457	LIFE4POLL507-p-1000457	visits flowers of	http://purl.obolibrary.org/obo/RO_0002622
LIFE4POLL508	LIFE4POLL508-a-1000458	LIFE4POLL508-p-1000458	visits flowers of	http://purl.obolibrary.org/obo/RO_0002622
LIFE4POLL509	LIFE4POLL509-a-1000459	LIFE4POLL509-p-1000459	visits flowers of	http://purl.obolibrary.org/obo/RO_0002622
LIFE4POLL510	LIFE4POLL510-a-1000460	LIFE4POLL510-p-1000460	visits flowers of	http://purl.obolibrary.org/obo/RO_0002622
LIFE4POLL511	LIFE4POLL511-a-1000461	LIFE4POLL511-p-1000461	visits flowers of	http://purl.obolibrary.org/obo/RO_0002622
LIFE4POLL512	LIFE4POLL512-a-1000462	LIFE4POLL512-p-1000462	visits flowers of	http://purl.obolibrary.org/obo/RO_0002622
LIFE4POLL513	LIFE4POLL513-a-1000463	LIFE4POLL513-p-1000463	visits flowers of	http://purl.obolibrary.org/obo/RO_0002622
LIFE4POLL514	LIFE4POLL514-a-1000464	LIFE4POLL514-p-1000464	visits flowers of	http://purl.obolibrary.org/obo/RO_0002622
LIFE4POLL515	LIFE4POLL515-a-1000465	LIFE4POLL515-p-1000465	visits flowers of	http://purl.obolibrary.org/obo/RO_0002622
LIFE4POLL516	LIFE4POLL516-a-1000466	LIFE4POLL516-p-1000466	visits flowers of	http://purl.obolibrary.org/obo/RO_0002622
LIFE4POLL517	LIFE4POLL517-a-1000467	LIFE4POLL517-p-1000467	visits flowers of	http://purl.obolibrary.org/obo/RO_0002622
LIFE4POLL518	LIFE4POLL518-a-1000468	LIFE4POLL518-p-1000468	visits flowers of	http://purl.obolibrary.org/obo/RO_0002622
LIFE4POLL520	LIFE4POLL520-a-1000469	LIFE4POLL520-p-1000469	visits flowers of	http://purl.obolibrary.org/obo/RO_0002622
LIFE4POLL521	LIFE4POLL521-a-1000470	LIFE4POLL521-p-1000470	visits flowers of	http://purl.obolibrary.org/obo/RO_0002622
LIFE4POLL522	LIFE4POLL522-a-1000471	LIFE4POLL522-p-1000471	visits flowers of	http://purl.obolibrary.org/obo/RO_0002622
LIFE4POLL525	LIFE4POLL525-a-1000472	LIFE4POLL525-p-1000472	visits flowers of	http://purl.obolibrary.org/obo/RO_0002622
LIFE4POLL526	LIFE4POLL526-a-1000473	LIFE4POLL526-p-1000473	visits flowers of	http://purl.obolibrary.org/obo/RO_0002622
LIFE4POLL527	LIFE4POLL527-a-1000474	LIFE4POLL527-p-1000474	visits flowers of	http://purl.obolibrary.org/obo/RO_0002622
LIFE4POLL528	LIFE4POLL528-a-1000475	LIFE4POLL528-p-1000475	visits flowers of	http://purl.obolibrary.org/obo/RO_0002622
LIFE4POLL529	LIFE4POLL529-a-1000476	LIFE4POLL529-p-1000476	visits flowers of	http://purl.obolibrary.org/obo/RO_0002622
LIFE4POLL530	LIFE4POLL530-a-1000477	LIFE4POLL530-p-1000477	visits flowers of	http://purl.obolibrary.org/obo/RO_0002622
LIFE4POLL531	LIFE4POLL531-a-1000478	LIFE4POLL531-p-1000478	visits flowers of	http://purl.obolibrary.org/obo/RO_0002622
LIFE4POLL532	LIFE4POLL532-a-1000479	LIFE4POLL532-p-1000479	visits flowers of	http://purl.obolibrary.org/obo/RO_0002622
LIFE4POLL533	LIFE4POLL533-a-1000480	LIFE4POLL533-p-1000480	visits flowers of	http://purl.obolibrary.org/obo/RO_0002622
LIFE4POLL534	LIFE4POLL534-a-1000481	LIFE4POLL534-p-1000481	visits flowers of	http://purl.obolibrary.org/obo/RO_0002622
LIFE4POLL535	LIFE4POLL535-a-1000482	LIFE4POLL535-p-1000482	visits flowers of	http://purl.obolibrary.org/obo/RO_0002622
LIFE4POLL536	LIFE4POLL536-a-1000483	LIFE4POLL536-p-1000483	visits flowers of	http://purl.obolibrary.org/obo/RO_0002622
LIFE4POLL537	LIFE4POLL537-a-1000484	LIFE4POLL537-p-1000484	visits flowers of	http://purl.obolibrary.org/obo/RO_0002622
LIFE4POLL538	LIFE4POLL538-a-1000485	LIFE4POLL538-p-1000485	visits flowers of	http://purl.obolibrary.org/obo/RO_0002622
LIFE4POLL539	LIFE4POLL539-a-1000486	LIFE4POLL539-p-1000486	visits flowers of	http://purl.obolibrary.org/obo/RO_0002622
LIFE4POLL540	LIFE4POLL540-a-1000487	LIFE4POLL540-p-1000487	visits flowers of	http://purl.obolibrary.org/obo/RO_0002622
LIFE4POLL541	LIFE4POLL541-a-1000488	LIFE4POLL541-p-1000488	visits flowers of	http://purl.obolibrary.org/obo/RO_0002622
LIFE4POLL542	LIFE4POLL542-a-1000489	LIFE4POLL542-p-1000489	visits flowers of	http://purl.obolibrary.org/obo/RO_0002622
LIFE4POLL543	LIFE4POLL543-a-1000490	LIFE4POLL543-p-1000490	visits flowers of	http://purl.obolibrary.org/obo/RO_0002622
LIFE4POLL544	LIFE4POLL544-a-1000491	LIFE4POLL544-p-1000491	visits flowers of	http://purl.obolibrary.org/obo/RO_0002622
LIFE4POLL545	LIFE4POLL545-a-1000492	LIFE4POLL545-p-1000492	visits flowers of	http://purl.obolibrary.org/obo/RO_0002622
LIFE4POLL546	LIFE4POLL546-a-1000493	LIFE4POLL546-p-1000493	visits flowers of	http://purl.obolibrary.org/obo/RO_0002622
LIFE4POLL548	LIFE4POLL548-a-1000494	LIFE4POLL548-p-1000494	visits flowers of	http://purl.obolibrary.org/obo/RO_0002622
LIFE4POLL550	LIFE4POLL550-a-1000495	LIFE4POLL550-p-1000495	visits flowers of	http://purl.obolibrary.org/obo/RO_0002622
LIFE4POLL551	LIFE4POLL551-a-1000496	LIFE4POLL551-p-1000496	visits flowers of	http://purl.obolibrary.org/obo/RO_0002622
LIFE4POLL552	LIFE4POLL552-a-1000497	LIFE4POLL552-p-1000497	visits flowers of	http://purl.obolibrary.org/obo/RO_0002622
LIFE4POLL553	LIFE4POLL553-a-1000498	LIFE4POLL553-p-1000498	visits flowers of	http://purl.obolibrary.org/obo/RO_0002622
LIFE4POLL554	LIFE4POLL554-a-1000499	LIFE4POLL554-p-1000499	visits flowers of	http://purl.obolibrary.org/obo/RO_0002622
LIFE4POLL555	LIFE4POLL555-a-1000500	LIFE4POLL555-p-1000500	visits flowers of	http://purl.obolibrary.org/obo/RO_0002622
LIFE4POLL556	LIFE4POLL556-a-1000501	LIFE4POLL556-p-1000501	visits flowers of	http://purl.obolibrary.org/obo/RO_0002622
LIFE4POLL557	LIFE4POLL557-a-1000502	LIFE4POLL557-p-1000502	visits flowers of	http://purl.obolibrary.org/obo/RO_0002622
LIFE4POLL558	LIFE4POLL558-a-1000503	LIFE4POLL558-p-1000503	visits flowers of	http://purl.obolibrary.org/obo/RO_0002622
LIFE4POLL559	LIFE4POLL559-a-1000504	LIFE4POLL559-p-1000504	visits flowers of	http://purl.obolibrary.org/obo/RO_0002622
LIFE4POLL560	LIFE4POLL560-a-1000505	LIFE4POLL560-p-1000505	visits flowers of	http://purl.obolibrary.org/obo/RO_0002622
LIFE4POLL561	LIFE4POLL561-a-1000506	LIFE4POLL561-p-1000506	visits flowers of	http://purl.obolibrary.org/obo/RO_0002622
LIFE4POLL562	LIFE4POLL562-a-1000507	LIFE4POLL562-p-1000507	visits flowers of	http://purl.obolibrary.org/obo/RO_0002622
LIFE4POLL563	LIFE4POLL563-a-1000508	LIFE4POLL563-p-1000508	visits flowers of	http://purl.obolibrary.org/obo/RO_0002622
LIFE4POLL564	LIFE4POLL564-a-1000509	LIFE4POLL564-p-1000509	visits flowers of	http://purl.obolibrary.org/obo/RO_0002622
LIFE4POLL565	LIFE4POLL565-a-1000510	LIFE4POLL565-p-1000510	visits flowers of	http://purl.obolibrary.org/obo/RO_0002622
LIFE4POLL566	LIFE4POLL566-a-1000511	LIFE4POLL566-p-1000511	visits flowers of	http://purl.obolibrary.org/obo/RO_0002622
LIFE4POLL567	LIFE4POLL567-a-1000512	LIFE4POLL567-p-1000512	visits flowers of	http://purl.obolibrary.org/obo/RO_0002622
LIFE4POLL568	LIFE4POLL568-a-1000513	LIFE4POLL568-p-1000513	visits flowers of	http://purl.obolibrary.org/obo/RO_0002622
LIFE4POLL569	LIFE4POLL569-a-1000514	LIFE4POLL569-p-1000514	visits flowers of	http://purl.obolibrary.org/obo/RO_0002622
LIFE4POLL570	LIFE4POLL570-a-1000515	LIFE4POLL570-p-1000515	visits flowers of	http://purl.obolibrary.org/obo/RO_0002622
LIFE4POLL571	LIFE4POLL571-a-1000516	LIFE4POLL571-p-1000516	visits flowers of	http://purl.obolibrary.org/obo/RO_0002622
LIFE4POLL572	LIFE4POLL572-a-1000517	LIFE4POLL572-p-1000517	visits flowers of	http://purl.obolibrary.org/obo/RO_0002622
LIFE4POLL573	LIFE4POLL573-a-1000518	LIFE4POLL573-p-1000518	visits flowers of	http://purl.obolibrary.org/obo/RO_0002622
LIFE4POLL574	LIFE4POLL574-a-1000519	LIFE4POLL574-p-1000519	visits flowers of	http://purl.obolibrary.org/obo/RO_0002622
LIFE4POLL575	LIFE4POLL575-a-1000520	LIFE4POLL575-p-1000520	visits flowers of	http://purl.obolibrary.org/obo/RO_0002622
LIFE4POLL576	LIFE4POLL576-a-1000521	LIFE4POLL576-p-1000521	visits flowers of	http://purl.obolibrary.org/obo/RO_0002622
LIFE4POLL577	LIFE4POLL577-a-1000522	LIFE4POLL577-p-1000522	visits flowers of	http://purl.obolibrary.org/obo/RO_0002622
LIFE4POLL578	LIFE4POLL578-a-1000523	LIFE4POLL578-p-1000523	visits flowers of	http://purl.obolibrary.org/obo/RO_0002622
LIFE4POLL579	LIFE4POLL579-a-1000524	LIFE4POLL579-p-1000524	visits flowers of	http://purl.obolibrary.org/obo/RO_0002622
LIFE4POLL580	LIFE4POLL580-a-1000525	LIFE4POLL580-p-1000525	visits flowers of	http://purl.obolibrary.org/obo/RO_0002622
LIFE4POLL581	LIFE4POLL581-a-1000526	LIFE4POLL581-p-1000526	visits flowers of	http://purl.obolibrary.org/obo/RO_0002622
LIFE4POLL582	LIFE4POLL582-a-1000527	LIFE4POLL582-p-1000527	visits flowers of	http://purl.obolibrary.org/obo/RO_0002622
LIFE4POLL583	LIFE4POLL583-a-1000528	LIFE4POLL583-p-1000528	visits flowers of	http://purl.obolibrary.org/obo/RO_0002622
LIFE4POLL584	LIFE4POLL584-a-1000529	LIFE4POLL584-p-1000529	visits flowers of	http://purl.obolibrary.org/obo/RO_0002622
LIFE4POLL585	LIFE4POLL585-a-1000530	LIFE4POLL585-p-1000530	visits flowers of	http://purl.obolibrary.org/obo/RO_0002622
LIFE4POLL586	LIFE4POLL586-a-1000531	LIFE4POLL586-p-1000531	visits flowers of	http://purl.obolibrary.org/obo/RO_0002622
LIFE4POLL587	LIFE4POLL587-a-1000532	LIFE4POLL587-p-1000532	visits flowers of	http://purl.obolibrary.org/obo/RO_0002622
LIFE4POLL588	LIFE4POLL588-a-1000533	LIFE4POLL588-p-1000533	visits flowers of	http://purl.obolibrary.org/obo/RO_0002622
LIFE4POLL589	LIFE4POLL589-a-1000534	LIFE4POLL589-p-1000534	visits flowers of	http://purl.obolibrary.org/obo/RO_0002622
LIFE4POLL590	LIFE4POLL590-a-1000535	LIFE4POLL590-p-1000535	visits flowers of	http://purl.obolibrary.org/obo/RO_0002622
LIFE4POLL591	LIFE4POLL591-a-1000536	LIFE4POLL591-p-1000536	visits flowers of	http://purl.obolibrary.org/obo/RO_0002622
LIFE4POLL592	LIFE4POLL592-a-1000537	LIFE4POLL592-p-1000537	visits flowers of	http://purl.obolibrary.org/obo/RO_0002622
LIFE4POLL593	LIFE4POLL593-a-1000538	LIFE4POLL593-p-1000538	visits flowers of	http://purl.obolibrary.org/obo/RO_0002622
LIFE4POLL594	LIFE4POLL594-a-1000539	LIFE4POLL594-p-1000539	visits flowers of	http://purl.obolibrary.org/obo/RO_0002622
LIFE4POLL595	LIFE4POLL595-a-1000540	LIFE4POLL595-p-1000540	visits flowers of	http://purl.obolibrary.org/obo/RO_0002622
LIFE4POLL596	LIFE4POLL596-a-1000541	LIFE4POLL596-p-1000541	visits flowers of	http://purl.obolibrary.org/obo/RO_0002622
LIFE4POLL597	LIFE4POLL597-a-1000542	LIFE4POLL597-p-1000542	visits flowers of	http://purl.obolibrary.org/obo/RO_0002622
LIFE4POLL599	LIFE4POLL599-a-1000543	LIFE4POLL599-p-1000543	visits flowers of	http://purl.obolibrary.org/obo/RO_0002622
LIFE4POLL601	LIFE4POLL601-a-1000544	LIFE4POLL601-p-1000544	visits flowers of	http://purl.obolibrary.org/obo/RO_0002622
LIFE4POLL604	LIFE4POLL604-a-1000545	LIFE4POLL604-p-1000545	visits flowers of	http://purl.obolibrary.org/obo/RO_0002622
LIFE4POLL605	LIFE4POLL605-a-1000546	LIFE4POLL605-p-1000546	visits flowers of	http://purl.obolibrary.org/obo/RO_0002622
LIFE4POLL606	LIFE4POLL606-a-1000547	LIFE4POLL606-p-1000547	visits flowers of	http://purl.obolibrary.org/obo/RO_0002622
LIFE4POLL607	LIFE4POLL607-a-1000548	LIFE4POLL607-p-1000548	visits flowers of	http://purl.obolibrary.org/obo/RO_0002622
LIFE4POLL608	LIFE4POLL608-a-1000549	LIFE4POLL608-p-1000549	visits flowers of	http://purl.obolibrary.org/obo/RO_0002622
LIFE4POLL609	LIFE4POLL609-a-1000550	LIFE4POLL609-p-1000550	visits flowers of	http://purl.obolibrary.org/obo/RO_0002622
LIFE4POLL610	LIFE4POLL610-a-1000551	LIFE4POLL610-p-1000551	visits flowers of	http://purl.obolibrary.org/obo/RO_0002622
LIFE4POLL611	LIFE4POLL611-a-1000552	LIFE4POLL611-p-1000552	visits flowers of	http://purl.obolibrary.org/obo/RO_0002622
LIFE4POLL612	LIFE4POLL612-a-1000553	LIFE4POLL612-p-1000553	visits flowers of	http://purl.obolibrary.org/obo/RO_0002622
LIFE4POLL613	LIFE4POLL613-a-1000554	LIFE4POLL613-p-1000554	visits flowers of	http://purl.obolibrary.org/obo/RO_0002622
LIFE4POLL614	LIFE4POLL614-a-1000555	LIFE4POLL614-p-1000555	visits flowers of	http://purl.obolibrary.org/obo/RO_0002622
LIFE4POLL615	LIFE4POLL615-a-1000556	LIFE4POLL615-p-1000556	visits flowers of	http://purl.obolibrary.org/obo/RO_0002622
LIFE4POLL616	LIFE4POLL616-a-1000557	LIFE4POLL616-p-1000557	visits flowers of	http://purl.obolibrary.org/obo/RO_0002622
LIFE4POLL617	LIFE4POLL617-a-1000558	LIFE4POLL617-p-1000558	visits flowers of	http://purl.obolibrary.org/obo/RO_0002622
LIFE4POLL618	LIFE4POLL618-a-1000559	LIFE4POLL618-p-1000559	visits flowers of	http://purl.obolibrary.org/obo/RO_0002622
LIFE4POLL619	LIFE4POLL619-a-1000560	LIFE4POLL619-p-1000560	visits flowers of	http://purl.obolibrary.org/obo/RO_0002622
LIFE4POLL621	LIFE4POLL621-a-1000561	LIFE4POLL621-p-1000561	visits flowers of	http://purl.obolibrary.org/obo/RO_0002622
LIFE4POLL622	LIFE4POLL622-a-1000562	LIFE4POLL622-p-1000562	visits flowers of	http://purl.obolibrary.org/obo/RO_0002622
LIFE4POLL623	LIFE4POLL623-a-1000563	LIFE4POLL623-p-1000563	visits flowers of	http://purl.obolibrary.org/obo/RO_0002622
LIFE4POLL625	LIFE4POLL625-a-1000564	LIFE4POLL625-p-1000564	visits flowers of	http://purl.obolibrary.org/obo/RO_0002622
LIFE4POLL626	LIFE4POLL626-a-1000565	LIFE4POLL626-p-1000565	visits flowers of	http://purl.obolibrary.org/obo/RO_0002622
LIFE4POLL627	LIFE4POLL627-a-1000566	LIFE4POLL627-p-1000566	visits flowers of	http://purl.obolibrary.org/obo/RO_0002622
LIFE4POLL628	LIFE4POLL628-a-1000567	LIFE4POLL628-p-1000567	visits flowers of	http://purl.obolibrary.org/obo/RO_0002622
LIFE4POLL629	LIFE4POLL629-a-1000568	LIFE4POLL629-p-1000568	visits flowers of	http://purl.obolibrary.org/obo/RO_0002622
LIFE4POLL630	LIFE4POLL630-a-1000569	LIFE4POLL630-p-1000569	visits flowers of	http://purl.obolibrary.org/obo/RO_0002622
LIFE4POLL631	LIFE4POLL631-a-1000570	LIFE4POLL631-p-1000570	visits flowers of	http://purl.obolibrary.org/obo/RO_0002622
LIFE4POLL632	LIFE4POLL632-a-1000571	LIFE4POLL632-p-1000571	visits flowers of	http://purl.obolibrary.org/obo/RO_0002622
LIFE4POLL633	LIFE4POLL633-a-1000572	LIFE4POLL633-p-1000572	visits flowers of	http://purl.obolibrary.org/obo/RO_0002622
LIFE4POLL634	LIFE4POLL634-a-1000573	LIFE4POLL634-p-1000573	visits flowers of	http://purl.obolibrary.org/obo/RO_0002622
LIFE4POLL635	LIFE4POLL635-a-1000574	LIFE4POLL635-p-1000574	visits flowers of	http://purl.obolibrary.org/obo/RO_0002622
LIFE4POLL636	LIFE4POLL636-a-1000575	LIFE4POLL636-p-1000575	visits flowers of	http://purl.obolibrary.org/obo/RO_0002622
LIFE4POLL637	LIFE4POLL637-a-1000576	LIFE4POLL637-p-1000576	visits flowers of	http://purl.obolibrary.org/obo/RO_0002622
LIFE4POLL638	LIFE4POLL638-a-1000577	LIFE4POLL638-p-1000577	visits flowers of	http://purl.obolibrary.org/obo/RO_0002622
LIFE4POLL641	LIFE4POLL641-a-1000578	LIFE4POLL641-p-1000578	visits flowers of	http://purl.obolibrary.org/obo/RO_0002622
LIFE4POLL642	LIFE4POLL642-a-1000579	LIFE4POLL642-p-1000579	visits flowers of	http://purl.obolibrary.org/obo/RO_0002622
LIFE4POLL643	LIFE4POLL643-a-1000580	LIFE4POLL643-p-1000580	visits flowers of	http://purl.obolibrary.org/obo/RO_0002622
LIFE4POLL644	LIFE4POLL644-a-1000581	LIFE4POLL644-p-1000581	visits flowers of	http://purl.obolibrary.org/obo/RO_0002622
LIFE4POLL645	LIFE4POLL645-a-1000582	LIFE4POLL645-p-1000582	visits flowers of	http://purl.obolibrary.org/obo/RO_0002622
LIFE4POLL646	LIFE4POLL646-a-1000583	LIFE4POLL646-p-1000583	visits flowers of	http://purl.obolibrary.org/obo/RO_0002622
LIFE4POLL647	LIFE4POLL647-a-1000584	LIFE4POLL647-p-1000584	visits flowers of	http://purl.obolibrary.org/obo/RO_0002622
LIFE4POLL649	LIFE4POLL649-a-1000585	LIFE4POLL649-p-1000585	visits flowers of	http://purl.obolibrary.org/obo/RO_0002622
LIFE4POLL650	LIFE4POLL650-a-1000586	LIFE4POLL650-p-1000586	visits flowers of	http://purl.obolibrary.org/obo/RO_0002622
LIFE4POLL651	LIFE4POLL651-a-1000587	LIFE4POLL651-p-1000587	visits flowers of	http://purl.obolibrary.org/obo/RO_0002622
LIFE4POLL652	LIFE4POLL652-a-1000588	LIFE4POLL652-p-1000588	visits flowers of	http://purl.obolibrary.org/obo/RO_0002622
LIFE4POLL653	LIFE4POLL653-a-1000589	LIFE4POLL653-p-1000589	visits flowers of	http://purl.obolibrary.org/obo/RO_0002622
LIFE4POLL654	LIFE4POLL654-a-1000590	LIFE4POLL654-p-1000590	visits flowers of	http://purl.obolibrary.org/obo/RO_0002622
LIFE4POLL655	LIFE4POLL655-a-1000591	LIFE4POLL655-p-1000591	visits flowers of	http://purl.obolibrary.org/obo/RO_0002622
LIFE4POLL656	LIFE4POLL656-a-1000592	LIFE4POLL656-p-1000592	visits flowers of	http://purl.obolibrary.org/obo/RO_0002622
LIFE4POLL657	LIFE4POLL657-a-1000593	LIFE4POLL657-p-1000593	visits flowers of	http://purl.obolibrary.org/obo/RO_0002622
LIFE4POLL658	LIFE4POLL658-a-1000594	LIFE4POLL658-p-1000594	visits flowers of	http://purl.obolibrary.org/obo/RO_0002622
LIFE4POLL659	LIFE4POLL659-a-1000595	LIFE4POLL659-p-1000595	visits flowers of	http://purl.obolibrary.org/obo/RO_0002622
LIFE4POLL660	LIFE4POLL660-a-1000596	LIFE4POLL660-p-1000596	visits flowers of	http://purl.obolibrary.org/obo/RO_0002622
LIFE4POLL661	LIFE4POLL661-a-1000597	LIFE4POLL661-p-1000597	visits flowers of	http://purl.obolibrary.org/obo/RO_0002622
LIFE4POLL662	LIFE4POLL662-a-1000598	LIFE4POLL662-p-1000598	visits flowers of	http://purl.obolibrary.org/obo/RO_0002622
LIFE4POLL663	LIFE4POLL663-a-1000599	LIFE4POLL663-p-1000599	visits flowers of	http://purl.obolibrary.org/obo/RO_0002622
LIFE4POLL664	LIFE4POLL664-a-1000600	LIFE4POLL664-p-1000600	visits flowers of	http://purl.obolibrary.org/obo/RO_0002622
LIFE4POLL665	LIFE4POLL665-a-1000601	LIFE4POLL665-p-1000601	visits flowers of	http://purl.obolibrary.org/obo/RO_0002622
LIFE4POLL667	LIFE4POLL667-a-1000602	LIFE4POLL667-p-1000602	visits flowers of	http://purl.obolibrary.org/obo/RO_0002622
LIFE4POLL668	LIFE4POLL668-a-1000603	LIFE4POLL668-p-1000603	visits flowers of	http://purl.obolibrary.org/obo/RO_0002622
LIFE4POLL669	LIFE4POLL669-a-1000604	LIFE4POLL669-p-1000604	visits flowers of	http://purl.obolibrary.org/obo/RO_0002622
LIFE4POLL670	LIFE4POLL670-a-1000605	LIFE4POLL670-p-1000605	visits flowers of	http://purl.obolibrary.org/obo/RO_0002622
LIFE4POLL671	LIFE4POLL671-a-1000606	LIFE4POLL671-p-1000606	visits flowers of	http://purl.obolibrary.org/obo/RO_0002622
LIFE4POLL673	LIFE4POLL673-a-1000607	LIFE4POLL673-p-1000607	visits flowers of	http://purl.obolibrary.org/obo/RO_0002622
LIFE4POLL674	LIFE4POLL674-a-1000608	LIFE4POLL674-p-1000608	visits flowers of	http://purl.obolibrary.org/obo/RO_0002622
LIFE4POLL675	LIFE4POLL675-a-1000609	LIFE4POLL675-p-1000609	visits flowers of	http://purl.obolibrary.org/obo/RO_0002622
LIFE4POLL676	LIFE4POLL676-a-1000610	LIFE4POLL676-p-1000610	visits flowers of	http://purl.obolibrary.org/obo/RO_0002622
LIFE4POLL677	LIFE4POLL677-a-1000611	LIFE4POLL677-p-1000611	visits flowers of	http://purl.obolibrary.org/obo/RO_0002622
LIFE4POLL678	LIFE4POLL678-a-1000612	LIFE4POLL678-p-1000612	visits flowers of	http://purl.obolibrary.org/obo/RO_0002622
LIFE4POLL679	LIFE4POLL679-a-1000613	LIFE4POLL679-p-1000613	visits flowers of	http://purl.obolibrary.org/obo/RO_0002622
LIFE4POLL680	LIFE4POLL680-a-1000614	LIFE4POLL680-p-1000614	visits flowers of	http://purl.obolibrary.org/obo/RO_0002622
LIFE4POLL681	LIFE4POLL681-a-1000615	LIFE4POLL681-p-1000615	visits flowers of	http://purl.obolibrary.org/obo/RO_0002622
LIFE4POLL682	LIFE4POLL682-a-1000616	LIFE4POLL682-p-1000616	visits flowers of	http://purl.obolibrary.org/obo/RO_0002622
LIFE4POLL683	LIFE4POLL683-a-1000617	LIFE4POLL683-p-1000617	visits flowers of	http://purl.obolibrary.org/obo/RO_0002622
LIFE4POLL684	LIFE4POLL684-a-1000618	LIFE4POLL684-p-1000618	visits flowers of	http://purl.obolibrary.org/obo/RO_0002622
LIFE4POLL685	LIFE4POLL685-a-1000619	LIFE4POLL685-p-1000619	visits flowers of	http://purl.obolibrary.org/obo/RO_0002622
LIFE4POLL686	LIFE4POLL686-a-1000620	LIFE4POLL686-p-1000620	visits flowers of	http://purl.obolibrary.org/obo/RO_0002622
LIFE4POLL687	LIFE4POLL687-a-1000621	LIFE4POLL687-p-1000621	visits flowers of	http://purl.obolibrary.org/obo/RO_0002622
LIFE4POLL688	LIFE4POLL688-a-1000622	LIFE4POLL688-p-1000622	visits flowers of	http://purl.obolibrary.org/obo/RO_0002622
LIFE4POLL689	LIFE4POLL689-a-1000623	LIFE4POLL689-p-1000623	visits flowers of	http://purl.obolibrary.org/obo/RO_0002622
LIFE4POLL690	LIFE4POLL690-a-1000624	LIFE4POLL690-p-1000624	visits flowers of	http://purl.obolibrary.org/obo/RO_0002622
LIFE4POLL691	LIFE4POLL691-a-1000625	LIFE4POLL691-p-1000625	visits flowers of	http://purl.obolibrary.org/obo/RO_0002622
LIFE4POLL692	LIFE4POLL692-a-1000626	LIFE4POLL692-p-1000626	visits flowers of	http://purl.obolibrary.org/obo/RO_0002622
LIFE4POLL693	LIFE4POLL693-a-1000627	LIFE4POLL693-p-1000627	visits flowers of	http://purl.obolibrary.org/obo/RO_0002622
LIFE4POLL694	LIFE4POLL694-a-1000628	LIFE4POLL694-p-1000628	visits flowers of	http://purl.obolibrary.org/obo/RO_0002622
LIFE4POLL695	LIFE4POLL695-a-1000629	LIFE4POLL695-p-1000629	visits flowers of	http://purl.obolibrary.org/obo/RO_0002622
LIFE4POLL696	LIFE4POLL696-a-1000630	LIFE4POLL696-p-1000630	visits flowers of	http://purl.obolibrary.org/obo/RO_0002622
LIFE4POLL697	LIFE4POLL697-a-1000631	LIFE4POLL697-p-1000631	visits flowers of	http://purl.obolibrary.org/obo/RO_0002622
LIFE4POLL698	LIFE4POLL698-a-1000632	LIFE4POLL698-p-1000632	visits flowers of	http://purl.obolibrary.org/obo/RO_0002622
LIFE4POLL699	LIFE4POLL699-a-1000633	LIFE4POLL699-p-1000633	visits flowers of	http://purl.obolibrary.org/obo/RO_0002622
LIFE4POLL700	LIFE4POLL700-a-1000634	LIFE4POLL700-p-1000634	visits flowers of	http://purl.obolibrary.org/obo/RO_0002622
LIFE4POLL701	LIFE4POLL701-a-1000635	LIFE4POLL701-p-1000635	visits flowers of	http://purl.obolibrary.org/obo/RO_0002622
LIFE4POLL702	LIFE4POLL702-a-1000636	LIFE4POLL702-p-1000636	visits flowers of	http://purl.obolibrary.org/obo/RO_0002622
LIFE4POLL703	LIFE4POLL703-a-1000637	LIFE4POLL703-p-1000637	visits flowers of	http://purl.obolibrary.org/obo/RO_0002622
LIFE4POLL704	LIFE4POLL704-a-1000638	LIFE4POLL704-p-1000638	visits flowers of	http://purl.obolibrary.org/obo/RO_0002622
LIFE4POLL705	LIFE4POLL705-a-1000639	LIFE4POLL705-p-1000639	visits flowers of	http://purl.obolibrary.org/obo/RO_0002622
LIFE4POLL706	LIFE4POLL706-a-1000640	LIFE4POLL706-p-1000640	visits flowers of	http://purl.obolibrary.org/obo/RO_0002622
LIFE4POLL707	LIFE4POLL707-a-1000641	LIFE4POLL707-p-1000641	visits flowers of	http://purl.obolibrary.org/obo/RO_0002622
LIFE4POLL708	LIFE4POLL708-a-1000642	LIFE4POLL708-p-1000642	visits flowers of	http://purl.obolibrary.org/obo/RO_0002622
LIFE4POLL709	LIFE4POLL709-a-1000643	LIFE4POLL709-p-1000643	visits flowers of	http://purl.obolibrary.org/obo/RO_0002622
LIFE4POLL710	LIFE4POLL710-a-1000644	LIFE4POLL710-p-1000644	visits flowers of	http://purl.obolibrary.org/obo/RO_0002622
LIFE4POLL711	LIFE4POLL711-a-1000645	LIFE4POLL711-p-1000645	visits flowers of	http://purl.obolibrary.org/obo/RO_0002622
LIFE4POLL712	LIFE4POLL712-a-1000646	LIFE4POLL712-p-1000646	visits flowers of	http://purl.obolibrary.org/obo/RO_0002622
LIFE4POLL713	LIFE4POLL713-a-1000647	LIFE4POLL713-p-1000647	visits flowers of	http://purl.obolibrary.org/obo/RO_0002622
LIFE4POLL714	LIFE4POLL714-a-1000648	LIFE4POLL714-p-1000648	visits flowers of	http://purl.obolibrary.org/obo/RO_0002622
LIFE4POLL715	LIFE4POLL715-a-1000649	LIFE4POLL715-p-1000649	visits flowers of	http://purl.obolibrary.org/obo/RO_0002622
LIFE4POLL716	LIFE4POLL716-a-1000650	LIFE4POLL716-p-1000650	visits flowers of	http://purl.obolibrary.org/obo/RO_0002622
LIFE4POLL717	LIFE4POLL717-a-1000651	LIFE4POLL717-p-1000651	visits flowers of	http://purl.obolibrary.org/obo/RO_0002622
LIFE4POLL718	LIFE4POLL718-a-1000652	LIFE4POLL718-p-1000652	visits flowers of	http://purl.obolibrary.org/obo/RO_0002622
LIFE4POLL719	LIFE4POLL719-a-1000653	LIFE4POLL719-p-1000653	visits flowers of	http://purl.obolibrary.org/obo/RO_0002622
LIFE4POLL722	LIFE4POLL722-a-1000654	LIFE4POLL722-p-1000654	visits flowers of	http://purl.obolibrary.org/obo/RO_0002622
LIFE4POLL723	LIFE4POLL723-a-1000655	LIFE4POLL723-p-1000655	visits flowers of	http://purl.obolibrary.org/obo/RO_0002622
LIFE4POLL724	LIFE4POLL724-a-1000656	LIFE4POLL724-p-1000656	visits flowers of	http://purl.obolibrary.org/obo/RO_0002622
LIFE4POLL725	LIFE4POLL725-a-1000657	LIFE4POLL725-p-1000657	visits flowers of	http://purl.obolibrary.org/obo/RO_0002622
LIFE4POLL726	LIFE4POLL726-a-1000658	LIFE4POLL726-p-1000658	visits flowers of	http://purl.obolibrary.org/obo/RO_0002622
LIFE4POLL727	LIFE4POLL727-a-1000659	LIFE4POLL727-p-1000659	visits flowers of	http://purl.obolibrary.org/obo/RO_0002622
LIFE4POLL728	LIFE4POLL728-a-1000660	LIFE4POLL728-p-1000660	visits flowers of	http://purl.obolibrary.org/obo/RO_0002622
LIFE4POLL729	LIFE4POLL729-a-1000661	LIFE4POLL729-p-1000661	visits flowers of	http://purl.obolibrary.org/obo/RO_0002622
LIFE4POLL730	LIFE4POLL730-a-1000662	LIFE4POLL730-p-1000662	visits flowers of	http://purl.obolibrary.org/obo/RO_0002622
LIFE4POLL731	LIFE4POLL731-a-1000663	LIFE4POLL731-p-1000663	visits flowers of	http://purl.obolibrary.org/obo/RO_0002622
LIFE4POLL732	LIFE4POLL732-a-1000664	LIFE4POLL732-p-1000664	visits flowers of	http://purl.obolibrary.org/obo/RO_0002622
LIFE4POLL733	LIFE4POLL733-a-1000665	LIFE4POLL733-p-1000665	visits flowers of	http://purl.obolibrary.org/obo/RO_0002622
LIFE4POLL734	LIFE4POLL734-a-1000666	LIFE4POLL734-p-1000666	visits flowers of	http://purl.obolibrary.org/obo/RO_0002622
LIFE4POLL735	LIFE4POLL735-a-1000667	LIFE4POLL735-p-1000667	visits flowers of	http://purl.obolibrary.org/obo/RO_0002622
LIFE4POLL736	LIFE4POLL736-a-1000668	LIFE4POLL736-p-1000668	visits flowers of	http://purl.obolibrary.org/obo/RO_0002622
LIFE4POLL737	LIFE4POLL737-a-1000669	LIFE4POLL737-p-1000669	visits flowers of	http://purl.obolibrary.org/obo/RO_0002622
LIFE4POLL738	LIFE4POLL738-a-1000670	LIFE4POLL738-p-1000670	visits flowers of	http://purl.obolibrary.org/obo/RO_0002622
LIFE4POLL739	LIFE4POLL739-a-1000671	LIFE4POLL739-p-1000671	visits flowers of	http://purl.obolibrary.org/obo/RO_0002622
LIFE4POLL740	LIFE4POLL740-a-1000672	LIFE4POLL740-p-1000672	visits flowers of	http://purl.obolibrary.org/obo/RO_0002622
LIFE4POLL741	LIFE4POLL741-a-1000673	LIFE4POLL741-p-1000673	visits flowers of	http://purl.obolibrary.org/obo/RO_0002622
LIFE4POLL742	LIFE4POLL742-a-1000674	LIFE4POLL742-p-1000674	visits flowers of	http://purl.obolibrary.org/obo/RO_0002622
LIFE4POLL743	LIFE4POLL743-a-1000675	LIFE4POLL743-p-1000675	visits flowers of	http://purl.obolibrary.org/obo/RO_0002622
LIFE4POLL744	LIFE4POLL744-a-1000676	LIFE4POLL744-p-1000676	visits flowers of	http://purl.obolibrary.org/obo/RO_0002622
LIFE4POLL745	LIFE4POLL745-a-1000677	LIFE4POLL745-p-1000677	visits flowers of	http://purl.obolibrary.org/obo/RO_0002622
LIFE4POLL746	LIFE4POLL746-a-1000678	LIFE4POLL746-p-1000678	visits flowers of	http://purl.obolibrary.org/obo/RO_0002622
LIFE4POLL747	LIFE4POLL747-a-1000679	LIFE4POLL747-p-1000679	visits flowers of	http://purl.obolibrary.org/obo/RO_0002622
LIFE4POLL748	LIFE4POLL748-a-1000680	LIFE4POLL748-p-1000680	visits flowers of	http://purl.obolibrary.org/obo/RO_0002622
LIFE4POLL749	LIFE4POLL749-a-1000681	LIFE4POLL749-p-1000681	visits flowers of	http://purl.obolibrary.org/obo/RO_0002622
LIFE4POLL750	LIFE4POLL750-a-1000682	LIFE4POLL750-p-1000682	visits flowers of	http://purl.obolibrary.org/obo/RO_0002622
LIFE4POLL751	LIFE4POLL751-a-1000683	LIFE4POLL751-p-1000683	visits flowers of	http://purl.obolibrary.org/obo/RO_0002622
LIFE4POLL752	LIFE4POLL752-a-1000684	LIFE4POLL752-p-1000684	visits flowers of	http://purl.obolibrary.org/obo/RO_0002622
LIFE4POLL753	LIFE4POLL753-a-1000685	LIFE4POLL753-p-1000685	visits flowers of	http://purl.obolibrary.org/obo/RO_0002622
LIFE4POLL754	LIFE4POLL754-a-1000686	LIFE4POLL754-p-1000686	visits flowers of	http://purl.obolibrary.org/obo/RO_0002622
LIFE4POLL755	LIFE4POLL755-a-1000687	LIFE4POLL755-p-1000687	visits flowers of	http://purl.obolibrary.org/obo/RO_0002622
LIFE4POLL758	LIFE4POLL758-a-1000688	LIFE4POLL758-p-1000688	visits flowers of	http://purl.obolibrary.org/obo/RO_0002622
LIFE4POLL759	LIFE4POLL759-a-1000689	LIFE4POLL759-p-1000689	visits flowers of	http://purl.obolibrary.org/obo/RO_0002622
LIFE4POLL760	LIFE4POLL760-a-1000690	LIFE4POLL760-p-1000690	visits flowers of	http://purl.obolibrary.org/obo/RO_0002622
LIFE4POLL761	LIFE4POLL761-a-1000691	LIFE4POLL761-p-1000691	visits flowers of	http://purl.obolibrary.org/obo/RO_0002622
LIFE4POLL762	LIFE4POLL762-a-1000692	LIFE4POLL762-p-1000692	visits flowers of	http://purl.obolibrary.org/obo/RO_0002622
LIFE4POLL763	LIFE4POLL763-a-1000693	LIFE4POLL763-p-1000693	visits flowers of	http://purl.obolibrary.org/obo/RO_0002622
LIFE4POLL764	LIFE4POLL764-a-1000694	LIFE4POLL764-p-1000694	visits flowers of	http://purl.obolibrary.org/obo/RO_0002622
LIFE4POLL765	LIFE4POLL765-a-1000695	LIFE4POLL765-p-1000695	visits flowers of	http://purl.obolibrary.org/obo/RO_0002622
LIFE4POLL766	LIFE4POLL766-a-1000696	LIFE4POLL766-p-1000696	visits flowers of	http://purl.obolibrary.org/obo/RO_0002622
LIFE4POLL767	LIFE4POLL767-a-1000697	LIFE4POLL767-p-1000697	visits flowers of	http://purl.obolibrary.org/obo/RO_0002622
LIFE4POLL768	LIFE4POLL768-a-1000698	LIFE4POLL768-p-1000698	visits flowers of	http://purl.obolibrary.org/obo/RO_0002622
LIFE4POLL769	LIFE4POLL769-a-1000699	LIFE4POLL769-p-1000699	visits flowers of	http://purl.obolibrary.org/obo/RO_0002622
LIFE4POLL770	LIFE4POLL770-a-1000700	LIFE4POLL770-p-1000700	visits flowers of	http://purl.obolibrary.org/obo/RO_0002622
LIFE4POLL771	LIFE4POLL771-a-1000701	LIFE4POLL771-p-1000701	visits flowers of	http://purl.obolibrary.org/obo/RO_0002622
LIFE4POLL772	LIFE4POLL772-a-1000702	LIFE4POLL772-p-1000702	visits flowers of	http://purl.obolibrary.org/obo/RO_0002622
LIFE4POLL773	LIFE4POLL773-a-1000703	LIFE4POLL773-p-1000703	visits flowers of	http://purl.obolibrary.org/obo/RO_0002622
LIFE4POLL774	LIFE4POLL774-a-1000704	LIFE4POLL774-p-1000704	visits flowers of	http://purl.obolibrary.org/obo/RO_0002622
LIFE4POLL775	LIFE4POLL775-a-1000705	LIFE4POLL775-p-1000705	visits flowers of	http://purl.obolibrary.org/obo/RO_0002622
LIFE4POLL776	LIFE4POLL776-a-1000706	LIFE4POLL776-p-1000706	visits flowers of	http://purl.obolibrary.org/obo/RO_0002622
LIFE4POLL777	LIFE4POLL777-a-1000707	LIFE4POLL777-p-1000707	visits flowers of	http://purl.obolibrary.org/obo/RO_0002622
LIFE4POLL778	LIFE4POLL778-a-1000708	LIFE4POLL778-p-1000708	visits flowers of	http://purl.obolibrary.org/obo/RO_0002622
LIFE4POLL779	LIFE4POLL779-a-1000709	LIFE4POLL779-p-1000709	visits flowers of	http://purl.obolibrary.org/obo/RO_0002622
LIFE4POLL780	LIFE4POLL780-a-1000710	LIFE4POLL780-p-1000710	visits flowers of	http://purl.obolibrary.org/obo/RO_0002622
LIFE4POLL781	LIFE4POLL781-a-1000711	LIFE4POLL781-p-1000711	visits flowers of	http://purl.obolibrary.org/obo/RO_0002622
LIFE4POLL782	LIFE4POLL782-a-1000712	LIFE4POLL782-p-1000712	visits flowers of	http://purl.obolibrary.org/obo/RO_0002622
LIFE4POLL783	LIFE4POLL783-a-1000713	LIFE4POLL783-p-1000713	visits flowers of	http://purl.obolibrary.org/obo/RO_0002622
LIFE4POLL784	LIFE4POLL784-a-1000714	LIFE4POLL784-p-1000714	visits flowers of	http://purl.obolibrary.org/obo/RO_0002622
LIFE4POLL785	LIFE4POLL785-a-1000715	LIFE4POLL785-p-1000715	visits flowers of	http://purl.obolibrary.org/obo/RO_0002622
LIFE4POLL786	LIFE4POLL786-a-1000716	LIFE4POLL786-p-1000716	visits flowers of	http://purl.obolibrary.org/obo/RO_0002622
LIFE4POLL787	LIFE4POLL787-a-1000717	LIFE4POLL787-p-1000717	visits flowers of	http://purl.obolibrary.org/obo/RO_0002622
LIFE4POLL788	LIFE4POLL788-a-1000718	LIFE4POLL788-p-1000718	visits flowers of	http://purl.obolibrary.org/obo/RO_0002622
LIFE4POLL789	LIFE4POLL789-a-1000719	LIFE4POLL789-p-1000719	visits flowers of	http://purl.obolibrary.org/obo/RO_0002622
LIFE4POLL790	LIFE4POLL790-a-1000720	LIFE4POLL790-p-1000720	visits flowers of	http://purl.obolibrary.org/obo/RO_0002622
LIFE4POLL791	LIFE4POLL791-a-1000721	LIFE4POLL791-p-1000721	visits flowers of	http://purl.obolibrary.org/obo/RO_0002622
LIFE4POLL792	LIFE4POLL792-a-1000722	LIFE4POLL792-p-1000722	visits flowers of	http://purl.obolibrary.org/obo/RO_0002622
LIFE4POLL793	LIFE4POLL793-a-1000723	LIFE4POLL793-p-1000723	visits flowers of	http://purl.obolibrary.org/obo/RO_0002622
LIFE4POLL794	LIFE4POLL794-a-1000724	LIFE4POLL794-p-1000724	visits flowers of	http://purl.obolibrary.org/obo/RO_0002622
LIFE4POLL795	LIFE4POLL795-a-1000725	LIFE4POLL795-p-1000725	visits flowers of	http://purl.obolibrary.org/obo/RO_0002622
LIFE4POLL796	LIFE4POLL796-a-1000726	LIFE4POLL796-p-1000726	visits flowers of	http://purl.obolibrary.org/obo/RO_0002622
LIFE4POLL797	LIFE4POLL797-a-1000727	LIFE4POLL797-p-1000727	visits flowers of	http://purl.obolibrary.org/obo/RO_0002622
LIFE4POLL798	LIFE4POLL798-a-1000728	LIFE4POLL798-p-1000728	visits flowers of	http://purl.obolibrary.org/obo/RO_0002622
LIFE4POLL799	LIFE4POLL799-a-1000729	LIFE4POLL799-p-1000729	visits flowers of	http://purl.obolibrary.org/obo/RO_0002622
LIFE4POLL800	LIFE4POLL800-a-1000730	LIFE4POLL800-p-1000730	visits flowers of	http://purl.obolibrary.org/obo/RO_0002622
LIFE4POLL801	LIFE4POLL801-a-1000731	LIFE4POLL801-p-1000731	visits flowers of	http://purl.obolibrary.org/obo/RO_0002622
LIFE4POLL802	LIFE4POLL802-a-1000732	LIFE4POLL802-p-1000732	visits flowers of	http://purl.obolibrary.org/obo/RO_0002622
LIFE4POLL803	LIFE4POLL803-a-1000733	LIFE4POLL803-p-1000733	visits flowers of	http://purl.obolibrary.org/obo/RO_0002622
LIFE4POLL807	LIFE4POLL807-a-1000734	LIFE4POLL807-p-1000734	visits flowers of	http://purl.obolibrary.org/obo/RO_0002622
LIFE4POLL810	LIFE4POLL810-a-1000735	LIFE4POLL810-p-1000735	visits flowers of	http://purl.obolibrary.org/obo/RO_0002622
LIFE4POLL814	LIFE4POLL814-a-1000736	LIFE4POLL814-p-1000736	visits flowers of	http://purl.obolibrary.org/obo/RO_0002622
LIFE4POLL816	LIFE4POLL816-a-1000737	LIFE4POLL816-p-1000737	visits flowers of	http://purl.obolibrary.org/obo/RO_0002622
LIFE4POLL817	LIFE4POLL817-a-1000738	LIFE4POLL817-p-1000738	visits flowers of	http://purl.obolibrary.org/obo/RO_0002622
LIFE4POLL818	LIFE4POLL818-a-1000739	LIFE4POLL818-p-1000739	visits flowers of	http://purl.obolibrary.org/obo/RO_0002622
LIFE4POLL819	LIFE4POLL819-a-1000740	LIFE4POLL819-p-1000740	visits flowers of	http://purl.obolibrary.org/obo/RO_0002622
LIFE4POLL820	LIFE4POLL820-a-1000741	LIFE4POLL820-p-1000741	visits flowers of	http://purl.obolibrary.org/obo/RO_0002622
LIFE4POLL821	LIFE4POLL821-a-1000742	LIFE4POLL821-p-1000742	visits flowers of	http://purl.obolibrary.org/obo/RO_0002622
LIFE4POLL823	LIFE4POLL823-a-1000743	LIFE4POLL823-p-1000743	visits flowers of	http://purl.obolibrary.org/obo/RO_0002622
LIFE4POLL824	LIFE4POLL824-a-1000744	LIFE4POLL824-p-1000744	visits flowers of	http://purl.obolibrary.org/obo/RO_0002622
LIFE4POLL825	LIFE4POLL825-a-1000745	LIFE4POLL825-p-1000745	visits flowers of	http://purl.obolibrary.org/obo/RO_0002622
LIFE4POLL826	LIFE4POLL826-a-1000746	LIFE4POLL826-p-1000746	visits flowers of	http://purl.obolibrary.org/obo/RO_0002622
LIFE4POLL827	LIFE4POLL827-a-1000747	LIFE4POLL827-p-1000747	visits flowers of	http://purl.obolibrary.org/obo/RO_0002622
LIFE4POLL828	LIFE4POLL828-a-1000748	LIFE4POLL828-p-1000748	visits flowers of	http://purl.obolibrary.org/obo/RO_0002622
LIFE4POLL829	LIFE4POLL829-a-1000749	LIFE4POLL829-p-1000749	visits flowers of	http://purl.obolibrary.org/obo/RO_0002622
LIFE4POLL831	LIFE4POLL831-a-1000750	LIFE4POLL831-p-1000750	visits flowers of	http://purl.obolibrary.org/obo/RO_0002622
LIFE4POLL832	LIFE4POLL832-a-1000751	LIFE4POLL832-p-1000751	visits flowers of	http://purl.obolibrary.org/obo/RO_0002622
LIFE4POLL833	LIFE4POLL833-a-1000752	LIFE4POLL833-p-1000752	visits flowers of	http://purl.obolibrary.org/obo/RO_0002622
LIFE4POLL834	LIFE4POLL834-a-1000753	LIFE4POLL834-p-1000753	visits flowers of	http://purl.obolibrary.org/obo/RO_0002622
LIFE4POLL835	LIFE4POLL835-a-1000754	LIFE4POLL835-p-1000754	visits flowers of	http://purl.obolibrary.org/obo/RO_0002622
LIFE4POLL836	LIFE4POLL836-a-1000755	LIFE4POLL836-p-1000755	visits flowers of	http://purl.obolibrary.org/obo/RO_0002622
LIFE4POLL837	LIFE4POLL837-a-1000756	LIFE4POLL837-p-1000756	visits flowers of	http://purl.obolibrary.org/obo/RO_0002622
LIFE4POLL838	LIFE4POLL838-a-1000757	LIFE4POLL838-p-1000757	visits flowers of	http://purl.obolibrary.org/obo/RO_0002622
LIFE4POLL839	LIFE4POLL839-a-1000758	LIFE4POLL839-p-1000758	visits flowers of	http://purl.obolibrary.org/obo/RO_0002622
LIFE4POLL840	LIFE4POLL840-a-1000759	LIFE4POLL840-p-1000759	visits flowers of	http://purl.obolibrary.org/obo/RO_0002622
LIFE4POLL841	LIFE4POLL841-a-1000760	LIFE4POLL841-p-1000760	visits flowers of	http://purl.obolibrary.org/obo/RO_0002622
LIFE4POLL842	LIFE4POLL842-a-1000761	LIFE4POLL842-p-1000761	visits flowers of	http://purl.obolibrary.org/obo/RO_0002622
LIFE4POLL843	LIFE4POLL843-a-1000762	LIFE4POLL843-p-1000762	visits flowers of	http://purl.obolibrary.org/obo/RO_0002622
LIFE4POLL844	LIFE4POLL844-a-1000763	LIFE4POLL844-p-1000763	visits flowers of	http://purl.obolibrary.org/obo/RO_0002622
LIFE4POLL845	LIFE4POLL845-a-1000764	LIFE4POLL845-p-1000764	visits flowers of	http://purl.obolibrary.org/obo/RO_0002622
LIFE4POLL846	LIFE4POLL846-a-1000765	LIFE4POLL846-p-1000765	visits flowers of	http://purl.obolibrary.org/obo/RO_0002622
LIFE4POLL847	LIFE4POLL847-a-1000766	LIFE4POLL847-p-1000766	visits flowers of	http://purl.obolibrary.org/obo/RO_0002622
LIFE4POLL848	LIFE4POLL848-a-1000767	LIFE4POLL848-p-1000767	visits flowers of	http://purl.obolibrary.org/obo/RO_0002622
LIFE4POLL849	LIFE4POLL849-a-1000768	LIFE4POLL849-p-1000768	visits flowers of	http://purl.obolibrary.org/obo/RO_0002622
LIFE4POLL850	LIFE4POLL850-a-1000769	LIFE4POLL850-p-1000769	visits flowers of	http://purl.obolibrary.org/obo/RO_0002622
LIFE4POLL851	LIFE4POLL851-a-1000770	LIFE4POLL851-p-1000770	visits flowers of	http://purl.obolibrary.org/obo/RO_0002622
LIFE4POLL852	LIFE4POLL852-a-1000771	LIFE4POLL852-p-1000771	visits flowers of	http://purl.obolibrary.org/obo/RO_0002622
LIFE4POLL853	LIFE4POLL853-a-1000772	LIFE4POLL853-p-1000772	visits flowers of	http://purl.obolibrary.org/obo/RO_0002622
LIFE4POLL854	LIFE4POLL854-a-1000773	LIFE4POLL854-p-1000773	visits flowers of	http://purl.obolibrary.org/obo/RO_0002622
LIFE4POLL855	LIFE4POLL855-a-1000774	LIFE4POLL855-p-1000774	visits flowers of	http://purl.obolibrary.org/obo/RO_0002622
LIFE4POLL857	LIFE4POLL857-a-1000775	LIFE4POLL857-p-1000775	visits flowers of	http://purl.obolibrary.org/obo/RO_0002622
LIFE4POLL858	LIFE4POLL858-a-1000776	LIFE4POLL858-p-1000776	visits flowers of	http://purl.obolibrary.org/obo/RO_0002622
LIFE4POLL859	LIFE4POLL859-a-1000777	LIFE4POLL859-p-1000777	visits flowers of	http://purl.obolibrary.org/obo/RO_0002622
LIFE4POLL860	LIFE4POLL860-a-1000778	LIFE4POLL860-p-1000778	visits flowers of	http://purl.obolibrary.org/obo/RO_0002622
LIFE4POLL861	LIFE4POLL861-a-1000779	LIFE4POLL861-p-1000779	visits flowers of	http://purl.obolibrary.org/obo/RO_0002622
LIFE4POLL862	LIFE4POLL862-a-1000780	LIFE4POLL862-p-1000780	visits flowers of	http://purl.obolibrary.org/obo/RO_0002622
LIFE4POLL863	LIFE4POLL863-a-1000781	LIFE4POLL863-p-1000781	visits flowers of	http://purl.obolibrary.org/obo/RO_0002622
LIFE4POLL864	LIFE4POLL864-a-1000782	LIFE4POLL864-p-1000782	visits flowers of	http://purl.obolibrary.org/obo/RO_0002622
LIFE4POLL866	LIFE4POLL866-a-1000783	LIFE4POLL866-p-1000783	visits flowers of	http://purl.obolibrary.org/obo/RO_0002622
LIFE4POLL868	LIFE4POLL868-a-1000784	LIFE4POLL868-p-1000784	visits flowers of	http://purl.obolibrary.org/obo/RO_0002622
LIFE4POLL869	LIFE4POLL869-a-1000785	LIFE4POLL869-p-1000785	visits flowers of	http://purl.obolibrary.org/obo/RO_0002622
LIFE4POLL870	LIFE4POLL870-a-1000786	LIFE4POLL870-p-1000786	visits flowers of	http://purl.obolibrary.org/obo/RO_0002622
LIFE4POLL871	LIFE4POLL871-a-1000787	LIFE4POLL871-p-1000787	visits flowers of	http://purl.obolibrary.org/obo/RO_0002622
LIFE4POLL872	LIFE4POLL872-a-1000788	LIFE4POLL872-p-1000788	visits flowers of	http://purl.obolibrary.org/obo/RO_0002622
LIFE4POLL873	LIFE4POLL873-a-1000789	LIFE4POLL873-p-1000789	visits flowers of	http://purl.obolibrary.org/obo/RO_0002622
LIFE4POLL874	LIFE4POLL874-a-1000790	LIFE4POLL874-p-1000790	visits flowers of	http://purl.obolibrary.org/obo/RO_0002622
LIFE4POLL875	LIFE4POLL875-a-1000791	LIFE4POLL875-p-1000791	visits flowers of	http://purl.obolibrary.org/obo/RO_0002622
LIFE4POLL876	LIFE4POLL876-a-1000792	LIFE4POLL876-p-1000792	visits flowers of	http://purl.obolibrary.org/obo/RO_0002622
LIFE4POLL877	LIFE4POLL877-a-1000793	LIFE4POLL877-p-1000793	visits flowers of	http://purl.obolibrary.org/obo/RO_0002622
LIFE4POLL878	LIFE4POLL878-a-1000794	LIFE4POLL878-p-1000794	visits flowers of	http://purl.obolibrary.org/obo/RO_0002622
LIFE4POLL879	LIFE4POLL879-a-1000795	LIFE4POLL879-p-1000795	visits flowers of	http://purl.obolibrary.org/obo/RO_0002622
LIFE4POLL881	LIFE4POLL881-a-1000796	LIFE4POLL881-p-1000796	visits flowers of	http://purl.obolibrary.org/obo/RO_0002622
LIFE4POLL882	LIFE4POLL882-a-1000797	LIFE4POLL882-p-1000797	visits flowers of	http://purl.obolibrary.org/obo/RO_0002622
LIFE4POLL883	LIFE4POLL883-a-1000798	LIFE4POLL883-p-1000798	visits flowers of	http://purl.obolibrary.org/obo/RO_0002622
LIFE4POLL884	LIFE4POLL884-a-1000799	LIFE4POLL884-p-1000799	visits flowers of	http://purl.obolibrary.org/obo/RO_0002622
LIFE4POLL885	LIFE4POLL885-a-1000800	LIFE4POLL885-p-1000800	visits flowers of	http://purl.obolibrary.org/obo/RO_0002622
LIFE4POLL886	LIFE4POLL886-a-1000801	LIFE4POLL886-p-1000801	visits flowers of	http://purl.obolibrary.org/obo/RO_0002622
LIFE4POLL887	LIFE4POLL887-a-1000802	LIFE4POLL887-p-1000802	visits flowers of	http://purl.obolibrary.org/obo/RO_0002622
LIFE4POLL888	LIFE4POLL888-a-1000803	LIFE4POLL888-p-1000803	visits flowers of	http://purl.obolibrary.org/obo/RO_0002622
LIFE4POLL889	LIFE4POLL889-a-1000804	LIFE4POLL889-p-1000804	visits flowers of	http://purl.obolibrary.org/obo/RO_0002622
LIFE4POLL890	LIFE4POLL890-a-1000805	LIFE4POLL890-p-1000805	visits flowers of	http://purl.obolibrary.org/obo/RO_0002622
LIFE4POLL891	LIFE4POLL891-a-1000806	LIFE4POLL891-p-1000806	visits flowers of	http://purl.obolibrary.org/obo/RO_0002622
LIFE4POLL892	LIFE4POLL892-a-1000807	LIFE4POLL892-p-1000807	visits flowers of	http://purl.obolibrary.org/obo/RO_0002622
LIFE4POLL893	LIFE4POLL893-a-1000808	LIFE4POLL893-p-1000808	visits flowers of	http://purl.obolibrary.org/obo/RO_0002622
LIFE4POLL894	LIFE4POLL894-a-1000809	LIFE4POLL894-p-1000809	visits flowers of	http://purl.obolibrary.org/obo/RO_0002622
LIFE4POLL895	LIFE4POLL895-a-1000810	LIFE4POLL895-p-1000810	visits flowers of	http://purl.obolibrary.org/obo/RO_0002622
LIFE4POLL896	LIFE4POLL896-a-1000811	LIFE4POLL896-p-1000811	visits flowers of	http://purl.obolibrary.org/obo/RO_0002622
LIFE4POLL897	LIFE4POLL897-a-1000812	LIFE4POLL897-p-1000812	visits flowers of	http://purl.obolibrary.org/obo/RO_0002622
LIFE4POLL898	LIFE4POLL898-a-1000813	LIFE4POLL898-p-1000813	visits flowers of	http://purl.obolibrary.org/obo/RO_0002622
LIFE4POLL899	LIFE4POLL899-a-1000814	LIFE4POLL899-p-1000814	visits flowers of	http://purl.obolibrary.org/obo/RO_0002622
LIFE4POLL900	LIFE4POLL900-a-1000815	LIFE4POLL900-p-1000815	visits flowers of	http://purl.obolibrary.org/obo/RO_0002622
LIFE4POLL901	LIFE4POLL901-a-1000816	LIFE4POLL901-p-1000816	visits flowers of	http://purl.obolibrary.org/obo/RO_0002622
LIFE4POLL902	LIFE4POLL902-a-1000817	LIFE4POLL902-p-1000817	visits flowers of	http://purl.obolibrary.org/obo/RO_0002622
LIFE4POLL903	LIFE4POLL903-a-1000818	LIFE4POLL903-p-1000818	visits flowers of	http://purl.obolibrary.org/obo/RO_0002622
LIFE4POLL904	LIFE4POLL904-a-1000819	LIFE4POLL904-p-1000819	visits flowers of	http://purl.obolibrary.org/obo/RO_0002622
LIFE4POLL905	LIFE4POLL905-a-1000820	LIFE4POLL905-p-1000820	visits flowers of	http://purl.obolibrary.org/obo/RO_0002622
LIFE4POLL906	LIFE4POLL906-a-1000821	LIFE4POLL906-p-1000821	visits flowers of	http://purl.obolibrary.org/obo/RO_0002622
LIFE4POLL907	LIFE4POLL907-a-1000822	LIFE4POLL907-p-1000822	visits flowers of	http://purl.obolibrary.org/obo/RO_0002622
LIFE4POLL908	LIFE4POLL908-a-1000823	LIFE4POLL908-p-1000823	visits flowers of	http://purl.obolibrary.org/obo/RO_0002622
LIFE4POLL911	LIFE4POLL911-a-1000824	LIFE4POLL911-p-1000824	visits flowers of	http://purl.obolibrary.org/obo/RO_0002622
LIFE4POLL912	LIFE4POLL912-a-1000825	LIFE4POLL912-p-1000825	visits flowers of	http://purl.obolibrary.org/obo/RO_0002622
LIFE4POLL913	LIFE4POLL913-a-1000826	LIFE4POLL913-p-1000826	visits flowers of	http://purl.obolibrary.org/obo/RO_0002622
LIFE4POLL914	LIFE4POLL914-a-1000827	LIFE4POLL914-p-1000827	visits flowers of	http://purl.obolibrary.org/obo/RO_0002622
LIFE4POLL915	LIFE4POLL915-a-1000828	LIFE4POLL915-p-1000828	visits flowers of	http://purl.obolibrary.org/obo/RO_0002622
LIFE4POLL916	LIFE4POLL916-a-1000829	LIFE4POLL916-p-1000829	visits flowers of	http://purl.obolibrary.org/obo/RO_0002622
LIFE4POLL917	LIFE4POLL917-a-1000830	LIFE4POLL917-p-1000830	visits flowers of	http://purl.obolibrary.org/obo/RO_0002622
LIFE4POLL918	LIFE4POLL918-a-1000831	LIFE4POLL918-p-1000831	visits flowers of	http://purl.obolibrary.org/obo/RO_0002622
LIFE4POLL919	LIFE4POLL919-a-1000832	LIFE4POLL919-p-1000832	visits flowers of	http://purl.obolibrary.org/obo/RO_0002622
LIFE4POLL921	LIFE4POLL921-a-1000833	LIFE4POLL921-p-1000833	visits flowers of	http://purl.obolibrary.org/obo/RO_0002622
LIFE4POLL922	LIFE4POLL922-a-1000834	LIFE4POLL922-p-1000834	visits flowers of	http://purl.obolibrary.org/obo/RO_0002622
LIFE4POLL926	LIFE4POLL926-a-1000835	LIFE4POLL926-p-1000835	visits flowers of	http://purl.obolibrary.org/obo/RO_0002622
LIFE4POLL927	LIFE4POLL927-a-1000836	LIFE4POLL927-p-1000836	visits flowers of	http://purl.obolibrary.org/obo/RO_0002622
LIFE4POLL928	LIFE4POLL928-a-1000837	LIFE4POLL928-p-1000837	visits flowers of	http://purl.obolibrary.org/obo/RO_0002622
LIFE4POLL929	LIFE4POLL929-a-1000838	LIFE4POLL929-p-1000838	visits flowers of	http://purl.obolibrary.org/obo/RO_0002622
LIFE4POLL930	LIFE4POLL930-a-1000839	LIFE4POLL930-p-1000839	visits flowers of	http://purl.obolibrary.org/obo/RO_0002622
LIFE4POLL932	LIFE4POLL932-a-1000840	LIFE4POLL932-p-1000840	visits flowers of	http://purl.obolibrary.org/obo/RO_0002622
LIFE4POLL933	LIFE4POLL933-a-1000841	LIFE4POLL933-p-1000841	visits flowers of	http://purl.obolibrary.org/obo/RO_0002622
LIFE4POLL934	LIFE4POLL934-a-1000842	LIFE4POLL934-p-1000842	visits flowers of	http://purl.obolibrary.org/obo/RO_0002622
LIFE4POLL935	LIFE4POLL935-a-1000843	LIFE4POLL935-p-1000843	visits flowers of	http://purl.obolibrary.org/obo/RO_0002622
LIFE4POLL936	LIFE4POLL936-a-1000844	LIFE4POLL936-p-1000844	visits flowers of	http://purl.obolibrary.org/obo/RO_0002622
LIFE4POLL937	LIFE4POLL937-a-1000845	LIFE4POLL937-p-1000845	visits flowers of	http://purl.obolibrary.org/obo/RO_0002622
LIFE4POLL938	LIFE4POLL938-a-1000846	LIFE4POLL938-p-1000846	visits flowers of	http://purl.obolibrary.org/obo/RO_0002622
LIFE4POLL939	LIFE4POLL939-a-1000847	LIFE4POLL939-p-1000847	visits flowers of	http://purl.obolibrary.org/obo/RO_0002622
LIFE4POLL940	LIFE4POLL940-a-1000848	LIFE4POLL940-p-1000848	visits flowers of	http://purl.obolibrary.org/obo/RO_0002622
LIFE4POLL942	LIFE4POLL942-a-1000849	LIFE4POLL942-p-1000849	visits flowers of	http://purl.obolibrary.org/obo/RO_0002622
LIFE4POLL943	LIFE4POLL943-a-1000850	LIFE4POLL943-p-1000850	visits flowers of	http://purl.obolibrary.org/obo/RO_0002622
LIFE4POLL944	LIFE4POLL944-a-1000851	LIFE4POLL944-p-1000851	visits flowers of	http://purl.obolibrary.org/obo/RO_0002622
LIFE4POLL945	LIFE4POLL945-a-1000852	LIFE4POLL945-p-1000852	visits flowers of	http://purl.obolibrary.org/obo/RO_0002622
LIFE4POLL946	LIFE4POLL946-a-1000853	LIFE4POLL946-p-1000853	visits flowers of	http://purl.obolibrary.org/obo/RO_0002622
LIFE4POLL947	LIFE4POLL947-a-1000854	LIFE4POLL947-p-1000854	visits flowers of	http://purl.obolibrary.org/obo/RO_0002622
LIFE4POLL948	LIFE4POLL948-a-1000855	LIFE4POLL948-p-1000855	visits flowers of	http://purl.obolibrary.org/obo/RO_0002622
LIFE4POLL949	LIFE4POLL949-a-1000856	LIFE4POLL949-p-1000856	visits flowers of	http://purl.obolibrary.org/obo/RO_0002622
LIFE4POLL950	LIFE4POLL950-a-1000857	LIFE4POLL950-p-1000857	visits flowers of	http://purl.obolibrary.org/obo/RO_0002622
LIFE4POLL952	LIFE4POLL952-a-1000858	LIFE4POLL952-p-1000858	visits flowers of	http://purl.obolibrary.org/obo/RO_0002622
LIFE4POLL953	LIFE4POLL953-a-1000859	LIFE4POLL953-p-1000859	visits flowers of	http://purl.obolibrary.org/obo/RO_0002622
LIFE4POLL954	LIFE4POLL954-a-1000860	LIFE4POLL954-p-1000860	visits flowers of	http://purl.obolibrary.org/obo/RO_0002622
LIFE4POLL955	LIFE4POLL955-a-1000861	LIFE4POLL955-p-1000861	visits flowers of	http://purl.obolibrary.org/obo/RO_0002622
LIFE4POLL957	LIFE4POLL957-a-1000862	LIFE4POLL957-p-1000862	visits flowers of	http://purl.obolibrary.org/obo/RO_0002622
LIFE4POLL958	LIFE4POLL958-a-1000863	LIFE4POLL958-p-1000863	visits flowers of	http://purl.obolibrary.org/obo/RO_0002622
LIFE4POLL959	LIFE4POLL959-a-1000864	LIFE4POLL959-p-1000864	visits flowers of	http://purl.obolibrary.org/obo/RO_0002622
LIFE4POLL960	LIFE4POLL960-a-1000865	LIFE4POLL960-p-1000865	visits flowers of	http://purl.obolibrary.org/obo/RO_0002622
LIFE4POLL961	LIFE4POLL961-a-1000866	LIFE4POLL961-p-1000866	visits flowers of	http://purl.obolibrary.org/obo/RO_0002622
LIFE4POLL962	LIFE4POLL962-a-1000867	LIFE4POLL962-p-1000867	visits flowers of	http://purl.obolibrary.org/obo/RO_0002622
LIFE4POLL963	LIFE4POLL963-a-1000868	LIFE4POLL963-p-1000868	visits flowers of	http://purl.obolibrary.org/obo/RO_0002622
LIFE4POLL964	LIFE4POLL964-a-1000869	LIFE4POLL964-p-1000869	visits flowers of	http://purl.obolibrary.org/obo/RO_0002622
LIFE4POLL965	LIFE4POLL965-a-1000870	LIFE4POLL965-p-1000870	visits flowers of	http://purl.obolibrary.org/obo/RO_0002622
LIFE4POLL966	LIFE4POLL966-a-1000871	LIFE4POLL966-p-1000871	visits flowers of	http://purl.obolibrary.org/obo/RO_0002622
LIFE4POLL967	LIFE4POLL967-a-1000872	LIFE4POLL967-p-1000872	visits flowers of	http://purl.obolibrary.org/obo/RO_0002622
LIFE4POLL968	LIFE4POLL968-a-1000873	LIFE4POLL968-p-1000873	visits flowers of	http://purl.obolibrary.org/obo/RO_0002622
LIFE4POLL969	LIFE4POLL969-a-1000874	LIFE4POLL969-p-1000874	visits flowers of	http://purl.obolibrary.org/obo/RO_0002622
LIFE4POLL970	LIFE4POLL970-a-1000875	LIFE4POLL970-p-1000875	visits flowers of	http://purl.obolibrary.org/obo/RO_0002622
LIFE4POLL971	LIFE4POLL971-a-1000876	LIFE4POLL971-p-1000876	visits flowers of	http://purl.obolibrary.org/obo/RO_0002622
LIFE4POLL972	LIFE4POLL972-a-1000877	LIFE4POLL972-p-1000877	visits flowers of	http://purl.obolibrary.org/obo/RO_0002622
LIFE4POLL973	LIFE4POLL973-a-1000878	LIFE4POLL973-p-1000878	visits flowers of	http://purl.obolibrary.org/obo/RO_0002622
LIFE4POLL974	LIFE4POLL974-a-1000879	LIFE4POLL974-p-1000879	visits flowers of	http://purl.obolibrary.org/obo/RO_0002622
LIFE4POLL975	LIFE4POLL975-a-1000880	LIFE4POLL975-p-1000880	visits flowers of	http://purl.obolibrary.org/obo/RO_0002622
LIFE4POLL976	LIFE4POLL976-a-1000881	LIFE4POLL976-p-1000881	visits flowers of	http://purl.obolibrary.org/obo/RO_0002622
LIFE4POLL977	LIFE4POLL977-a-1000882	LIFE4POLL977-p-1000882	visits flowers of	http://purl.obolibrary.org/obo/RO_0002622
LIFE4POLL978	LIFE4POLL978-a-1000883	LIFE4POLL978-p-1000883	visits flowers of	http://purl.obolibrary.org/obo/RO_0002622
LIFE4POLL979	LIFE4POLL979-a-1000884	LIFE4POLL979-p-1000884	visits flowers of	http://purl.obolibrary.org/obo/RO_0002622
LIFE4POLL980	LIFE4POLL980-a-1000885	LIFE4POLL980-p-1000885	visits flowers of	http://purl.obolibrary.org/obo/RO_0002622
LIFE4POLL981	LIFE4POLL981-a-1000886	LIFE4POLL981-p-1000886	visits flowers of	http://purl.obolibrary.org/obo/RO_0002622
LIFE4POLL982	LIFE4POLL982-a-1000887	LIFE4POLL982-p-1000887	visits flowers of	http://purl.obolibrary.org/obo/RO_0002622
LIFE4POLL983	LIFE4POLL983-a-1000888	LIFE4POLL983-p-1000888	visits flowers of	http://purl.obolibrary.org/obo/RO_0002622
LIFE4POLL984	LIFE4POLL984-a-1000889	LIFE4POLL984-p-1000889	visits flowers of	http://purl.obolibrary.org/obo/RO_0002622
LIFE4POLL985	LIFE4POLL985-a-1000890	LIFE4POLL985-p-1000890	visits flowers of	http://purl.obolibrary.org/obo/RO_0002622
LIFE4POLL986	LIFE4POLL986-a-1000891	LIFE4POLL986-p-1000891	visits flowers of	http://purl.obolibrary.org/obo/RO_0002622
LIFE4POLL987	LIFE4POLL987-a-1000892	LIFE4POLL987-p-1000892	visits flowers of	http://purl.obolibrary.org/obo/RO_0002622
LIFE4POLL988	LIFE4POLL988-a-1000893	LIFE4POLL988-p-1000893	visits flowers of	http://purl.obolibrary.org/obo/RO_0002622
LIFE4POLL989	LIFE4POLL989-a-1000894	LIFE4POLL989-p-1000894	visits flowers of	http://purl.obolibrary.org/obo/RO_0002622
LIFE4POLL990	LIFE4POLL990-a-1000895	LIFE4POLL990-p-1000895	visits flowers of	http://purl.obolibrary.org/obo/RO_0002622
LIFE4POLL991	LIFE4POLL991-a-1000896	LIFE4POLL991-p-1000896	visits flowers of	http://purl.obolibrary.org/obo/RO_0002622
LIFE4POLL992	LIFE4POLL992-a-1000897	LIFE4POLL992-p-1000897	visits flowers of	http://purl.obolibrary.org/obo/RO_0002622
LIFE4POLL993	LIFE4POLL993-a-1000898	LIFE4POLL993-p-1000898	visits flowers of	http://purl.obolibrary.org/obo/RO_0002622
LIFE4POLL994	LIFE4POLL994-a-1000899	LIFE4POLL994-p-1000899	visits flowers of	http://purl.obolibrary.org/obo/RO_0002622
LIFE4POLL995	LIFE4POLL995-a-1000900	LIFE4POLL995-p-1000900	visits flowers of	http://purl.obolibrary.org/obo/RO_0002622
LIFE4POLL996	LIFE4POLL996-a-1000901	LIFE4POLL996-p-1000901	visits flowers of	http://purl.obolibrary.org/obo/RO_0002622
LIFE4POLL997	LIFE4POLL997-a-1000902	LIFE4POLL997-p-1000902	visits flowers of	http://purl.obolibrary.org/obo/RO_0002622
LIFE4POLL998	LIFE4POLL998-a-1000903	LIFE4POLL998-p-1000903	visits flowers of	http://purl.obolibrary.org/obo/RO_0002622
LIFE4POLL999	LIFE4POLL999-a-1000904	LIFE4POLL999-p-1000904	visits flowers of	http://purl.obolibrary.org/obo/RO_0002622
LIFE4POLL1000	LIFE4POLL1000-a-1000905	LIFE4POLL1000-p-1000905	visits flowers of	http://purl.obolibrary.org/obo/RO_0002622
LIFE4POLL1002	LIFE4POLL1002-a-1000906	LIFE4POLL1002-p-1000906	visits flowers of	http://purl.obolibrary.org/obo/RO_0002622
LIFE4POLL1003	LIFE4POLL1003-a-1000907	LIFE4POLL1003-p-1000907	visits flowers of	http://purl.obolibrary.org/obo/RO_0002622
LIFE4POLL1004	LIFE4POLL1004-a-1000908	LIFE4POLL1004-p-1000908	visits flowers of	http://purl.obolibrary.org/obo/RO_0002622
LIFE4POLL1005	LIFE4POLL1005-a-1000909	LIFE4POLL1005-p-1000909	visits flowers of	http://purl.obolibrary.org/obo/RO_0002622
LIFE4POLL1006	LIFE4POLL1006-a-1000910	LIFE4POLL1006-p-1000910	visits flowers of	http://purl.obolibrary.org/obo/RO_0002622
LIFE4POLL1007	LIFE4POLL1007-a-1000911	LIFE4POLL1007-p-1000911	visits flowers of	http://purl.obolibrary.org/obo/RO_0002622
LIFE4POLL1008	LIFE4POLL1008-a-1000912	LIFE4POLL1008-p-1000912	visits flowers of	http://purl.obolibrary.org/obo/RO_0002622
LIFE4POLL1009	LIFE4POLL1009-a-1000913	LIFE4POLL1009-p-1000913	visits flowers of	http://purl.obolibrary.org/obo/RO_0002622
LIFE4POLL1010	LIFE4POLL1010-a-1000914	LIFE4POLL1010-p-1000914	visits flowers of	http://purl.obolibrary.org/obo/RO_0002622
LIFE4POLL1011	LIFE4POLL1011-a-1000915	LIFE4POLL1011-p-1000915	visits flowers of	http://purl.obolibrary.org/obo/RO_0002622
LIFE4POLL1012	LIFE4POLL1012-a-1000916	LIFE4POLL1012-p-1000916	visits flowers of	http://purl.obolibrary.org/obo/RO_0002622
LIFE4POLL1013	LIFE4POLL1013-a-1000917	LIFE4POLL1013-p-1000917	visits flowers of	http://purl.obolibrary.org/obo/RO_0002622
LIFE4POLL1014	LIFE4POLL1014-a-1000918	LIFE4POLL1014-p-1000918	visits flowers of	http://purl.obolibrary.org/obo/RO_0002622
LIFE4POLL1015	LIFE4POLL1015-a-1000919	LIFE4POLL1015-p-1000919	visits flowers of	http://purl.obolibrary.org/obo/RO_0002622
LIFE4POLL1016	LIFE4POLL1016-a-1000920	LIFE4POLL1016-p-1000920	visits flowers of	http://purl.obolibrary.org/obo/RO_0002622
LIFE4POLL1017	LIFE4POLL1017-a-1000921	LIFE4POLL1017-p-1000921	visits flowers of	http://purl.obolibrary.org/obo/RO_0002622
LIFE4POLL1018	LIFE4POLL1018-a-1000922	LIFE4POLL1018-p-1000922	visits flowers of	http://purl.obolibrary.org/obo/RO_0002622
LIFE4POLL1019	LIFE4POLL1019-a-1000923	LIFE4POLL1019-p-1000923	visits flowers of	http://purl.obolibrary.org/obo/RO_0002622
LIFE4POLL1020	LIFE4POLL1020-a-1000924	LIFE4POLL1020-p-1000924	visits flowers of	http://purl.obolibrary.org/obo/RO_0002622
LIFE4POLL1021	LIFE4POLL1021-a-1000925	LIFE4POLL1021-p-1000925	visits flowers of	http://purl.obolibrary.org/obo/RO_0002622
LIFE4POLL1022	LIFE4POLL1022-a-1000926	LIFE4POLL1022-p-1000926	visits flowers of	http://purl.obolibrary.org/obo/RO_0002622
LIFE4POLL1023	LIFE4POLL1023-a-1000927	LIFE4POLL1023-p-1000927	visits flowers of	http://purl.obolibrary.org/obo/RO_0002622
LIFE4POLL1025	LIFE4POLL1025-a-1000928	LIFE4POLL1025-p-1000928	visits flowers of	http://purl.obolibrary.org/obo/RO_0002622
LIFE4POLL1026	LIFE4POLL1026-a-1000929	LIFE4POLL1026-p-1000929	visits flowers of	http://purl.obolibrary.org/obo/RO_0002622
LIFE4POLL1027	LIFE4POLL1027-a-1000930	LIFE4POLL1027-p-1000930	visits flowers of	http://purl.obolibrary.org/obo/RO_0002622
LIFE4POLL1028	LIFE4POLL1028-a-1000931	LIFE4POLL1028-p-1000931	visits flowers of	http://purl.obolibrary.org/obo/RO_0002622
LIFE4POLL1030	LIFE4POLL1030-a-1000932	LIFE4POLL1030-p-1000932	visits flowers of	http://purl.obolibrary.org/obo/RO_0002622
LIFE4POLL1031	LIFE4POLL1031-a-1000933	LIFE4POLL1031-p-1000933	visits flowers of	http://purl.obolibrary.org/obo/RO_0002622
LIFE4POLL1032	LIFE4POLL1032-a-1000934	LIFE4POLL1032-p-1000934	visits flowers of	http://purl.obolibrary.org/obo/RO_0002622
LIFE4POLL1034	LIFE4POLL1034-a-1000935	LIFE4POLL1034-p-1000935	visits flowers of	http://purl.obolibrary.org/obo/RO_0002622
LIFE4POLL1035	LIFE4POLL1035-a-1000936	LIFE4POLL1035-p-1000936	visits flowers of	http://purl.obolibrary.org/obo/RO_0002622
LIFE4POLL1036	LIFE4POLL1036-a-1000937	LIFE4POLL1036-p-1000937	visits flowers of	http://purl.obolibrary.org/obo/RO_0002622
LIFE4POLL1037	LIFE4POLL1037-a-1000938	LIFE4POLL1037-p-1000938	visits flowers of	http://purl.obolibrary.org/obo/RO_0002622
LIFE4POLL1038	LIFE4POLL1038-a-1000939	LIFE4POLL1038-p-1000939	visits flowers of	http://purl.obolibrary.org/obo/RO_0002622
LIFE4POLL1039	LIFE4POLL1039-a-1000940	LIFE4POLL1039-p-1000940	visits flowers of	http://purl.obolibrary.org/obo/RO_0002622
LIFE4POLL1040	LIFE4POLL1040-a-1000941	LIFE4POLL1040-p-1000941	visits flowers of	http://purl.obolibrary.org/obo/RO_0002622
LIFE4POLL1041	LIFE4POLL1041-a-1000942	LIFE4POLL1041-p-1000942	visits flowers of	http://purl.obolibrary.org/obo/RO_0002622
LIFE4POLL1042	LIFE4POLL1042-a-1000943	LIFE4POLL1042-p-1000943	visits flowers of	http://purl.obolibrary.org/obo/RO_0002622
LIFE4POLL1043	LIFE4POLL1043-a-1000944	LIFE4POLL1043-p-1000944	visits flowers of	http://purl.obolibrary.org/obo/RO_0002622
LIFE4POLL1045	LIFE4POLL1045-a-1000945	LIFE4POLL1045-p-1000945	visits flowers of	http://purl.obolibrary.org/obo/RO_0002622
LIFE4POLL1046	LIFE4POLL1046-a-1000946	LIFE4POLL1046-p-1000946	visits flowers of	http://purl.obolibrary.org/obo/RO_0002622
LIFE4POLL1047	LIFE4POLL1047-a-1000947	LIFE4POLL1047-p-1000947	visits flowers of	http://purl.obolibrary.org/obo/RO_0002622
LIFE4POLL1048	LIFE4POLL1048-a-1000948	LIFE4POLL1048-p-1000948	visits flowers of	http://purl.obolibrary.org/obo/RO_0002622
LIFE4POLL1049	LIFE4POLL1049-a-1000949	LIFE4POLL1049-p-1000949	visits flowers of	http://purl.obolibrary.org/obo/RO_0002622
LIFE4POLL1050	LIFE4POLL1050-a-1000950	LIFE4POLL1050-p-1000950	visits flowers of	http://purl.obolibrary.org/obo/RO_0002622
LIFE4POLL1051	LIFE4POLL1051-a-1000951	LIFE4POLL1051-p-1000951	visits flowers of	http://purl.obolibrary.org/obo/RO_0002622
LIFE4POLL1052	LIFE4POLL1052-a-1000952	LIFE4POLL1052-p-1000952	visits flowers of	http://purl.obolibrary.org/obo/RO_0002622
LIFE4POLL1053	LIFE4POLL1053-a-1000953	LIFE4POLL1053-p-1000953	visits flowers of	http://purl.obolibrary.org/obo/RO_0002622
LIFE4POLL1054	LIFE4POLL1054-a-1000954	LIFE4POLL1054-p-1000954	visits flowers of	http://purl.obolibrary.org/obo/RO_0002622
LIFE4POLL1055	LIFE4POLL1055-a-1000955	LIFE4POLL1055-p-1000955	visits flowers of	http://purl.obolibrary.org/obo/RO_0002622
LIFE4POLL1056	LIFE4POLL1056-a-1000956	LIFE4POLL1056-p-1000956	visits flowers of	http://purl.obolibrary.org/obo/RO_0002622
LIFE4POLL1057	LIFE4POLL1057-a-1000957	LIFE4POLL1057-p-1000957	visits flowers of	http://purl.obolibrary.org/obo/RO_0002622
LIFE4POLL1058	LIFE4POLL1058-a-1000958	LIFE4POLL1058-p-1000958	visits flowers of	http://purl.obolibrary.org/obo/RO_0002622
LIFE4POLL1059	LIFE4POLL1059-a-1000959	LIFE4POLL1059-p-1000959	visits flowers of	http://purl.obolibrary.org/obo/RO_0002622
LIFE4POLL1060	LIFE4POLL1060-a-1000960	LIFE4POLL1060-p-1000960	visits flowers of	http://purl.obolibrary.org/obo/RO_0002622
LIFE4POLL1061	LIFE4POLL1061-a-1000961	LIFE4POLL1061-p-1000961	visits flowers of	http://purl.obolibrary.org/obo/RO_0002622
LIFE4POLL1062	LIFE4POLL1062-a-1000962	LIFE4POLL1062-p-1000962	visits flowers of	http://purl.obolibrary.org/obo/RO_0002622
LIFE4POLL1063	LIFE4POLL1063-a-1000963	LIFE4POLL1063-p-1000963	visits flowers of	http://purl.obolibrary.org/obo/RO_0002622
LIFE4POLL1066	LIFE4POLL1066-a-1000964	LIFE4POLL1066-p-1000964	visits flowers of	http://purl.obolibrary.org/obo/RO_0002622
LIFE4POLL1067	LIFE4POLL1067-a-1000965	LIFE4POLL1067-p-1000965	visits flowers of	http://purl.obolibrary.org/obo/RO_0002622
LIFE4POLL1068	LIFE4POLL1068-a-1000966	LIFE4POLL1068-p-1000966	visits flowers of	http://purl.obolibrary.org/obo/RO_0002622
LIFE4POLL1070	LIFE4POLL1070-a-1000967	LIFE4POLL1070-p-1000967	visits flowers of	http://purl.obolibrary.org/obo/RO_0002622
LIFE4POLL1071	LIFE4POLL1071-a-1000968	LIFE4POLL1071-p-1000968	visits flowers of	http://purl.obolibrary.org/obo/RO_0002622
LIFE4POLL1072	LIFE4POLL1072-a-1000969	LIFE4POLL1072-p-1000969	visits flowers of	http://purl.obolibrary.org/obo/RO_0002622
LIFE4POLL1074	LIFE4POLL1074-a-1000970	LIFE4POLL1074-p-1000970	visits flowers of	http://purl.obolibrary.org/obo/RO_0002622
LIFE4POLL1075	LIFE4POLL1075-a-1000971	LIFE4POLL1075-p-1000971	visits flowers of	http://purl.obolibrary.org/obo/RO_0002622
LIFE4POLL1076	LIFE4POLL1076-a-1000972	LIFE4POLL1076-p-1000972	visits flowers of	http://purl.obolibrary.org/obo/RO_0002622
LIFE4POLL1079	LIFE4POLL1079-a-1000973	LIFE4POLL1079-p-1000973	visits flowers of	http://purl.obolibrary.org/obo/RO_0002622
LIFE4POLL1080	LIFE4POLL1080-a-1000974	LIFE4POLL1080-p-1000974	visits flowers of	http://purl.obolibrary.org/obo/RO_0002622
LIFE4POLL1082	LIFE4POLL1082-a-1000975	LIFE4POLL1082-p-1000975	visits flowers of	http://purl.obolibrary.org/obo/RO_0002622
LIFE4POLL1083	LIFE4POLL1083-a-1000976	LIFE4POLL1083-p-1000976	visits flowers of	http://purl.obolibrary.org/obo/RO_0002622
LIFE4POLL1084	LIFE4POLL1084-a-1000977	LIFE4POLL1084-p-1000977	visits flowers of	http://purl.obolibrary.org/obo/RO_0002622
LIFE4POLL1085	LIFE4POLL1085-a-1000978	LIFE4POLL1085-p-1000978	visits flowers of	http://purl.obolibrary.org/obo/RO_0002622
LIFE4POLL1086	LIFE4POLL1086-a-1000979	LIFE4POLL1086-p-1000979	visits flowers of	http://purl.obolibrary.org/obo/RO_0002622
LIFE4POLL1087	LIFE4POLL1087-a-1000980	LIFE4POLL1087-p-1000980	visits flowers of	http://purl.obolibrary.org/obo/RO_0002622
LIFE4POLL1088	LIFE4POLL1088-a-1000981	LIFE4POLL1088-p-1000981	visits flowers of	http://purl.obolibrary.org/obo/RO_0002622
LIFE4POLL1089	LIFE4POLL1089-a-1000982	LIFE4POLL1089-p-1000982	visits flowers of	http://purl.obolibrary.org/obo/RO_0002622
LIFE4POLL1090	LIFE4POLL1090-a-1000983	LIFE4POLL1090-p-1000983	visits flowers of	http://purl.obolibrary.org/obo/RO_0002622
LIFE4POLL1091	LIFE4POLL1091-a-1000984	LIFE4POLL1091-p-1000984	visits flowers of	http://purl.obolibrary.org/obo/RO_0002622
LIFE4POLL1092	LIFE4POLL1092-a-1000985	LIFE4POLL1092-p-1000985	visits flowers of	http://purl.obolibrary.org/obo/RO_0002622
LIFE4POLL1093	LIFE4POLL1093-a-1000986	LIFE4POLL1093-p-1000986	visits flowers of	http://purl.obolibrary.org/obo/RO_0002622
LIFE4POLL1097	LIFE4POLL1097-a-1000987	LIFE4POLL1097-p-1000987	visits flowers of	http://purl.obolibrary.org/obo/RO_0002622
LIFE4POLL1101	LIFE4POLL1101-a-1000988	LIFE4POLL1101-p-1000988	visits flowers of	http://purl.obolibrary.org/obo/RO_0002622
LIFE4POLL1102	LIFE4POLL1102-a-1000989	LIFE4POLL1102-p-1000989	visits flowers of	http://purl.obolibrary.org/obo/RO_0002622
LIFE4POLL1103	LIFE4POLL1103-a-1000990	LIFE4POLL1103-p-1000990	visits flowers of	http://purl.obolibrary.org/obo/RO_0002622
LIFE4POLL1104	LIFE4POLL1104-a-1000991	LIFE4POLL1104-p-1000991	visits flowers of	http://purl.obolibrary.org/obo/RO_0002622
LIFE4POLL1105	LIFE4POLL1105-a-1000992	LIFE4POLL1105-p-1000992	visits flowers of	http://purl.obolibrary.org/obo/RO_0002622
LIFE4POLL1106	LIFE4POLL1106-a-1000993	LIFE4POLL1106-p-1000993	visits flowers of	http://purl.obolibrary.org/obo/RO_0002622
LIFE4POLL1107	LIFE4POLL1107-a-1000994	LIFE4POLL1107-p-1000994	visits flowers of	http://purl.obolibrary.org/obo/RO_0002622
LIFE4POLL1111	LIFE4POLL1111-a-1000995	LIFE4POLL1111-p-1000995	visits flowers of	http://purl.obolibrary.org/obo/RO_0002622
LIFE4POLL1112	LIFE4POLL1112-a-1000996	LIFE4POLL1112-p-1000996	visits flowers of	http://purl.obolibrary.org/obo/RO_0002622
LIFE4POLL1113	LIFE4POLL1113-a-1000997	LIFE4POLL1113-p-1000997	visits flowers of	http://purl.obolibrary.org/obo/RO_0002622
LIFE4POLL1114	LIFE4POLL1114-a-1000998	LIFE4POLL1114-p-1000998	visits flowers of	http://purl.obolibrary.org/obo/RO_0002622
LIFE4POLL1115	LIFE4POLL1115-a-1000999	LIFE4POLL1115-p-1000999	visits flowers of	http://purl.obolibrary.org/obo/RO_0002622
LIFE4POLL1116	LIFE4POLL1116-a-1001000	LIFE4POLL1116-p-1001000	visits flowers of	http://purl.obolibrary.org/obo/RO_0002622
LIFE4POLL1117	LIFE4POLL1117-a-1001001	LIFE4POLL1117-p-1001001	visits flowers of	http://purl.obolibrary.org/obo/RO_0002622
LIFE4POLL1118	LIFE4POLL1118-a-1001002	LIFE4POLL1118-p-1001002	visits flowers of	http://purl.obolibrary.org/obo/RO_0002622
LIFE4POLL1119	LIFE4POLL1119-a-1001003	LIFE4POLL1119-p-1001003	visits flowers of	http://purl.obolibrary.org/obo/RO_0002622
LIFE4POLL1120	LIFE4POLL1120-a-1001004	LIFE4POLL1120-p-1001004	visits flowers of	http://purl.obolibrary.org/obo/RO_0002622
LIFE4POLL1121	LIFE4POLL1121-a-1001005	LIFE4POLL1121-p-1001005	visits flowers of	http://purl.obolibrary.org/obo/RO_0002622
LIFE4POLL1122	LIFE4POLL1122-a-1001006	LIFE4POLL1122-p-1001006	visits flowers of	http://purl.obolibrary.org/obo/RO_0002622
LIFE4POLL1123	LIFE4POLL1123-a-1001007	LIFE4POLL1123-p-1001007	visits flowers of	http://purl.obolibrary.org/obo/RO_0002622
LIFE4POLL1124	LIFE4POLL1124-a-1001008	LIFE4POLL1124-p-1001008	visits flowers of	http://purl.obolibrary.org/obo/RO_0002622
LIFE4POLL1125	LIFE4POLL1125-a-1001009	LIFE4POLL1125-p-1001009	visits flowers of	http://purl.obolibrary.org/obo/RO_0002622
LIFE4POLL1126	LIFE4POLL1126-a-1001010	LIFE4POLL1126-p-1001010	visits flowers of	http://purl.obolibrary.org/obo/RO_0002622
LIFE4POLL1127	LIFE4POLL1127-a-1001011	LIFE4POLL1127-p-1001011	visits flowers of	http://purl.obolibrary.org/obo/RO_0002622
LIFE4POLL1128	LIFE4POLL1128-a-1001012	LIFE4POLL1128-p-1001012	visits flowers of	http://purl.obolibrary.org/obo/RO_0002622
LIFE4POLL1129	LIFE4POLL1129-a-1001013	LIFE4POLL1129-p-1001013	visits flowers of	http://purl.obolibrary.org/obo/RO_0002622
LIFE4POLL1130	LIFE4POLL1130-a-1001014	LIFE4POLL1130-p-1001014	visits flowers of	http://purl.obolibrary.org/obo/RO_0002622
LIFE4POLL1131	LIFE4POLL1131-a-1001015	LIFE4POLL1131-p-1001015	visits flowers of	http://purl.obolibrary.org/obo/RO_0002622
LIFE4POLL1132	LIFE4POLL1132-a-1001016	LIFE4POLL1132-p-1001016	visits flowers of	http://purl.obolibrary.org/obo/RO_0002622
LIFE4POLL1133	LIFE4POLL1133-a-1001017	LIFE4POLL1133-p-1001017	visits flowers of	http://purl.obolibrary.org/obo/RO_0002622
LIFE4POLL1135	LIFE4POLL1135-a-1001018	LIFE4POLL1135-p-1001018	visits flowers of	http://purl.obolibrary.org/obo/RO_0002622
LIFE4POLL1136	LIFE4POLL1136-a-1001019	LIFE4POLL1136-p-1001019	visits flowers of	http://purl.obolibrary.org/obo/RO_0002622
LIFE4POLL1137	LIFE4POLL1137-a-1001020	LIFE4POLL1137-p-1001020	visits flowers of	http://purl.obolibrary.org/obo/RO_0002622
LIFE4POLL1138	LIFE4POLL1138-a-1001021	LIFE4POLL1138-p-1001021	visits flowers of	http://purl.obolibrary.org/obo/RO_0002622
LIFE4POLL1140	LIFE4POLL1140-a-1001022	LIFE4POLL1140-p-1001022	visits flowers of	http://purl.obolibrary.org/obo/RO_0002622
LIFE4POLL1141	LIFE4POLL1141-a-1001023	LIFE4POLL1141-p-1001023	visits flowers of	http://purl.obolibrary.org/obo/RO_0002622
LIFE4POLL1142	LIFE4POLL1142-a-1001024	LIFE4POLL1142-p-1001024	visits flowers of	http://purl.obolibrary.org/obo/RO_0002622
LIFE4POLL1143	LIFE4POLL1143-a-1001025	LIFE4POLL1143-p-1001025	visits flowers of	http://purl.obolibrary.org/obo/RO_0002622
LIFE4POLL1144	LIFE4POLL1144-a-1001026	LIFE4POLL1144-p-1001026	visits flowers of	http://purl.obolibrary.org/obo/RO_0002622
LIFE4POLL1145	LIFE4POLL1145-a-1001027	LIFE4POLL1145-p-1001027	visits flowers of	http://purl.obolibrary.org/obo/RO_0002622
LIFE4POLL1146	LIFE4POLL1146-a-1001028	LIFE4POLL1146-p-1001028	visits flowers of	http://purl.obolibrary.org/obo/RO_0002622
LIFE4POLL1147	LIFE4POLL1147-a-1001029	LIFE4POLL1147-p-1001029	visits flowers of	http://purl.obolibrary.org/obo/RO_0002622
LIFE4POLL1148	LIFE4POLL1148-a-1001030	LIFE4POLL1148-p-1001030	visits flowers of	http://purl.obolibrary.org/obo/RO_0002622
LIFE4POLL1149	LIFE4POLL1149-a-1001031	LIFE4POLL1149-p-1001031	visits flowers of	http://purl.obolibrary.org/obo/RO_0002622
LIFE4POLL1150	LIFE4POLL1150-a-1001032	LIFE4POLL1150-p-1001032	visits flowers of	http://purl.obolibrary.org/obo/RO_0002622
LIFE4POLL1151	LIFE4POLL1151-a-1001033	LIFE4POLL1151-p-1001033	visits flowers of	http://purl.obolibrary.org/obo/RO_0002622
LIFE4POLL1152	LIFE4POLL1152-a-1001034	LIFE4POLL1152-p-1001034	visits flowers of	http://purl.obolibrary.org/obo/RO_0002622
LIFE4POLL1153	LIFE4POLL1153-a-1001035	LIFE4POLL1153-p-1001035	visits flowers of	http://purl.obolibrary.org/obo/RO_0002622
LIFE4POLL1154	LIFE4POLL1154-a-1001036	LIFE4POLL1154-p-1001036	visits flowers of	http://purl.obolibrary.org/obo/RO_0002622
LIFE4POLL1155	LIFE4POLL1155-a-1001037	LIFE4POLL1155-p-1001037	visits flowers of	http://purl.obolibrary.org/obo/RO_0002622
LIFE4POLL1156	LIFE4POLL1156-a-1001038	LIFE4POLL1156-p-1001038	visits flowers of	http://purl.obolibrary.org/obo/RO_0002622
LIFE4POLL1157	LIFE4POLL1157-a-1001039	LIFE4POLL1157-p-1001039	visits flowers of	http://purl.obolibrary.org/obo/RO_0002622
LIFE4POLL1158	LIFE4POLL1158-a-1001040	LIFE4POLL1158-p-1001040	visits flowers of	http://purl.obolibrary.org/obo/RO_0002622
LIFE4POLL1159	LIFE4POLL1159-a-1001041	LIFE4POLL1159-p-1001041	visits flowers of	http://purl.obolibrary.org/obo/RO_0002622
LIFE4POLL1161	LIFE4POLL1161-a-1001042	LIFE4POLL1161-p-1001042	visits flowers of	http://purl.obolibrary.org/obo/RO_0002622
LIFE4POLL1162	LIFE4POLL1162-a-1001043	LIFE4POLL1162-p-1001043	visits flowers of	http://purl.obolibrary.org/obo/RO_0002622
LIFE4POLL1164	LIFE4POLL1164-a-1001044	LIFE4POLL1164-p-1001044	visits flowers of	http://purl.obolibrary.org/obo/RO_0002622
LIFE4POLL1166	LIFE4POLL1166-a-1001045	LIFE4POLL1166-p-1001045	visits flowers of	http://purl.obolibrary.org/obo/RO_0002622
LIFE4POLL1169	LIFE4POLL1169-a-1001046	LIFE4POLL1169-p-1001046	visits flowers of	http://purl.obolibrary.org/obo/RO_0002622
LIFE4POLL1170	LIFE4POLL1170-a-1001047	LIFE4POLL1170-p-1001047	visits flowers of	http://purl.obolibrary.org/obo/RO_0002622
LIFE4POLL1171	LIFE4POLL1171-a-1001048	LIFE4POLL1171-p-1001048	visits flowers of	http://purl.obolibrary.org/obo/RO_0002622
LIFE4POLL1173	LIFE4POLL1173-a-1001049	LIFE4POLL1173-p-1001049	visits flowers of	http://purl.obolibrary.org/obo/RO_0002622
LIFE4POLL1175	LIFE4POLL1175-a-1001050	LIFE4POLL1175-p-1001050	visits flowers of	http://purl.obolibrary.org/obo/RO_0002622
LIFE4POLL1177	LIFE4POLL1177-a-1001051	LIFE4POLL1177-p-1001051	visits flowers of	http://purl.obolibrary.org/obo/RO_0002622
LIFE4POLL1178	LIFE4POLL1178-a-1001052	LIFE4POLL1178-p-1001052	visits flowers of	http://purl.obolibrary.org/obo/RO_0002622
LIFE4POLL1180	LIFE4POLL1180-a-1001053	LIFE4POLL1180-p-1001053	visits flowers of	http://purl.obolibrary.org/obo/RO_0002622
LIFE4POLL1183	LIFE4POLL1183-a-1001054	LIFE4POLL1183-p-1001054	visits flowers of	http://purl.obolibrary.org/obo/RO_0002622
LIFE4POLL1184	LIFE4POLL1184-a-1001055	LIFE4POLL1184-p-1001055	visits flowers of	http://purl.obolibrary.org/obo/RO_0002622
LIFE4POLL1185	LIFE4POLL1185-a-1001056	LIFE4POLL1185-p-1001056	visits flowers of	http://purl.obolibrary.org/obo/RO_0002622
LIFE4POLL1186	LIFE4POLL1186-a-1001057	LIFE4POLL1186-p-1001057	visits flowers of	http://purl.obolibrary.org/obo/RO_0002622
LIFE4POLL1187	LIFE4POLL1187-a-1001058	LIFE4POLL1187-p-1001058	visits flowers of	http://purl.obolibrary.org/obo/RO_0002622
LIFE4POLL1188	LIFE4POLL1188-a-1001059	LIFE4POLL1188-p-1001059	visits flowers of	http://purl.obolibrary.org/obo/RO_0002622
LIFE4POLL1189	LIFE4POLL1189-a-1001060	LIFE4POLL1189-p-1001060	visits flowers of	http://purl.obolibrary.org/obo/RO_0002622
LIFE4POLL1190	LIFE4POLL1190-a-1001061	LIFE4POLL1190-p-1001061	visits flowers of	http://purl.obolibrary.org/obo/RO_0002622
LIFE4POLL1191	LIFE4POLL1191-a-1001062	LIFE4POLL1191-p-1001062	visits flowers of	http://purl.obolibrary.org/obo/RO_0002622
LIFE4POLL1192	LIFE4POLL1192-a-1001063	LIFE4POLL1192-p-1001063	visits flowers of	http://purl.obolibrary.org/obo/RO_0002622
LIFE4POLL1193	LIFE4POLL1193-a-1001064	LIFE4POLL1193-p-1001064	visits flowers of	http://purl.obolibrary.org/obo/RO_0002622
LIFE4POLL1195	LIFE4POLL1195-a-1001065	LIFE4POLL1195-p-1001065	visits flowers of	http://purl.obolibrary.org/obo/RO_0002622
LIFE4POLL1196	LIFE4POLL1196-a-1001066	LIFE4POLL1196-p-1001066	visits flowers of	http://purl.obolibrary.org/obo/RO_0002622
LIFE4POLL1197	LIFE4POLL1197-a-1001067	LIFE4POLL1197-p-1001067	visits flowers of	http://purl.obolibrary.org/obo/RO_0002622
LIFE4POLL1198	LIFE4POLL1198-a-1001068	LIFE4POLL1198-p-1001068	visits flowers of	http://purl.obolibrary.org/obo/RO_0002622
LIFE4POLL1199	LIFE4POLL1199-a-1001069	LIFE4POLL1199-p-1001069	visits flowers of	http://purl.obolibrary.org/obo/RO_0002622
LIFE4POLL1200	LIFE4POLL1200-a-1001070	LIFE4POLL1200-p-1001070	visits flowers of	http://purl.obolibrary.org/obo/RO_0002622
LIFE4POLL1201	LIFE4POLL1201-a-1001071	LIFE4POLL1201-p-1001071	visits flowers of	http://purl.obolibrary.org/obo/RO_0002622
LIFE4POLL1204	LIFE4POLL1204-a-1001072	LIFE4POLL1204-p-1001072	visits flowers of	http://purl.obolibrary.org/obo/RO_0002622
LIFE4POLL1205	LIFE4POLL1205-a-1001073	LIFE4POLL1205-p-1001073	visits flowers of	http://purl.obolibrary.org/obo/RO_0002622
LIFE4POLL1206	LIFE4POLL1206-a-1001074	LIFE4POLL1206-p-1001074	visits flowers of	http://purl.obolibrary.org/obo/RO_0002622
LIFE4POLL1207	LIFE4POLL1207-a-1001075	LIFE4POLL1207-p-1001075	visits flowers of	http://purl.obolibrary.org/obo/RO_0002622
LIFE4POLL1208	LIFE4POLL1208-a-1001076	LIFE4POLL1208-p-1001076	visits flowers of	http://purl.obolibrary.org/obo/RO_0002622
LIFE4POLL1210	LIFE4POLL1210-a-1001077	LIFE4POLL1210-p-1001077	visits flowers of	http://purl.obolibrary.org/obo/RO_0002622
LIFE4POLL1211	LIFE4POLL1211-a-1001078	LIFE4POLL1211-p-1001078	visits flowers of	http://purl.obolibrary.org/obo/RO_0002622
LIFE4POLL1212	LIFE4POLL1212-a-1001079	LIFE4POLL1212-p-1001079	visits flowers of	http://purl.obolibrary.org/obo/RO_0002622
LIFE4POLL1213	LIFE4POLL1213-a-1001080	LIFE4POLL1213-p-1001080	visits flowers of	http://purl.obolibrary.org/obo/RO_0002622
LIFE4POLL1214	LIFE4POLL1214-a-1001081	LIFE4POLL1214-p-1001081	visits flowers of	http://purl.obolibrary.org/obo/RO_0002622
LIFE4POLL1216	LIFE4POLL1216-a-1001082	LIFE4POLL1216-p-1001082	visits flowers of	http://purl.obolibrary.org/obo/RO_0002622
LIFE4POLL1217	LIFE4POLL1217-a-1001083	LIFE4POLL1217-p-1001083	visits flowers of	http://purl.obolibrary.org/obo/RO_0002622
LIFE4POLL1218	LIFE4POLL1218-a-1001084	LIFE4POLL1218-p-1001084	visits flowers of	http://purl.obolibrary.org/obo/RO_0002622
LIFE4POLL1219	LIFE4POLL1219-a-1001085	LIFE4POLL1219-p-1001085	visits flowers of	http://purl.obolibrary.org/obo/RO_0002622
LIFE4POLL1225	LIFE4POLL1225-a-1001086	LIFE4POLL1225-p-1001086	visits flowers of	http://purl.obolibrary.org/obo/RO_0002622
LIFE4POLL1226	LIFE4POLL1226-a-1001087	LIFE4POLL1226-p-1001087	visits flowers of	http://purl.obolibrary.org/obo/RO_0002622
LIFE4POLL1227	LIFE4POLL1227-a-1001088	LIFE4POLL1227-p-1001088	visits flowers of	http://purl.obolibrary.org/obo/RO_0002622
LIFE4POLL1229	LIFE4POLL1229-a-1001089	LIFE4POLL1229-p-1001089	visits flowers of	http://purl.obolibrary.org/obo/RO_0002622
LIFE4POLL1231	LIFE4POLL1231-a-1001090	LIFE4POLL1231-p-1001090	visits flowers of	http://purl.obolibrary.org/obo/RO_0002622
LIFE4POLL1232	LIFE4POLL1232-a-1001091	LIFE4POLL1232-p-1001091	visits flowers of	http://purl.obolibrary.org/obo/RO_0002622
LIFE4POLL1233	LIFE4POLL1233-a-1001092	LIFE4POLL1233-p-1001092	visits flowers of	http://purl.obolibrary.org/obo/RO_0002622
LIFE4POLL1234	LIFE4POLL1234-a-1001093	LIFE4POLL1234-p-1001093	visits flowers of	http://purl.obolibrary.org/obo/RO_0002622
LIFE4POLL1235	LIFE4POLL1235-a-1001094	LIFE4POLL1235-p-1001094	visits flowers of	http://purl.obolibrary.org/obo/RO_0002622
LIFE4POLL1236	LIFE4POLL1236-a-1001095	LIFE4POLL1236-p-1001095	visits flowers of	http://purl.obolibrary.org/obo/RO_0002622
LIFE4POLL1237	LIFE4POLL1237-a-1001096	LIFE4POLL1237-p-1001096	visits flowers of	http://purl.obolibrary.org/obo/RO_0002622
LIFE4POLL1238	LIFE4POLL1238-a-1001097	LIFE4POLL1238-p-1001097	visits flowers of	http://purl.obolibrary.org/obo/RO_0002622
LIFE4POLL1242	LIFE4POLL1242-a-1001098	LIFE4POLL1242-p-1001098	visits flowers of	http://purl.obolibrary.org/obo/RO_0002622
LIFE4POLL1243	LIFE4POLL1243-a-1001099	LIFE4POLL1243-p-1001099	visits flowers of	http://purl.obolibrary.org/obo/RO_0002622
LIFE4POLL1244	LIFE4POLL1244-a-1001100	LIFE4POLL1244-p-1001100	visits flowers of	http://purl.obolibrary.org/obo/RO_0002622
LIFE4POLL1245	LIFE4POLL1245-a-1001101	LIFE4POLL1245-p-1001101	visits flowers of	http://purl.obolibrary.org/obo/RO_0002622
LIFE4POLL1246	LIFE4POLL1246-a-1001102	LIFE4POLL1246-p-1001102	visits flowers of	http://purl.obolibrary.org/obo/RO_0002622
LIFE4POLL1248	LIFE4POLL1248-a-1001103	LIFE4POLL1248-p-1001103	visits flowers of	http://purl.obolibrary.org/obo/RO_0002622
LIFE4POLL1250	LIFE4POLL1250-a-1001104	LIFE4POLL1250-p-1001104	visits flowers of	http://purl.obolibrary.org/obo/RO_0002622
LIFE4POLL1252	LIFE4POLL1252-a-1001105	LIFE4POLL1252-p-1001105	visits flowers of	http://purl.obolibrary.org/obo/RO_0002622
LIFE4POLL1254	LIFE4POLL1254-a-1001106	LIFE4POLL1254-p-1001106	visits flowers of	http://purl.obolibrary.org/obo/RO_0002622
LIFE4POLL1255	LIFE4POLL1255-a-1001107	LIFE4POLL1255-p-1001107	visits flowers of	http://purl.obolibrary.org/obo/RO_0002622
LIFE4POLL1256	LIFE4POLL1256-a-1001108	LIFE4POLL1256-p-1001108	visits flowers of	http://purl.obolibrary.org/obo/RO_0002622
LIFE4POLL1257	LIFE4POLL1257-a-1001109	LIFE4POLL1257-p-1001109	visits flowers of	http://purl.obolibrary.org/obo/RO_0002622
LIFE4POLL1259	LIFE4POLL1259-a-1001110	LIFE4POLL1259-p-1001110	visits flowers of	http://purl.obolibrary.org/obo/RO_0002622
LIFE4POLL1260	LIFE4POLL1260-a-1001111	LIFE4POLL1260-p-1001111	visits flowers of	http://purl.obolibrary.org/obo/RO_0002622
LIFE4POLL1261	LIFE4POLL1261-a-1001112	LIFE4POLL1261-p-1001112	visits flowers of	http://purl.obolibrary.org/obo/RO_0002622
LIFE4POLL1262	LIFE4POLL1262-a-1001113	LIFE4POLL1262-p-1001113	visits flowers of	http://purl.obolibrary.org/obo/RO_0002622
LIFE4POLL1263	LIFE4POLL1263-a-1001114	LIFE4POLL1263-p-1001114	visits flowers of	http://purl.obolibrary.org/obo/RO_0002622
LIFE4POLL1264	LIFE4POLL1264-a-1001115	LIFE4POLL1264-p-1001115	visits flowers of	http://purl.obolibrary.org/obo/RO_0002622
LIFE4POLL1265	LIFE4POLL1265-a-1001116	LIFE4POLL1265-p-1001116	visits flowers of	http://purl.obolibrary.org/obo/RO_0002622
LIFE4POLL1266	LIFE4POLL1266-a-1001117	LIFE4POLL1266-p-1001117	visits flowers of	http://purl.obolibrary.org/obo/RO_0002622
LIFE4POLL1267	LIFE4POLL1267-a-1001118	LIFE4POLL1267-p-1001118	visits flowers of	http://purl.obolibrary.org/obo/RO_0002622
LIFE4POLL1268	LIFE4POLL1268-a-1001119	LIFE4POLL1268-p-1001119	visits flowers of	http://purl.obolibrary.org/obo/RO_0002622
LIFE4POLL1269	LIFE4POLL1269-a-1001120	LIFE4POLL1269-p-1001120	visits flowers of	http://purl.obolibrary.org/obo/RO_0002622
LIFE4POLL1270	LIFE4POLL1270-a-1001121	LIFE4POLL1270-p-1001121	visits flowers of	http://purl.obolibrary.org/obo/RO_0002622
LIFE4POLL1271	LIFE4POLL1271-a-1001122	LIFE4POLL1271-p-1001122	visits flowers of	http://purl.obolibrary.org/obo/RO_0002622
LIFE4POLL1272	LIFE4POLL1272-a-1001123	LIFE4POLL1272-p-1001123	visits flowers of	http://purl.obolibrary.org/obo/RO_0002622
LIFE4POLL1274	LIFE4POLL1274-a-1001124	LIFE4POLL1274-p-1001124	visits flowers of	http://purl.obolibrary.org/obo/RO_0002622
LIFE4POLL1275	LIFE4POLL1275-a-1001125	LIFE4POLL1275-p-1001125	visits flowers of	http://purl.obolibrary.org/obo/RO_0002622
LIFE4POLL1279	LIFE4POLL1279-a-1001126	LIFE4POLL1279-p-1001126	visits flowers of	http://purl.obolibrary.org/obo/RO_0002622
LIFE4POLL1281	LIFE4POLL1281-a-1001127	LIFE4POLL1281-p-1001127	visits flowers of	http://purl.obolibrary.org/obo/RO_0002622
LIFE4POLL1284	LIFE4POLL1284-a-1001128	LIFE4POLL1284-p-1001128	visits flowers of	http://purl.obolibrary.org/obo/RO_0002622
LIFE4POLL1285	LIFE4POLL1285-a-1001129	LIFE4POLL1285-p-1001129	visits flowers of	http://purl.obolibrary.org/obo/RO_0002622
LIFE4POLL1287	LIFE4POLL1287-a-1001130	LIFE4POLL1287-p-1001130	visits flowers of	http://purl.obolibrary.org/obo/RO_0002622
LIFE4POLL1288	LIFE4POLL1288-a-1001131	LIFE4POLL1288-p-1001131	visits flowers of	http://purl.obolibrary.org/obo/RO_0002622
LIFE4POLL1289	LIFE4POLL1289-a-1001132	LIFE4POLL1289-p-1001132	visits flowers of	http://purl.obolibrary.org/obo/RO_0002622
LIFE4POLL1290	LIFE4POLL1290-a-1001133	LIFE4POLL1290-p-1001133	visits flowers of	http://purl.obolibrary.org/obo/RO_0002622
LIFE4POLL1291	LIFE4POLL1291-a-1001134	LIFE4POLL1291-p-1001134	visits flowers of	http://purl.obolibrary.org/obo/RO_0002622
LIFE4POLL1292	LIFE4POLL1292-a-1001135	LIFE4POLL1292-p-1001135	visits flowers of	http://purl.obolibrary.org/obo/RO_0002622
LIFE4POLL1293	LIFE4POLL1293-a-1001136	LIFE4POLL1293-p-1001136	visits flowers of	http://purl.obolibrary.org/obo/RO_0002622
LIFE4POLL1294	LIFE4POLL1294-a-1001137	LIFE4POLL1294-p-1001137	visits flowers of	http://purl.obolibrary.org/obo/RO_0002622
LIFE4POLL1295	LIFE4POLL1295-a-1001138	LIFE4POLL1295-p-1001138	visits flowers of	http://purl.obolibrary.org/obo/RO_0002622
LIFE4POLL1296	LIFE4POLL1296-a-1001139	LIFE4POLL1296-p-1001139	visits flowers of	http://purl.obolibrary.org/obo/RO_0002622
LIFE4POLL1298	LIFE4POLL1298-a-1001140	LIFE4POLL1298-p-1001140	visits flowers of	http://purl.obolibrary.org/obo/RO_0002622
LIFE4POLL1299	LIFE4POLL1299-a-1001141	LIFE4POLL1299-p-1001141	visits flowers of	http://purl.obolibrary.org/obo/RO_0002622
LIFE4POLL1300	LIFE4POLL1300-a-1001142	LIFE4POLL1300-p-1001142	visits flowers of	http://purl.obolibrary.org/obo/RO_0002622
LIFE4POLL1301	LIFE4POLL1301-a-1001143	LIFE4POLL1301-p-1001143	visits flowers of	http://purl.obolibrary.org/obo/RO_0002622
LIFE4POLL1302	LIFE4POLL1302-a-1001144	LIFE4POLL1302-p-1001144	visits flowers of	http://purl.obolibrary.org/obo/RO_0002622
LIFE4POLL1303	LIFE4POLL1303-a-1001145	LIFE4POLL1303-p-1001145	visits flowers of	http://purl.obolibrary.org/obo/RO_0002622
LIFE4POLL1305	LIFE4POLL1305-a-1001146	LIFE4POLL1305-p-1001146	visits flowers of	http://purl.obolibrary.org/obo/RO_0002622
LIFE4POLL1306	LIFE4POLL1306-a-1001147	LIFE4POLL1306-p-1001147	visits flowers of	http://purl.obolibrary.org/obo/RO_0002622
LIFE4POLL1307	LIFE4POLL1307-a-1001148	LIFE4POLL1307-p-1001148	visits flowers of	http://purl.obolibrary.org/obo/RO_0002622
LIFE4POLL1309	LIFE4POLL1309-a-1001149	LIFE4POLL1309-p-1001149	visits flowers of	http://purl.obolibrary.org/obo/RO_0002622
LIFE4POLL1310	LIFE4POLL1310-a-1001150	LIFE4POLL1310-p-1001150	visits flowers of	http://purl.obolibrary.org/obo/RO_0002622
LIFE4POLL1311	LIFE4POLL1311-a-1001151	LIFE4POLL1311-p-1001151	visits flowers of	http://purl.obolibrary.org/obo/RO_0002622
LIFE4POLL1312	LIFE4POLL1312-a-1001152	LIFE4POLL1312-p-1001152	visits flowers of	http://purl.obolibrary.org/obo/RO_0002622
LIFE4POLL1313	LIFE4POLL1313-a-1001153	LIFE4POLL1313-p-1001153	visits flowers of	http://purl.obolibrary.org/obo/RO_0002622
LIFE4POLL1315	LIFE4POLL1315-a-1001154	LIFE4POLL1315-p-1001154	visits flowers of	http://purl.obolibrary.org/obo/RO_0002622
LIFE4POLL1316	LIFE4POLL1316-a-1001155	LIFE4POLL1316-p-1001155	visits flowers of	http://purl.obolibrary.org/obo/RO_0002622
LIFE4POLL1317	LIFE4POLL1317-a-1001156	LIFE4POLL1317-p-1001156	visits flowers of	http://purl.obolibrary.org/obo/RO_0002622
LIFE4POLL1319	LIFE4POLL1319-a-1001157	LIFE4POLL1319-p-1001157	visits flowers of	http://purl.obolibrary.org/obo/RO_0002622
LIFE4POLL1320	LIFE4POLL1320-a-1001158	LIFE4POLL1320-p-1001158	visits flowers of	http://purl.obolibrary.org/obo/RO_0002622
LIFE4POLL1321	LIFE4POLL1321-a-1001159	LIFE4POLL1321-p-1001159	visits flowers of	http://purl.obolibrary.org/obo/RO_0002622
LIFE4POLL1322	LIFE4POLL1322-a-1001160	LIFE4POLL1322-p-1001160	visits flowers of	http://purl.obolibrary.org/obo/RO_0002622
LIFE4POLL1323	LIFE4POLL1323-a-1001161	LIFE4POLL1323-p-1001161	visits flowers of	http://purl.obolibrary.org/obo/RO_0002622
LIFE4POLL1325	LIFE4POLL1325-a-1001162	LIFE4POLL1325-p-1001162	visits flowers of	http://purl.obolibrary.org/obo/RO_0002622
LIFE4POLL1327	LIFE4POLL1327-a-1001163	LIFE4POLL1327-p-1001163	visits flowers of	http://purl.obolibrary.org/obo/RO_0002622
LIFE4POLL1328	LIFE4POLL1328-a-1001164	LIFE4POLL1328-p-1001164	visits flowers of	http://purl.obolibrary.org/obo/RO_0002622
LIFE4POLL1330	LIFE4POLL1330-a-1001165	LIFE4POLL1330-p-1001165	visits flowers of	http://purl.obolibrary.org/obo/RO_0002622
LIFE4POLL1331	LIFE4POLL1331-a-1001166	LIFE4POLL1331-p-1001166	visits flowers of	http://purl.obolibrary.org/obo/RO_0002622
LIFE4POLL1332	LIFE4POLL1332-a-1001167	LIFE4POLL1332-p-1001167	visits flowers of	http://purl.obolibrary.org/obo/RO_0002622
LIFE4POLL1333	LIFE4POLL1333-a-1001168	LIFE4POLL1333-p-1001168	visits flowers of	http://purl.obolibrary.org/obo/RO_0002622
LIFE4POLL1334	LIFE4POLL1334-a-1001169	LIFE4POLL1334-p-1001169	visits flowers of	http://purl.obolibrary.org/obo/RO_0002622
LIFE4POLL1335	LIFE4POLL1335-a-1001170	LIFE4POLL1335-p-1001170	visits flowers of	http://purl.obolibrary.org/obo/RO_0002622
LIFE4POLL1336	LIFE4POLL1336-a-1001171	LIFE4POLL1336-p-1001171	visits flowers of	http://purl.obolibrary.org/obo/RO_0002622
LIFE4POLL1337	LIFE4POLL1337-a-1001172	LIFE4POLL1337-p-1001172	visits flowers of	http://purl.obolibrary.org/obo/RO_0002622
LIFE4POLL1338	LIFE4POLL1338-a-1001173	LIFE4POLL1338-p-1001173	visits flowers of	http://purl.obolibrary.org/obo/RO_0002622
LIFE4POLL1340	LIFE4POLL1340-a-1001174	LIFE4POLL1340-p-1001174	visits flowers of	http://purl.obolibrary.org/obo/RO_0002622
LIFE4POLL1341	LIFE4POLL1341-a-1001175	LIFE4POLL1341-p-1001175	visits flowers of	http://purl.obolibrary.org/obo/RO_0002622
LIFE4POLL1342	LIFE4POLL1342-a-1001176	LIFE4POLL1342-p-1001176	visits flowers of	http://purl.obolibrary.org/obo/RO_0002622
LIFE4POLL1343	LIFE4POLL1343-a-1001177	LIFE4POLL1343-p-1001177	visits flowers of	http://purl.obolibrary.org/obo/RO_0002622
LIFE4POLL1344	LIFE4POLL1344-a-1001178	LIFE4POLL1344-p-1001178	visits flowers of	http://purl.obolibrary.org/obo/RO_0002622
LIFE4POLL1345	LIFE4POLL1345-a-1001179	LIFE4POLL1345-p-1001179	visits flowers of	http://purl.obolibrary.org/obo/RO_0002622
LIFE4POLL1346	LIFE4POLL1346-a-1001180	LIFE4POLL1346-p-1001180	visits flowers of	http://purl.obolibrary.org/obo/RO_0002622
LIFE4POLL1347	LIFE4POLL1347-a-1001181	LIFE4POLL1347-p-1001181	visits flowers of	http://purl.obolibrary.org/obo/RO_0002622
LIFE4POLL1349	LIFE4POLL1349-a-1001182	LIFE4POLL1349-p-1001182	visits flowers of	http://purl.obolibrary.org/obo/RO_0002622
LIFE4POLL1352	LIFE4POLL1352-a-1001183	LIFE4POLL1352-p-1001183	visits flowers of	http://purl.obolibrary.org/obo/RO_0002622
LIFE4POLL1353	LIFE4POLL1353-a-1001184	LIFE4POLL1353-p-1001184	visits flowers of	http://purl.obolibrary.org/obo/RO_0002622
LIFE4POLL1355	LIFE4POLL1355-a-1001185	LIFE4POLL1355-p-1001185	visits flowers of	http://purl.obolibrary.org/obo/RO_0002622
LIFE4POLL1356	LIFE4POLL1356-a-1001186	LIFE4POLL1356-p-1001186	visits flowers of	http://purl.obolibrary.org/obo/RO_0002622
LIFE4POLL1357	LIFE4POLL1357-a-1001187	LIFE4POLL1357-p-1001187	visits flowers of	http://purl.obolibrary.org/obo/RO_0002622
LIFE4POLL1358	LIFE4POLL1358-a-1001188	LIFE4POLL1358-p-1001188	visits flowers of	http://purl.obolibrary.org/obo/RO_0002622
LIFE4POLL1359	LIFE4POLL1359-a-1001189	LIFE4POLL1359-p-1001189	visits flowers of	http://purl.obolibrary.org/obo/RO_0002622
LIFE4POLL1360	LIFE4POLL1360-a-1001190	LIFE4POLL1360-p-1001190	visits flowers of	http://purl.obolibrary.org/obo/RO_0002622
LIFE4POLL1361	LIFE4POLL1361-a-1001191	LIFE4POLL1361-p-1001191	visits flowers of	http://purl.obolibrary.org/obo/RO_0002622
LIFE4POLL1362	LIFE4POLL1362-a-1001192	LIFE4POLL1362-p-1001192	visits flowers of	http://purl.obolibrary.org/obo/RO_0002622
LIFE4POLL1367	LIFE4POLL1367-a-1001193	LIFE4POLL1367-p-1001193	visits flowers of	http://purl.obolibrary.org/obo/RO_0002622
LIFE4POLL1369	LIFE4POLL1369-a-1001194	LIFE4POLL1369-p-1001194	visits flowers of	http://purl.obolibrary.org/obo/RO_0002622
LIFE4POLL1370	LIFE4POLL1370-a-1001195	LIFE4POLL1370-p-1001195	visits flowers of	http://purl.obolibrary.org/obo/RO_0002622
LIFE4POLL1374	LIFE4POLL1374-a-1001196	LIFE4POLL1374-p-1001196	visits flowers of	http://purl.obolibrary.org/obo/RO_0002622
LIFE4POLL1375	LIFE4POLL1375-a-1001197	LIFE4POLL1375-p-1001197	visits flowers of	http://purl.obolibrary.org/obo/RO_0002622
LIFE4POLL1376	LIFE4POLL1376-a-1001198	LIFE4POLL1376-p-1001198	visits flowers of	http://purl.obolibrary.org/obo/RO_0002622
LIFE4POLL1377	LIFE4POLL1377-a-1001199	LIFE4POLL1377-p-1001199	visits flowers of	http://purl.obolibrary.org/obo/RO_0002622
LIFE4POLL1378	LIFE4POLL1378-a-1001200	LIFE4POLL1378-p-1001200	visits flowers of	http://purl.obolibrary.org/obo/RO_0002622
LIFE4POLL1379	LIFE4POLL1379-a-1001201	LIFE4POLL1379-p-1001201	visits flowers of	http://purl.obolibrary.org/obo/RO_0002622
LIFE4POLL1380	LIFE4POLL1380-a-1001202	LIFE4POLL1380-p-1001202	visits flowers of	http://purl.obolibrary.org/obo/RO_0002622
LIFE4POLL1381	LIFE4POLL1381-a-1001203	LIFE4POLL1381-p-1001203	visits flowers of	http://purl.obolibrary.org/obo/RO_0002622
LIFE4POLL1382	LIFE4POLL1382-a-1001204	LIFE4POLL1382-p-1001204	visits flowers of	http://purl.obolibrary.org/obo/RO_0002622
LIFE4POLL1384	LIFE4POLL1384-a-1001205	LIFE4POLL1384-p-1001205	visits flowers of	http://purl.obolibrary.org/obo/RO_0002622
LIFE4POLL1385	LIFE4POLL1385-a-1001206	LIFE4POLL1385-p-1001206	visits flowers of	http://purl.obolibrary.org/obo/RO_0002622
LIFE4POLL1386	LIFE4POLL1386-a-1001207	LIFE4POLL1386-p-1001207	visits flowers of	http://purl.obolibrary.org/obo/RO_0002622
LIFE4POLL1387	LIFE4POLL1387-a-1001208	LIFE4POLL1387-p-1001208	visits flowers of	http://purl.obolibrary.org/obo/RO_0002622
LIFE4POLL1388	LIFE4POLL1388-a-1001209	LIFE4POLL1388-p-1001209	visits flowers of	http://purl.obolibrary.org/obo/RO_0002622
LIFE4POLL1389	LIFE4POLL1389-a-1001210	LIFE4POLL1389-p-1001210	visits flowers of	http://purl.obolibrary.org/obo/RO_0002622
LIFE4POLL1390	LIFE4POLL1390-a-1001211	LIFE4POLL1390-p-1001211	visits flowers of	http://purl.obolibrary.org/obo/RO_0002622
LIFE4POLL1391	LIFE4POLL1391-a-1001212	LIFE4POLL1391-p-1001212	visits flowers of	http://purl.obolibrary.org/obo/RO_0002622
LIFE4POLL1392	LIFE4POLL1392-a-1001213	LIFE4POLL1392-p-1001213	visits flowers of	http://purl.obolibrary.org/obo/RO_0002622
LIFE4POLL1393	LIFE4POLL1393-a-1001214	LIFE4POLL1393-p-1001214	visits flowers of	http://purl.obolibrary.org/obo/RO_0002622
LIFE4POLL1394	LIFE4POLL1394-a-1001215	LIFE4POLL1394-p-1001215	visits flowers of	http://purl.obolibrary.org/obo/RO_0002622
LIFE4POLL1396	LIFE4POLL1396-a-1001216	LIFE4POLL1396-p-1001216	visits flowers of	http://purl.obolibrary.org/obo/RO_0002622
LIFE4POLL1398	LIFE4POLL1398-a-1001217	LIFE4POLL1398-p-1001217	visits flowers of	http://purl.obolibrary.org/obo/RO_0002622
LIFE4POLL1401	LIFE4POLL1401-a-1001218	LIFE4POLL1401-p-1001218	visits flowers of	http://purl.obolibrary.org/obo/RO_0002622
LIFE4POLL1403	LIFE4POLL1403-a-1001219	LIFE4POLL1403-p-1001219	visits flowers of	http://purl.obolibrary.org/obo/RO_0002622
LIFE4POLL1404	LIFE4POLL1404-a-1001220	LIFE4POLL1404-p-1001220	visits flowers of	http://purl.obolibrary.org/obo/RO_0002622
LIFE4POLL1407	LIFE4POLL1407-a-1001221	LIFE4POLL1407-p-1001221	visits flowers of	http://purl.obolibrary.org/obo/RO_0002622
LIFE4POLL1408	LIFE4POLL1408-a-1001222	LIFE4POLL1408-p-1001222	visits flowers of	http://purl.obolibrary.org/obo/RO_0002622
LIFE4POLL1410	LIFE4POLL1410-a-1001223	LIFE4POLL1410-p-1001223	visits flowers of	http://purl.obolibrary.org/obo/RO_0002622
LIFE4POLL1411	LIFE4POLL1411-a-1001224	LIFE4POLL1411-p-1001224	visits flowers of	http://purl.obolibrary.org/obo/RO_0002622
LIFE4POLL1412	LIFE4POLL1412-a-1001225	LIFE4POLL1412-p-1001225	visits flowers of	http://purl.obolibrary.org/obo/RO_0002622
LIFE4POLL1413	LIFE4POLL1413-a-1001226	LIFE4POLL1413-p-1001226	visits flowers of	http://purl.obolibrary.org/obo/RO_0002622
LIFE4POLL1414	LIFE4POLL1414-a-1001227	LIFE4POLL1414-p-1001227	visits flowers of	http://purl.obolibrary.org/obo/RO_0002622
LIFE4POLL1415	LIFE4POLL1415-a-1001228	LIFE4POLL1415-p-1001228	visits flowers of	http://purl.obolibrary.org/obo/RO_0002622
LIFE4POLL1416	LIFE4POLL1416-a-1001229	LIFE4POLL1416-p-1001229	visits flowers of	http://purl.obolibrary.org/obo/RO_0002622
LIFE4POLL1417	LIFE4POLL1417-a-1001230	LIFE4POLL1417-p-1001230	visits flowers of	http://purl.obolibrary.org/obo/RO_0002622
LIFE4POLL1418	LIFE4POLL1418-a-1001231	LIFE4POLL1418-p-1001231	visits flowers of	http://purl.obolibrary.org/obo/RO_0002622
LIFE4POLL1419	LIFE4POLL1419-a-1001232	LIFE4POLL1419-p-1001232	visits flowers of	http://purl.obolibrary.org/obo/RO_0002622
LIFE4POLL1420	LIFE4POLL1420-a-1001233	LIFE4POLL1420-p-1001233	visits flowers of	http://purl.obolibrary.org/obo/RO_0002622
LIFE4POLL1421	LIFE4POLL1421-a-1001234	LIFE4POLL1421-p-1001234	visits flowers of	http://purl.obolibrary.org/obo/RO_0002622
LIFE4POLL1422	LIFE4POLL1422-a-1001235	LIFE4POLL1422-p-1001235	visits flowers of	http://purl.obolibrary.org/obo/RO_0002622
LIFE4POLL1423	LIFE4POLL1423-a-1001236	LIFE4POLL1423-p-1001236	visits flowers of	http://purl.obolibrary.org/obo/RO_0002622
LIFE4POLL1424	LIFE4POLL1424-a-1001237	LIFE4POLL1424-p-1001237	visits flowers of	http://purl.obolibrary.org/obo/RO_0002622
LIFE4POLL1425	LIFE4POLL1425-a-1001238	LIFE4POLL1425-p-1001238	visits flowers of	http://purl.obolibrary.org/obo/RO_0002622
LIFE4POLL1426	LIFE4POLL1426-a-1001239	LIFE4POLL1426-p-1001239	visits flowers of	http://purl.obolibrary.org/obo/RO_0002622
LIFE4POLL1427	LIFE4POLL1427-a-1001240	LIFE4POLL1427-p-1001240	visits flowers of	http://purl.obolibrary.org/obo/RO_0002622
LIFE4POLL1428	LIFE4POLL1428-a-1001241	LIFE4POLL1428-p-1001241	visits flowers of	http://purl.obolibrary.org/obo/RO_0002622
LIFE4POLL1430	LIFE4POLL1430-a-1001242	LIFE4POLL1430-p-1001242	visits flowers of	http://purl.obolibrary.org/obo/RO_0002622
LIFE4POLL1431	LIFE4POLL1431-a-1001243	LIFE4POLL1431-p-1001243	visits flowers of	http://purl.obolibrary.org/obo/RO_0002622
LIFE4POLL1432	LIFE4POLL1432-a-1001244	LIFE4POLL1432-p-1001244	visits flowers of	http://purl.obolibrary.org/obo/RO_0002622
LIFE4POLL1433	LIFE4POLL1433-a-1001245	LIFE4POLL1433-p-1001245	visits flowers of	http://purl.obolibrary.org/obo/RO_0002622
LIFE4POLL1435	LIFE4POLL1435-a-1001246	LIFE4POLL1435-p-1001246	visits flowers of	http://purl.obolibrary.org/obo/RO_0002622
LIFE4POLL1437	LIFE4POLL1437-a-1001247	LIFE4POLL1437-p-1001247	visits flowers of	http://purl.obolibrary.org/obo/RO_0002622
LIFE4POLL1438	LIFE4POLL1438-a-1001248	LIFE4POLL1438-p-1001248	visits flowers of	http://purl.obolibrary.org/obo/RO_0002622
LIFE4POLL1439	LIFE4POLL1439-a-1001249	LIFE4POLL1439-p-1001249	visits flowers of	http://purl.obolibrary.org/obo/RO_0002622
LIFE4POLL1441	LIFE4POLL1441-a-1001250	LIFE4POLL1441-p-1001250	visits flowers of	http://purl.obolibrary.org/obo/RO_0002622
LIFE4POLL1442	LIFE4POLL1442-a-1001251	LIFE4POLL1442-p-1001251	visits flowers of	http://purl.obolibrary.org/obo/RO_0002622
LIFE4POLL1443	LIFE4POLL1443-a-1001252	LIFE4POLL1443-p-1001252	visits flowers of	http://purl.obolibrary.org/obo/RO_0002622
LIFE4POLL1445	LIFE4POLL1445-a-1001253	LIFE4POLL1445-p-1001253	visits flowers of	http://purl.obolibrary.org/obo/RO_0002622
LIFE4POLL1446	LIFE4POLL1446-a-1001254	LIFE4POLL1446-p-1001254	visits flowers of	http://purl.obolibrary.org/obo/RO_0002622
LIFE4POLL1447	LIFE4POLL1447-a-1001255	LIFE4POLL1447-p-1001255	visits flowers of	http://purl.obolibrary.org/obo/RO_0002622
LIFE4POLL1448	LIFE4POLL1448-a-1001256	LIFE4POLL1448-p-1001256	visits flowers of	http://purl.obolibrary.org/obo/RO_0002622
LIFE4POLL1449	LIFE4POLL1449-a-1001257	LIFE4POLL1449-p-1001257	visits flowers of	http://purl.obolibrary.org/obo/RO_0002622
LIFE4POLL1451	LIFE4POLL1451-a-1001258	LIFE4POLL1451-p-1001258	visits flowers of	http://purl.obolibrary.org/obo/RO_0002622
LIFE4POLL1452	LIFE4POLL1452-a-1001259	LIFE4POLL1452-p-1001259	visits flowers of	http://purl.obolibrary.org/obo/RO_0002622
LIFE4POLL1453	LIFE4POLL1453-a-1001260	LIFE4POLL1453-p-1001260	visits flowers of	http://purl.obolibrary.org/obo/RO_0002622
LIFE4POLL1455	LIFE4POLL1455-a-1001261	LIFE4POLL1455-p-1001261	visits flowers of	http://purl.obolibrary.org/obo/RO_0002622
LIFE4POLL1456	LIFE4POLL1456-a-1001262	LIFE4POLL1456-p-1001262	visits flowers of	http://purl.obolibrary.org/obo/RO_0002622
LIFE4POLL1457	LIFE4POLL1457-a-1001263	LIFE4POLL1457-p-1001263	visits flowers of	http://purl.obolibrary.org/obo/RO_0002622
LIFE4POLL1458	LIFE4POLL1458-a-1001264	LIFE4POLL1458-p-1001264	visits flowers of	http://purl.obolibrary.org/obo/RO_0002622
LIFE4POLL1459	LIFE4POLL1459-a-1001265	LIFE4POLL1459-p-1001265	visits flowers of	http://purl.obolibrary.org/obo/RO_0002622
LIFE4POLL1460	LIFE4POLL1460-a-1001266	LIFE4POLL1460-p-1001266	visits flowers of	http://purl.obolibrary.org/obo/RO_0002622
LIFE4POLL1461	LIFE4POLL1461-a-1001267	LIFE4POLL1461-p-1001267	visits flowers of	http://purl.obolibrary.org/obo/RO_0002622
LIFE4POLL1463	LIFE4POLL1463-a-1001268	LIFE4POLL1463-p-1001268	visits flowers of	http://purl.obolibrary.org/obo/RO_0002622
LIFE4POLL1466	LIFE4POLL1466-a-1001269	LIFE4POLL1466-p-1001269	visits flowers of	http://purl.obolibrary.org/obo/RO_0002622
LIFE4POLL1467	LIFE4POLL1467-a-1001270	LIFE4POLL1467-p-1001270	visits flowers of	http://purl.obolibrary.org/obo/RO_0002622
LIFE4POLL1468	LIFE4POLL1468-a-1001271	LIFE4POLL1468-p-1001271	visits flowers of	http://purl.obolibrary.org/obo/RO_0002622
LIFE4POLL1469	LIFE4POLL1469-a-1001272	LIFE4POLL1469-p-1001272	visits flowers of	http://purl.obolibrary.org/obo/RO_0002622
LIFE4POLL1470	LIFE4POLL1470-a-1001273	LIFE4POLL1470-p-1001273	visits flowers of	http://purl.obolibrary.org/obo/RO_0002622
LIFE4POLL1471	LIFE4POLL1471-a-1001274	LIFE4POLL1471-p-1001274	visits flowers of	http://purl.obolibrary.org/obo/RO_0002622
LIFE4POLL1472	LIFE4POLL1472-a-1001275	LIFE4POLL1472-p-1001275	visits flowers of	http://purl.obolibrary.org/obo/RO_0002622
LIFE4POLL1474	LIFE4POLL1474-a-1001276	LIFE4POLL1474-p-1001276	visits flowers of	http://purl.obolibrary.org/obo/RO_0002622
LIFE4POLL1475	LIFE4POLL1475-a-1001277	LIFE4POLL1475-p-1001277	visits flowers of	http://purl.obolibrary.org/obo/RO_0002622
LIFE4POLL1476	LIFE4POLL1476-a-1001278	LIFE4POLL1476-p-1001278	visits flowers of	http://purl.obolibrary.org/obo/RO_0002622
LIFE4POLL1477	LIFE4POLL1477-a-1001279	LIFE4POLL1477-p-1001279	visits flowers of	http://purl.obolibrary.org/obo/RO_0002622
LIFE4POLL1478	LIFE4POLL1478-a-1001280	LIFE4POLL1478-p-1001280	visits flowers of	http://purl.obolibrary.org/obo/RO_0002622
LIFE4POLL1479	LIFE4POLL1479-a-1001281	LIFE4POLL1479-p-1001281	visits flowers of	http://purl.obolibrary.org/obo/RO_0002622
LIFE4POLL1480	LIFE4POLL1480-a-1001282	LIFE4POLL1480-p-1001282	visits flowers of	http://purl.obolibrary.org/obo/RO_0002622
LIFE4POLL1481	LIFE4POLL1481-a-1001283	LIFE4POLL1481-p-1001283	visits flowers of	http://purl.obolibrary.org/obo/RO_0002622
LIFE4POLL1482	LIFE4POLL1482-a-1001284	LIFE4POLL1482-p-1001284	visits flowers of	http://purl.obolibrary.org/obo/RO_0002622
LIFE4POLL1483	LIFE4POLL1483-a-1001285	LIFE4POLL1483-p-1001285	visits flowers of	http://purl.obolibrary.org/obo/RO_0002622
LIFE4POLL1485	LIFE4POLL1485-a-1001286	LIFE4POLL1485-p-1001286	visits flowers of	http://purl.obolibrary.org/obo/RO_0002622
LIFE4POLL1487	LIFE4POLL1487-a-1001287	LIFE4POLL1487-p-1001287	visits flowers of	http://purl.obolibrary.org/obo/RO_0002622
LIFE4POLL1490	LIFE4POLL1490-a-1001288	LIFE4POLL1490-p-1001288	visits flowers of	http://purl.obolibrary.org/obo/RO_0002622
LIFE4POLL1491	LIFE4POLL1491-a-1001289	LIFE4POLL1491-p-1001289	visits flowers of	http://purl.obolibrary.org/obo/RO_0002622
LIFE4POLL1492	LIFE4POLL1492-a-1001290	LIFE4POLL1492-p-1001290	visits flowers of	http://purl.obolibrary.org/obo/RO_0002622
LIFE4POLL1493	LIFE4POLL1493-a-1001291	LIFE4POLL1493-p-1001291	visits flowers of	http://purl.obolibrary.org/obo/RO_0002622
LIFE4POLL1494	LIFE4POLL1494-a-1001292	LIFE4POLL1494-p-1001292	visits flowers of	http://purl.obolibrary.org/obo/RO_0002622
LIFE4POLL1495	LIFE4POLL1495-a-1001293	LIFE4POLL1495-p-1001293	visits flowers of	http://purl.obolibrary.org/obo/RO_0002622
LIFE4POLL1497	LIFE4POLL1497-a-1001294	LIFE4POLL1497-p-1001294	visits flowers of	http://purl.obolibrary.org/obo/RO_0002622
LIFE4POLL1498	LIFE4POLL1498-a-1001295	LIFE4POLL1498-p-1001295	visits flowers of	http://purl.obolibrary.org/obo/RO_0002622
LIFE4POLL1499	LIFE4POLL1499-a-1001296	LIFE4POLL1499-p-1001296	visits flowers of	http://purl.obolibrary.org/obo/RO_0002622
LIFE4POLL1500	LIFE4POLL1500-a-1001297	LIFE4POLL1500-p-1001297	visits flowers of	http://purl.obolibrary.org/obo/RO_0002622
LIFE4POLL1501	LIFE4POLL1501-a-1001298	LIFE4POLL1501-p-1001298	visits flowers of	http://purl.obolibrary.org/obo/RO_0002622
LIFE4POLL1502	LIFE4POLL1502-a-1001299	LIFE4POLL1502-p-1001299	visits flowers of	http://purl.obolibrary.org/obo/RO_0002622
LIFE4POLL1504	LIFE4POLL1504-a-1001300	LIFE4POLL1504-p-1001300	visits flowers of	http://purl.obolibrary.org/obo/RO_0002622
LIFE4POLL1505	LIFE4POLL1505-a-1001301	LIFE4POLL1505-p-1001301	visits flowers of	http://purl.obolibrary.org/obo/RO_0002622
LIFE4POLL1506	LIFE4POLL1506-a-1001302	LIFE4POLL1506-p-1001302	visits flowers of	http://purl.obolibrary.org/obo/RO_0002622
LIFE4POLL1509	LIFE4POLL1509-a-1001303	LIFE4POLL1509-p-1001303	visits flowers of	http://purl.obolibrary.org/obo/RO_0002622
LIFE4POLL1510	LIFE4POLL1510-a-1001304	LIFE4POLL1510-p-1001304	visits flowers of	http://purl.obolibrary.org/obo/RO_0002622
LIFE4POLL1511	LIFE4POLL1511-a-1001305	LIFE4POLL1511-p-1001305	visits flowers of	http://purl.obolibrary.org/obo/RO_0002622
LIFE4POLL1512	LIFE4POLL1512-a-1001306	LIFE4POLL1512-p-1001306	visits flowers of	http://purl.obolibrary.org/obo/RO_0002622
LIFE4POLL1513	LIFE4POLL1513-a-1001307	LIFE4POLL1513-p-1001307	visits flowers of	http://purl.obolibrary.org/obo/RO_0002622
LIFE4POLL1514	LIFE4POLL1514-a-1001308	LIFE4POLL1514-p-1001308	visits flowers of	http://purl.obolibrary.org/obo/RO_0002622
LIFE4POLL1515	LIFE4POLL1515-a-1001309	LIFE4POLL1515-p-1001309	visits flowers of	http://purl.obolibrary.org/obo/RO_0002622
LIFE4POLL1516	LIFE4POLL1516-a-1001310	LIFE4POLL1516-p-1001310	visits flowers of	http://purl.obolibrary.org/obo/RO_0002622
LIFE4POLL1517	LIFE4POLL1517-a-1001311	LIFE4POLL1517-p-1001311	visits flowers of	http://purl.obolibrary.org/obo/RO_0002622
LIFE4POLL1518	LIFE4POLL1518-a-1001312	LIFE4POLL1518-p-1001312	visits flowers of	http://purl.obolibrary.org/obo/RO_0002622
LIFE4POLL1519	LIFE4POLL1519-a-1001313	LIFE4POLL1519-p-1001313	visits flowers of	http://purl.obolibrary.org/obo/RO_0002622
LIFE4POLL1521	LIFE4POLL1521-a-1001314	LIFE4POLL1521-p-1001314	visits flowers of	http://purl.obolibrary.org/obo/RO_0002622
LIFE4POLL1522	LIFE4POLL1522-a-1001315	LIFE4POLL1522-p-1001315	visits flowers of	http://purl.obolibrary.org/obo/RO_0002622
LIFE4POLL1523	LIFE4POLL1523-a-1001316	LIFE4POLL1523-p-1001316	visits flowers of	http://purl.obolibrary.org/obo/RO_0002622
LIFE4POLL1524	LIFE4POLL1524-a-1001317	LIFE4POLL1524-p-1001317	visits flowers of	http://purl.obolibrary.org/obo/RO_0002622
LIFE4POLL1525	LIFE4POLL1525-a-1001318	LIFE4POLL1525-p-1001318	visits flowers of	http://purl.obolibrary.org/obo/RO_0002622
LIFE4POLL1526	LIFE4POLL1526-a-1001319	LIFE4POLL1526-p-1001319	visits flowers of	http://purl.obolibrary.org/obo/RO_0002622
LIFE4POLL1527	LIFE4POLL1527-a-1001320	LIFE4POLL1527-p-1001320	visits flowers of	http://purl.obolibrary.org/obo/RO_0002622
LIFE4POLL1528	LIFE4POLL1528-a-1001321	LIFE4POLL1528-p-1001321	visits flowers of	http://purl.obolibrary.org/obo/RO_0002622
LIFE4POLL1529	LIFE4POLL1529-a-1001322	LIFE4POLL1529-p-1001322	visits flowers of	http://purl.obolibrary.org/obo/RO_0002622
LIFE4POLL1530	LIFE4POLL1530-a-1001323	LIFE4POLL1530-p-1001323	visits flowers of	http://purl.obolibrary.org/obo/RO_0002622
LIFE4POLL1531	LIFE4POLL1531-a-1001324	LIFE4POLL1531-p-1001324	visits flowers of	http://purl.obolibrary.org/obo/RO_0002622
LIFE4POLL1532	LIFE4POLL1532-a-1001325	LIFE4POLL1532-p-1001325	visits flowers of	http://purl.obolibrary.org/obo/RO_0002622
LIFE4POLL1533	LIFE4POLL1533-a-1001326	LIFE4POLL1533-p-1001326	visits flowers of	http://purl.obolibrary.org/obo/RO_0002622
LIFE4POLL1534	LIFE4POLL1534-a-1001327	LIFE4POLL1534-p-1001327	visits flowers of	http://purl.obolibrary.org/obo/RO_0002622
LIFE4POLL1535	LIFE4POLL1535-a-1001328	LIFE4POLL1535-p-1001328	visits flowers of	http://purl.obolibrary.org/obo/RO_0002622
LIFE4POLL1536	LIFE4POLL1536-a-1001329	LIFE4POLL1536-p-1001329	visits flowers of	http://purl.obolibrary.org/obo/RO_0002622
LIFE4POLL1537	LIFE4POLL1537-a-1001330	LIFE4POLL1537-p-1001330	visits flowers of	http://purl.obolibrary.org/obo/RO_0002622
LIFE4POLL1538	LIFE4POLL1538-a-1001331	LIFE4POLL1538-p-1001331	visits flowers of	http://purl.obolibrary.org/obo/RO_0002622
LIFE4POLL1539	LIFE4POLL1539-a-1001332	LIFE4POLL1539-p-1001332	visits flowers of	http://purl.obolibrary.org/obo/RO_0002622
LIFE4POLL1540	LIFE4POLL1540-a-1001333	LIFE4POLL1540-p-1001333	visits flowers of	http://purl.obolibrary.org/obo/RO_0002622
LIFE4POLL1541	LIFE4POLL1541-a-1001334	LIFE4POLL1541-p-1001334	visits flowers of	http://purl.obolibrary.org/obo/RO_0002622
LIFE4POLL1542	LIFE4POLL1542-a-1001335	LIFE4POLL1542-p-1001335	visits flowers of	http://purl.obolibrary.org/obo/RO_0002622
LIFE4POLL1543	LIFE4POLL1543-a-1001336	LIFE4POLL1543-p-1001336	visits flowers of	http://purl.obolibrary.org/obo/RO_0002622
LIFE4POLL1544	LIFE4POLL1544-a-1001337	LIFE4POLL1544-p-1001337	visits flowers of	http://purl.obolibrary.org/obo/RO_0002622
LIFE4POLL1545	LIFE4POLL1545-a-1001338	LIFE4POLL1545-p-1001338	visits flowers of	http://purl.obolibrary.org/obo/RO_0002622
LIFE4POLL1546	LIFE4POLL1546-a-1001339	LIFE4POLL1546-p-1001339	visits flowers of	http://purl.obolibrary.org/obo/RO_0002622
LIFE4POLL1547	LIFE4POLL1547-a-1001340	LIFE4POLL1547-p-1001340	visits flowers of	http://purl.obolibrary.org/obo/RO_0002622
LIFE4POLL1548	LIFE4POLL1548-a-1001341	LIFE4POLL1548-p-1001341	visits flowers of	http://purl.obolibrary.org/obo/RO_0002622
LIFE4POLL1549	LIFE4POLL1549-a-1001342	LIFE4POLL1549-p-1001342	visits flowers of	http://purl.obolibrary.org/obo/RO_0002622
LIFE4POLL1550	LIFE4POLL1550-a-1001343	LIFE4POLL1550-p-1001343	visits flowers of	http://purl.obolibrary.org/obo/RO_0002622
LIFE4POLL1551	LIFE4POLL1551-a-1001344	LIFE4POLL1551-p-1001344	visits flowers of	http://purl.obolibrary.org/obo/RO_0002622
LIFE4POLL1552	LIFE4POLL1552-a-1001345	LIFE4POLL1552-p-1001345	visits flowers of	http://purl.obolibrary.org/obo/RO_0002622
LIFE4POLL1553	LIFE4POLL1553-a-1001346	LIFE4POLL1553-p-1001346	visits flowers of	http://purl.obolibrary.org/obo/RO_0002622
LIFE4POLL1554	LIFE4POLL1554-a-1001347	LIFE4POLL1554-p-1001347	visits flowers of	http://purl.obolibrary.org/obo/RO_0002622
LIFE4POLL1555	LIFE4POLL1555-a-1001348	LIFE4POLL1555-p-1001348	visits flowers of	http://purl.obolibrary.org/obo/RO_0002622
LIFE4POLL1556	LIFE4POLL1556-a-1001349	LIFE4POLL1556-p-1001349	visits flowers of	http://purl.obolibrary.org/obo/RO_0002622
LIFE4POLL1557	LIFE4POLL1557-a-1001350	LIFE4POLL1557-p-1001350	visits flowers of	http://purl.obolibrary.org/obo/RO_0002622
LIFE4POLL1558	LIFE4POLL1558-a-1001351	LIFE4POLL1558-p-1001351	visits flowers of	http://purl.obolibrary.org/obo/RO_0002622
LIFE4POLL1559	LIFE4POLL1559-a-1001352	LIFE4POLL1559-p-1001352	visits flowers of	http://purl.obolibrary.org/obo/RO_0002622
LIFE4POLL1560	LIFE4POLL1560-a-1001353	LIFE4POLL1560-p-1001353	visits flowers of	http://purl.obolibrary.org/obo/RO_0002622
LIFE4POLL1561	LIFE4POLL1561-a-1001354	LIFE4POLL1561-p-1001354	visits flowers of	http://purl.obolibrary.org/obo/RO_0002622
LIFE4POLL1562	LIFE4POLL1562-a-1001355	LIFE4POLL1562-p-1001355	visits flowers of	http://purl.obolibrary.org/obo/RO_0002622
LIFE4POLL1563	LIFE4POLL1563-a-1001356	LIFE4POLL1563-p-1001356	visits flowers of	http://purl.obolibrary.org/obo/RO_0002622
LIFE4POLL1564	LIFE4POLL1564-a-1001357	LIFE4POLL1564-p-1001357	visits flowers of	http://purl.obolibrary.org/obo/RO_0002622
LIFE4POLL1565	LIFE4POLL1565-a-1001358	LIFE4POLL1565-p-1001358	visits flowers of	http://purl.obolibrary.org/obo/RO_0002622
LIFE4POLL1566	LIFE4POLL1566-a-1001359	LIFE4POLL1566-p-1001359	visits flowers of	http://purl.obolibrary.org/obo/RO_0002622
LIFE4POLL1567	LIFE4POLL1567-a-1001360	LIFE4POLL1567-p-1001360	visits flowers of	http://purl.obolibrary.org/obo/RO_0002622
LIFE4POLL1568	LIFE4POLL1568-a-1001361	LIFE4POLL1568-p-1001361	visits flowers of	http://purl.obolibrary.org/obo/RO_0002622
LIFE4POLL1569	LIFE4POLL1569-a-1001362	LIFE4POLL1569-p-1001362	visits flowers of	http://purl.obolibrary.org/obo/RO_0002622
LIFE4POLL1570	LIFE4POLL1570-a-1001363	LIFE4POLL1570-p-1001363	visits flowers of	http://purl.obolibrary.org/obo/RO_0002622
LIFE4POLL1571	LIFE4POLL1571-a-1001364	LIFE4POLL1571-p-1001364	visits flowers of	http://purl.obolibrary.org/obo/RO_0002622
LIFE4POLL1572	LIFE4POLL1572-a-1001365	LIFE4POLL1572-p-1001365	visits flowers of	http://purl.obolibrary.org/obo/RO_0002622
LIFE4POLL1573	LIFE4POLL1573-a-1001366	LIFE4POLL1573-p-1001366	visits flowers of	http://purl.obolibrary.org/obo/RO_0002622
LIFE4POLL1574	LIFE4POLL1574-a-1001367	LIFE4POLL1574-p-1001367	visits flowers of	http://purl.obolibrary.org/obo/RO_0002622
LIFE4POLL1575	LIFE4POLL1575-a-1001368	LIFE4POLL1575-p-1001368	visits flowers of	http://purl.obolibrary.org/obo/RO_0002622
LIFE4POLL1576	LIFE4POLL1576-a-1001369	LIFE4POLL1576-p-1001369	visits flowers of	http://purl.obolibrary.org/obo/RO_0002622
LIFE4POLL1577	LIFE4POLL1577-a-1001370	LIFE4POLL1577-p-1001370	visits flowers of	http://purl.obolibrary.org/obo/RO_0002622
LIFE4POLL1578	LIFE4POLL1578-a-1001371	LIFE4POLL1578-p-1001371	visits flowers of	http://purl.obolibrary.org/obo/RO_0002622
LIFE4POLL1579	LIFE4POLL1579-a-1001372	LIFE4POLL1579-p-1001372	visits flowers of	http://purl.obolibrary.org/obo/RO_0002622
LIFE4POLL1580	LIFE4POLL1580-a-1001373	LIFE4POLL1580-p-1001373	visits flowers of	http://purl.obolibrary.org/obo/RO_0002622
LIFE4POLL1581	LIFE4POLL1581-a-1001374	LIFE4POLL1581-p-1001374	visits flowers of	http://purl.obolibrary.org/obo/RO_0002622
LIFE4POLL1582	LIFE4POLL1582-a-1001375	LIFE4POLL1582-p-1001375	visits flowers of	http://purl.obolibrary.org/obo/RO_0002622
LIFE4POLL1583	LIFE4POLL1583-a-1001376	LIFE4POLL1583-p-1001376	visits flowers of	http://purl.obolibrary.org/obo/RO_0002622
LIFE4POLL1584	LIFE4POLL1584-a-1001377	LIFE4POLL1584-p-1001377	visits flowers of	http://purl.obolibrary.org/obo/RO_0002622
LIFE4POLL1586	LIFE4POLL1586-a-1001378	LIFE4POLL1586-p-1001378	visits flowers of	http://purl.obolibrary.org/obo/RO_0002622
LIFE4POLL1587	LIFE4POLL1587-a-1001379	LIFE4POLL1587-p-1001379	visits flowers of	http://purl.obolibrary.org/obo/RO_0002622
LIFE4POLL1588	LIFE4POLL1588-a-1001380	LIFE4POLL1588-p-1001380	visits flowers of	http://purl.obolibrary.org/obo/RO_0002622
LIFE4POLL1589	LIFE4POLL1589-a-1001381	LIFE4POLL1589-p-1001381	visits flowers of	http://purl.obolibrary.org/obo/RO_0002622
LIFE4POLL1590	LIFE4POLL1590-a-1001382	LIFE4POLL1590-p-1001382	visits flowers of	http://purl.obolibrary.org/obo/RO_0002622
LIFE4POLL1591	LIFE4POLL1591-a-1001383	LIFE4POLL1591-p-1001383	visits flowers of	http://purl.obolibrary.org/obo/RO_0002622
LIFE4POLL1593	LIFE4POLL1593-a-1001384	LIFE4POLL1593-p-1001384	visits flowers of	http://purl.obolibrary.org/obo/RO_0002622
LIFE4POLL1594	LIFE4POLL1594-a-1001385	LIFE4POLL1594-p-1001385	visits flowers of	http://purl.obolibrary.org/obo/RO_0002622
LIFE4POLL1595	LIFE4POLL1595-a-1001386	LIFE4POLL1595-p-1001386	visits flowers of	http://purl.obolibrary.org/obo/RO_0002622
LIFE4POLL1596	LIFE4POLL1596-a-1001387	LIFE4POLL1596-p-1001387	visits flowers of	http://purl.obolibrary.org/obo/RO_0002622
LIFE4POLL1597	LIFE4POLL1597-a-1001388	LIFE4POLL1597-p-1001388	visits flowers of	http://purl.obolibrary.org/obo/RO_0002622
LIFE4POLL1598	LIFE4POLL1598-a-1001389	LIFE4POLL1598-p-1001389	visits flowers of	http://purl.obolibrary.org/obo/RO_0002622
LIFE4POLL1599	LIFE4POLL1599-a-1001390	LIFE4POLL1599-p-1001390	visits flowers of	http://purl.obolibrary.org/obo/RO_0002622
LIFE4POLL1600	LIFE4POLL1600-a-1001391	LIFE4POLL1600-p-1001391	visits flowers of	http://purl.obolibrary.org/obo/RO_0002622
LIFE4POLL1601	LIFE4POLL1601-a-1001392	LIFE4POLL1601-p-1001392	visits flowers of	http://purl.obolibrary.org/obo/RO_0002622
LIFE4POLL1602	LIFE4POLL1602-a-1001393	LIFE4POLL1602-p-1001393	visits flowers of	http://purl.obolibrary.org/obo/RO_0002622
LIFE4POLL1603	LIFE4POLL1603-a-1001394	LIFE4POLL1603-p-1001394	visits flowers of	http://purl.obolibrary.org/obo/RO_0002622
LIFE4POLL1604	LIFE4POLL1604-a-1001395	LIFE4POLL1604-p-1001395	visits flowers of	http://purl.obolibrary.org/obo/RO_0002622
LIFE4POLL1605	LIFE4POLL1605-a-1001396	LIFE4POLL1605-p-1001396	visits flowers of	http://purl.obolibrary.org/obo/RO_0002622
LIFE4POLL1606	LIFE4POLL1606-a-1001397	LIFE4POLL1606-p-1001397	visits flowers of	http://purl.obolibrary.org/obo/RO_0002622
LIFE4POLL1607	LIFE4POLL1607-a-1001398	LIFE4POLL1607-p-1001398	visits flowers of	http://purl.obolibrary.org/obo/RO_0002622
LIFE4POLL1608	LIFE4POLL1608-a-1001399	LIFE4POLL1608-p-1001399	visits flowers of	http://purl.obolibrary.org/obo/RO_0002622
LIFE4POLL1609	LIFE4POLL1609-a-1001400	LIFE4POLL1609-p-1001400	visits flowers of	http://purl.obolibrary.org/obo/RO_0002622
LIFE4POLL1611	LIFE4POLL1611-a-1001401	LIFE4POLL1611-p-1001401	visits flowers of	http://purl.obolibrary.org/obo/RO_0002622
LIFE4POLL1612	LIFE4POLL1612-a-1001402	LIFE4POLL1612-p-1001402	visits flowers of	http://purl.obolibrary.org/obo/RO_0002622
LIFE4POLL1614	LIFE4POLL1614-a-1001403	LIFE4POLL1614-p-1001403	visits flowers of	http://purl.obolibrary.org/obo/RO_0002622
LIFE4POLL1615	LIFE4POLL1615-a-1001404	LIFE4POLL1615-p-1001404	visits flowers of	http://purl.obolibrary.org/obo/RO_0002622
LIFE4POLL1616	LIFE4POLL1616-a-1001405	LIFE4POLL1616-p-1001405	visits flowers of	http://purl.obolibrary.org/obo/RO_0002622
LIFE4POLL1618	LIFE4POLL1618-a-1001406	LIFE4POLL1618-p-1001406	visits flowers of	http://purl.obolibrary.org/obo/RO_0002622
LIFE4POLL1619	LIFE4POLL1619-a-1001407	LIFE4POLL1619-p-1001407	visits flowers of	http://purl.obolibrary.org/obo/RO_0002622
LIFE4POLL1620	LIFE4POLL1620-a-1001408	LIFE4POLL1620-p-1001408	visits flowers of	http://purl.obolibrary.org/obo/RO_0002622
LIFE4POLL1621	LIFE4POLL1621-a-1001409	LIFE4POLL1621-p-1001409	visits flowers of	http://purl.obolibrary.org/obo/RO_0002622
LIFE4POLL1622	LIFE4POLL1622-a-1001410	LIFE4POLL1622-p-1001410	visits flowers of	http://purl.obolibrary.org/obo/RO_0002622
LIFE4POLL1623	LIFE4POLL1623-a-1001411	LIFE4POLL1623-p-1001411	visits flowers of	http://purl.obolibrary.org/obo/RO_0002622
LIFE4POLL1624	LIFE4POLL1624-a-1001412	LIFE4POLL1624-p-1001412	visits flowers of	http://purl.obolibrary.org/obo/RO_0002622
LIFE4POLL1625	LIFE4POLL1625-a-1001413	LIFE4POLL1625-p-1001413	visits flowers of	http://purl.obolibrary.org/obo/RO_0002622
LIFE4POLL1627	LIFE4POLL1627-a-1001414	LIFE4POLL1627-p-1001414	visits flowers of	http://purl.obolibrary.org/obo/RO_0002622
LIFE4POLL1628	LIFE4POLL1628-a-1001415	LIFE4POLL1628-p-1001415	visits flowers of	http://purl.obolibrary.org/obo/RO_0002622
LIFE4POLL1629	LIFE4POLL1629-a-1001416	LIFE4POLL1629-p-1001416	visits flowers of	http://purl.obolibrary.org/obo/RO_0002622
LIFE4POLL1630	LIFE4POLL1630-a-1001417	LIFE4POLL1630-p-1001417	visits flowers of	http://purl.obolibrary.org/obo/RO_0002622
LIFE4POLL1631	LIFE4POLL1631-a-1001418	LIFE4POLL1631-p-1001418	visits flowers of	http://purl.obolibrary.org/obo/RO_0002622
LIFE4POLL1632	LIFE4POLL1632-a-1001419	LIFE4POLL1632-p-1001419	visits flowers of	http://purl.obolibrary.org/obo/RO_0002622
LIFE4POLL1633	LIFE4POLL1633-a-1001420	LIFE4POLL1633-p-1001420	visits flowers of	http://purl.obolibrary.org/obo/RO_0002622
LIFE4POLL1634	LIFE4POLL1634-a-1001421	LIFE4POLL1634-p-1001421	visits flowers of	http://purl.obolibrary.org/obo/RO_0002622
LIFE4POLL1635	LIFE4POLL1635-a-1001422	LIFE4POLL1635-p-1001422	visits flowers of	http://purl.obolibrary.org/obo/RO_0002622
LIFE4POLL1636	LIFE4POLL1636-a-1001423	LIFE4POLL1636-p-1001423	visits flowers of	http://purl.obolibrary.org/obo/RO_0002622
LIFE4POLL1637	LIFE4POLL1637-a-1001424	LIFE4POLL1637-p-1001424	visits flowers of	http://purl.obolibrary.org/obo/RO_0002622
LIFE4POLL1638	LIFE4POLL1638-a-1001425	LIFE4POLL1638-p-1001425	visits flowers of	http://purl.obolibrary.org/obo/RO_0002622
LIFE4POLL1639	LIFE4POLL1639-a-1001426	LIFE4POLL1639-p-1001426	visits flowers of	http://purl.obolibrary.org/obo/RO_0002622
LIFE4POLL1640	LIFE4POLL1640-a-1001427	LIFE4POLL1640-p-1001427	visits flowers of	http://purl.obolibrary.org/obo/RO_0002622
LIFE4POLL1641	LIFE4POLL1641-a-1001428	LIFE4POLL1641-p-1001428	visits flowers of	http://purl.obolibrary.org/obo/RO_0002622
LIFE4POLL1642	LIFE4POLL1642-a-1001429	LIFE4POLL1642-p-1001429	visits flowers of	http://purl.obolibrary.org/obo/RO_0002622
LIFE4POLL1644	LIFE4POLL1644-a-1001430	LIFE4POLL1644-p-1001430	visits flowers of	http://purl.obolibrary.org/obo/RO_0002622
LIFE4POLL1645	LIFE4POLL1645-a-1001431	LIFE4POLL1645-p-1001431	visits flowers of	http://purl.obolibrary.org/obo/RO_0002622
LIFE4POLL1646	LIFE4POLL1646-a-1001432	LIFE4POLL1646-p-1001432	visits flowers of	http://purl.obolibrary.org/obo/RO_0002622
LIFE4POLL1648	LIFE4POLL1648-a-1001433	LIFE4POLL1648-p-1001433	visits flowers of	http://purl.obolibrary.org/obo/RO_0002622
LIFE4POLL1649	LIFE4POLL1649-a-1001434	LIFE4POLL1649-p-1001434	visits flowers of	http://purl.obolibrary.org/obo/RO_0002622
LIFE4POLL1651	LIFE4POLL1651-a-1001435	LIFE4POLL1651-p-1001435	visits flowers of	http://purl.obolibrary.org/obo/RO_0002622
LIFE4POLL1652	LIFE4POLL1652-a-1001436	LIFE4POLL1652-p-1001436	visits flowers of	http://purl.obolibrary.org/obo/RO_0002622
LIFE4POLL1653	LIFE4POLL1653-a-1001437	LIFE4POLL1653-p-1001437	visits flowers of	http://purl.obolibrary.org/obo/RO_0002622
LIFE4POLL1654	LIFE4POLL1654-a-1001438	LIFE4POLL1654-p-1001438	visits flowers of	http://purl.obolibrary.org/obo/RO_0002622
LIFE4POLL1655	LIFE4POLL1655-a-1001439	LIFE4POLL1655-p-1001439	visits flowers of	http://purl.obolibrary.org/obo/RO_0002622
LIFE4POLL1656	LIFE4POLL1656-a-1001440	LIFE4POLL1656-p-1001440	visits flowers of	http://purl.obolibrary.org/obo/RO_0002622
LIFE4POLL1657	LIFE4POLL1657-a-1001441	LIFE4POLL1657-p-1001441	visits flowers of	http://purl.obolibrary.org/obo/RO_0002622
LIFE4POLL1658	LIFE4POLL1658-a-1001442	LIFE4POLL1658-p-1001442	visits flowers of	http://purl.obolibrary.org/obo/RO_0002622
LIFE4POLL1659	LIFE4POLL1659-a-1001443	LIFE4POLL1659-p-1001443	visits flowers of	http://purl.obolibrary.org/obo/RO_0002622
LIFE4POLL1660	LIFE4POLL1660-a-1001444	LIFE4POLL1660-p-1001444	visits flowers of	http://purl.obolibrary.org/obo/RO_0002622
LIFE4POLL1661	LIFE4POLL1661-a-1001445	LIFE4POLL1661-p-1001445	visits flowers of	http://purl.obolibrary.org/obo/RO_0002622
LIFE4POLL1662	LIFE4POLL1662-a-1001446	LIFE4POLL1662-p-1001446	visits flowers of	http://purl.obolibrary.org/obo/RO_0002622
LIFE4POLL1663	LIFE4POLL1663-a-1001447	LIFE4POLL1663-p-1001447	visits flowers of	http://purl.obolibrary.org/obo/RO_0002622
LIFE4POLL1664	LIFE4POLL1664-a-1001448	LIFE4POLL1664-p-1001448	visits flowers of	http://purl.obolibrary.org/obo/RO_0002622
LIFE4POLL1665	LIFE4POLL1665-a-1001449	LIFE4POLL1665-p-1001449	visits flowers of	http://purl.obolibrary.org/obo/RO_0002622
LIFE4POLL1666	LIFE4POLL1666-a-1001450	LIFE4POLL1666-p-1001450	visits flowers of	http://purl.obolibrary.org/obo/RO_0002622
LIFE4POLL1667	LIFE4POLL1667-a-1001451	LIFE4POLL1667-p-1001451	visits flowers of	http://purl.obolibrary.org/obo/RO_0002622
LIFE4POLL1668	LIFE4POLL1668-a-1001452	LIFE4POLL1668-p-1001452	visits flowers of	http://purl.obolibrary.org/obo/RO_0002622
LIFE4POLL1669	LIFE4POLL1669-a-1001453	LIFE4POLL1669-p-1001453	visits flowers of	http://purl.obolibrary.org/obo/RO_0002622
LIFE4POLL1670	LIFE4POLL1670-a-1001454	LIFE4POLL1670-p-1001454	visits flowers of	http://purl.obolibrary.org/obo/RO_0002622
LIFE4POLL1671	LIFE4POLL1671-a-1001455	LIFE4POLL1671-p-1001455	visits flowers of	http://purl.obolibrary.org/obo/RO_0002622
LIFE4POLL1672	LIFE4POLL1672-a-1001456	LIFE4POLL1672-p-1001456	visits flowers of	http://purl.obolibrary.org/obo/RO_0002622
LIFE4POLL1673	LIFE4POLL1673-a-1001457	LIFE4POLL1673-p-1001457	visits flowers of	http://purl.obolibrary.org/obo/RO_0002622
LIFE4POLL1674	LIFE4POLL1674-a-1001458	LIFE4POLL1674-p-1001458	visits flowers of	http://purl.obolibrary.org/obo/RO_0002622
LIFE4POLL1675	LIFE4POLL1675-a-1001459	LIFE4POLL1675-p-1001459	visits flowers of	http://purl.obolibrary.org/obo/RO_0002622
LIFE4POLL1676	LIFE4POLL1676-a-1001460	LIFE4POLL1676-p-1001460	visits flowers of	http://purl.obolibrary.org/obo/RO_0002622
LIFE4POLL1677	LIFE4POLL1677-a-1001461	LIFE4POLL1677-p-1001461	visits flowers of	http://purl.obolibrary.org/obo/RO_0002622
LIFE4POLL1678	LIFE4POLL1678-a-1001462	LIFE4POLL1678-p-1001462	visits flowers of	http://purl.obolibrary.org/obo/RO_0002622
LIFE4POLL1679	LIFE4POLL1679-a-1001463	LIFE4POLL1679-p-1001463	visits flowers of	http://purl.obolibrary.org/obo/RO_0002622
LIFE4POLL1680	LIFE4POLL1680-a-1001464	LIFE4POLL1680-p-1001464	visits flowers of	http://purl.obolibrary.org/obo/RO_0002622
LIFE4POLL1681	LIFE4POLL1681-a-1001465	LIFE4POLL1681-p-1001465	visits flowers of	http://purl.obolibrary.org/obo/RO_0002622
LIFE4POLL1682	LIFE4POLL1682-a-1001466	LIFE4POLL1682-p-1001466	visits flowers of	http://purl.obolibrary.org/obo/RO_0002622
LIFE4POLL1683	LIFE4POLL1683-a-1001467	LIFE4POLL1683-p-1001467	visits flowers of	http://purl.obolibrary.org/obo/RO_0002622
LIFE4POLL1684	LIFE4POLL1684-a-1001468	LIFE4POLL1684-p-1001468	visits flowers of	http://purl.obolibrary.org/obo/RO_0002622
LIFE4POLL1685	LIFE4POLL1685-a-1001469	LIFE4POLL1685-p-1001469	visits flowers of	http://purl.obolibrary.org/obo/RO_0002622
LIFE4POLL1686	LIFE4POLL1686-a-1001470	LIFE4POLL1686-p-1001470	visits flowers of	http://purl.obolibrary.org/obo/RO_0002622
LIFE4POLL1687	LIFE4POLL1687-a-1001471	LIFE4POLL1687-p-1001471	visits flowers of	http://purl.obolibrary.org/obo/RO_0002622
LIFE4POLL1688	LIFE4POLL1688-a-1001472	LIFE4POLL1688-p-1001472	visits flowers of	http://purl.obolibrary.org/obo/RO_0002622
LIFE4POLL1689	LIFE4POLL1689-a-1001473	LIFE4POLL1689-p-1001473	visits flowers of	http://purl.obolibrary.org/obo/RO_0002622
LIFE4POLL1690	LIFE4POLL1690-a-1001474	LIFE4POLL1690-p-1001474	visits flowers of	http://purl.obolibrary.org/obo/RO_0002622
LIFE4POLL1691	LIFE4POLL1691-a-1001475	LIFE4POLL1691-p-1001475	visits flowers of	http://purl.obolibrary.org/obo/RO_0002622
LIFE4POLL1692	LIFE4POLL1692-a-1001476	LIFE4POLL1692-p-1001476	visits flowers of	http://purl.obolibrary.org/obo/RO_0002622
LIFE4POLL1693	LIFE4POLL1693-a-1001477	LIFE4POLL1693-p-1001477	visits flowers of	http://purl.obolibrary.org/obo/RO_0002622
LIFE4POLL1694	LIFE4POLL1694-a-1001478	LIFE4POLL1694-p-1001478	visits flowers of	http://purl.obolibrary.org/obo/RO_0002622
LIFE4POLL1695	LIFE4POLL1695-a-1001479	LIFE4POLL1695-p-1001479	visits flowers of	http://purl.obolibrary.org/obo/RO_0002622
LIFE4POLL1696	LIFE4POLL1696-a-1001480	LIFE4POLL1696-p-1001480	visits flowers of	http://purl.obolibrary.org/obo/RO_0002622
LIFE4POLL1697	LIFE4POLL1697-a-1001481	LIFE4POLL1697-p-1001481	visits flowers of	http://purl.obolibrary.org/obo/RO_0002622
LIFE4POLL1698	LIFE4POLL1698-a-1001482	LIFE4POLL1698-p-1001482	visits flowers of	http://purl.obolibrary.org/obo/RO_0002622
LIFE4POLL1699	LIFE4POLL1699-a-1001483	LIFE4POLL1699-p-1001483	visits flowers of	http://purl.obolibrary.org/obo/RO_0002622
LIFE4POLL1700	LIFE4POLL1700-a-1001484	LIFE4POLL1700-p-1001484	visits flowers of	http://purl.obolibrary.org/obo/RO_0002622
LIFE4POLL1701	LIFE4POLL1701-a-1001485	LIFE4POLL1701-p-1001485	visits flowers of	http://purl.obolibrary.org/obo/RO_0002622
LIFE4POLL1702	LIFE4POLL1702-a-1001486	LIFE4POLL1702-p-1001486	visits flowers of	http://purl.obolibrary.org/obo/RO_0002622
LIFE4POLL1703	LIFE4POLL1703-a-1001487	LIFE4POLL1703-p-1001487	visits flowers of	http://purl.obolibrary.org/obo/RO_0002622
LIFE4POLL1704	LIFE4POLL1704-a-1001488	LIFE4POLL1704-p-1001488	visits flowers of	http://purl.obolibrary.org/obo/RO_0002622
LIFE4POLL1705	LIFE4POLL1705-a-1001489	LIFE4POLL1705-p-1001489	visits flowers of	http://purl.obolibrary.org/obo/RO_0002622
LIFE4POLL1706	LIFE4POLL1706-a-1001490	LIFE4POLL1706-p-1001490	visits flowers of	http://purl.obolibrary.org/obo/RO_0002622
LIFE4POLL1707	LIFE4POLL1707-a-1001491	LIFE4POLL1707-p-1001491	visits flowers of	http://purl.obolibrary.org/obo/RO_0002622
LIFE4POLL1709	LIFE4POLL1709-a-1001492	LIFE4POLL1709-p-1001492	visits flowers of	http://purl.obolibrary.org/obo/RO_0002622
LIFE4POLL1710	LIFE4POLL1710-a-1001493	LIFE4POLL1710-p-1001493	visits flowers of	http://purl.obolibrary.org/obo/RO_0002622
LIFE4POLL1711	LIFE4POLL1711-a-1001494	LIFE4POLL1711-p-1001494	visits flowers of	http://purl.obolibrary.org/obo/RO_0002622
LIFE4POLL1716	LIFE4POLL1716-a-1001495	LIFE4POLL1716-p-1001495	visits flowers of	http://purl.obolibrary.org/obo/RO_0002622
LIFE4POLL1717	LIFE4POLL1717-a-1001496	LIFE4POLL1717-p-1001496	visits flowers of	http://purl.obolibrary.org/obo/RO_0002622
LIFE4POLL1718	LIFE4POLL1718-a-1001497	LIFE4POLL1718-p-1001497	visits flowers of	http://purl.obolibrary.org/obo/RO_0002622
LIFE4POLL1719	LIFE4POLL1719-a-1001498	LIFE4POLL1719-p-1001498	visits flowers of	http://purl.obolibrary.org/obo/RO_0002622
LIFE4POLL1720	LIFE4POLL1720-a-1001499	LIFE4POLL1720-p-1001499	visits flowers of	http://purl.obolibrary.org/obo/RO_0002622
LIFE4POLL1723	LIFE4POLL1723-a-1001500	LIFE4POLL1723-p-1001500	visits flowers of	http://purl.obolibrary.org/obo/RO_0002622
LIFE4POLL1724	LIFE4POLL1724-a-1001501	LIFE4POLL1724-p-1001501	visits flowers of	http://purl.obolibrary.org/obo/RO_0002622
LIFE4POLL1725	LIFE4POLL1725-a-1001502	LIFE4POLL1725-p-1001502	visits flowers of	http://purl.obolibrary.org/obo/RO_0002622
LIFE4POLL1726	LIFE4POLL1726-a-1001503	LIFE4POLL1726-p-1001503	visits flowers of	http://purl.obolibrary.org/obo/RO_0002622
LIFE4POLL1727	LIFE4POLL1727-a-1001504	LIFE4POLL1727-p-1001504	visits flowers of	http://purl.obolibrary.org/obo/RO_0002622
LIFE4POLL1728	LIFE4POLL1728-a-1001505	LIFE4POLL1728-p-1001505	visits flowers of	http://purl.obolibrary.org/obo/RO_0002622
LIFE4POLL1729	LIFE4POLL1729-a-1001506	LIFE4POLL1729-p-1001506	visits flowers of	http://purl.obolibrary.org/obo/RO_0002622
LIFE4POLL1730	LIFE4POLL1730-a-1001507	LIFE4POLL1730-p-1001507	visits flowers of	http://purl.obolibrary.org/obo/RO_0002622
LIFE4POLL1731	LIFE4POLL1731-a-1001508	LIFE4POLL1731-p-1001508	visits flowers of	http://purl.obolibrary.org/obo/RO_0002622
LIFE4POLL1732	LIFE4POLL1732-a-1001509	LIFE4POLL1732-p-1001509	visits flowers of	http://purl.obolibrary.org/obo/RO_0002622
LIFE4POLL1733	LIFE4POLL1733-a-1001510	LIFE4POLL1733-p-1001510	visits flowers of	http://purl.obolibrary.org/obo/RO_0002622
LIFE4POLL1734	LIFE4POLL1734-a-1001511	LIFE4POLL1734-p-1001511	visits flowers of	http://purl.obolibrary.org/obo/RO_0002622
LIFE4POLL1735	LIFE4POLL1735-a-1001512	LIFE4POLL1735-p-1001512	visits flowers of	http://purl.obolibrary.org/obo/RO_0002622
LIFE4POLL1738	LIFE4POLL1738-a-1001513	LIFE4POLL1738-p-1001513	visits flowers of	http://purl.obolibrary.org/obo/RO_0002622
LIFE4POLL1739	LIFE4POLL1739-a-1001514	LIFE4POLL1739-p-1001514	visits flowers of	http://purl.obolibrary.org/obo/RO_0002622
LIFE4POLL1740	LIFE4POLL1740-a-1001515	LIFE4POLL1740-p-1001515	visits flowers of	http://purl.obolibrary.org/obo/RO_0002622
LIFE4POLL1741	LIFE4POLL1741-a-1001516	LIFE4POLL1741-p-1001516	visits flowers of	http://purl.obolibrary.org/obo/RO_0002622
LIFE4POLL1742	LIFE4POLL1742-a-1001517	LIFE4POLL1742-p-1001517	visits flowers of	http://purl.obolibrary.org/obo/RO_0002622
LIFE4POLL1744	LIFE4POLL1744-a-1001518	LIFE4POLL1744-p-1001518	visits flowers of	http://purl.obolibrary.org/obo/RO_0002622
LIFE4POLL1745	LIFE4POLL1745-a-1001519	LIFE4POLL1745-p-1001519	visits flowers of	http://purl.obolibrary.org/obo/RO_0002622
LIFE4POLL1746	LIFE4POLL1746-a-1001520	LIFE4POLL1746-p-1001520	visits flowers of	http://purl.obolibrary.org/obo/RO_0002622
LIFE4POLL1747	LIFE4POLL1747-a-1001521	LIFE4POLL1747-p-1001521	visits flowers of	http://purl.obolibrary.org/obo/RO_0002622
LIFE4POLL1748	LIFE4POLL1748-a-1001522	LIFE4POLL1748-p-1001522	visits flowers of	http://purl.obolibrary.org/obo/RO_0002622
LIFE4POLL1749	LIFE4POLL1749-a-1001523	LIFE4POLL1749-p-1001523	visits flowers of	http://purl.obolibrary.org/obo/RO_0002622
LIFE4POLL1750	LIFE4POLL1750-a-1001524	LIFE4POLL1750-p-1001524	visits flowers of	http://purl.obolibrary.org/obo/RO_0002622
LIFE4POLL1751	LIFE4POLL1751-a-1001525	LIFE4POLL1751-p-1001525	visits flowers of	http://purl.obolibrary.org/obo/RO_0002622
LIFE4POLL1752	LIFE4POLL1752-a-1001526	LIFE4POLL1752-p-1001526	visits flowers of	http://purl.obolibrary.org/obo/RO_0002622
LIFE4POLL1753	LIFE4POLL1753-a-1001527	LIFE4POLL1753-p-1001527	visits flowers of	http://purl.obolibrary.org/obo/RO_0002622
LIFE4POLL1754	LIFE4POLL1754-a-1001528	LIFE4POLL1754-p-1001528	visits flowers of	http://purl.obolibrary.org/obo/RO_0002622
LIFE4POLL1755	LIFE4POLL1755-a-1001529	LIFE4POLL1755-p-1001529	visits flowers of	http://purl.obolibrary.org/obo/RO_0002622
LIFE4POLL1756	LIFE4POLL1756-a-1001530	LIFE4POLL1756-p-1001530	visits flowers of	http://purl.obolibrary.org/obo/RO_0002622
LIFE4POLL1757	LIFE4POLL1757-a-1001531	LIFE4POLL1757-p-1001531	visits flowers of	http://purl.obolibrary.org/obo/RO_0002622
LIFE4POLL1758	LIFE4POLL1758-a-1001532	LIFE4POLL1758-p-1001532	visits flowers of	http://purl.obolibrary.org/obo/RO_0002622
LIFE4POLL1759	LIFE4POLL1759-a-1001533	LIFE4POLL1759-p-1001533	visits flowers of	http://purl.obolibrary.org/obo/RO_0002622
LIFE4POLL1760	LIFE4POLL1760-a-1001534	LIFE4POLL1760-p-1001534	visits flowers of	http://purl.obolibrary.org/obo/RO_0002622
LIFE4POLL1761	LIFE4POLL1761-a-1001535	LIFE4POLL1761-p-1001535	visits flowers of	http://purl.obolibrary.org/obo/RO_0002622
LIFE4POLL1762	LIFE4POLL1762-a-1001536	LIFE4POLL1762-p-1001536	visits flowers of	http://purl.obolibrary.org/obo/RO_0002622
LIFE4POLL1763	LIFE4POLL1763-a-1001537	LIFE4POLL1763-p-1001537	visits flowers of	http://purl.obolibrary.org/obo/RO_0002622
LIFE4POLL1764	LIFE4POLL1764-a-1001538	LIFE4POLL1764-p-1001538	visits flowers of	http://purl.obolibrary.org/obo/RO_0002622
LIFE4POLL1765	LIFE4POLL1765-a-1001539	LIFE4POLL1765-p-1001539	visits flowers of	http://purl.obolibrary.org/obo/RO_0002622
LIFE4POLL1766	LIFE4POLL1766-a-1001540	LIFE4POLL1766-p-1001540	visits flowers of	http://purl.obolibrary.org/obo/RO_0002622
LIFE4POLL1767	LIFE4POLL1767-a-1001541	LIFE4POLL1767-p-1001541	visits flowers of	http://purl.obolibrary.org/obo/RO_0002622
LIFE4POLL1768	LIFE4POLL1768-a-1001542	LIFE4POLL1768-p-1001542	visits flowers of	http://purl.obolibrary.org/obo/RO_0002622
LIFE4POLL1769	LIFE4POLL1769-a-1001543	LIFE4POLL1769-p-1001543	visits flowers of	http://purl.obolibrary.org/obo/RO_0002622
LIFE4POLL1770	LIFE4POLL1770-a-1001544	LIFE4POLL1770-p-1001544	visits flowers of	http://purl.obolibrary.org/obo/RO_0002622
LIFE4POLL1771	LIFE4POLL1771-a-1001545	LIFE4POLL1771-p-1001545	visits flowers of	http://purl.obolibrary.org/obo/RO_0002622
LIFE4POLL1772	LIFE4POLL1772-a-1001546	LIFE4POLL1772-p-1001546	visits flowers of	http://purl.obolibrary.org/obo/RO_0002622
LIFE4POLL1773	LIFE4POLL1773-a-1001547	LIFE4POLL1773-p-1001547	visits flowers of	http://purl.obolibrary.org/obo/RO_0002622
LIFE4POLL1774	LIFE4POLL1774-a-1001548	LIFE4POLL1774-p-1001548	visits flowers of	http://purl.obolibrary.org/obo/RO_0002622
LIFE4POLL1776	LIFE4POLL1776-a-1001549	LIFE4POLL1776-p-1001549	visits flowers of	http://purl.obolibrary.org/obo/RO_0002622
LIFE4POLL1777	LIFE4POLL1777-a-1001550	LIFE4POLL1777-p-1001550	visits flowers of	http://purl.obolibrary.org/obo/RO_0002622
LIFE4POLL1779	LIFE4POLL1779-a-1001551	LIFE4POLL1779-p-1001551	visits flowers of	http://purl.obolibrary.org/obo/RO_0002622
LIFE4POLL1780	LIFE4POLL1780-a-1001552	LIFE4POLL1780-p-1001552	visits flowers of	http://purl.obolibrary.org/obo/RO_0002622
LIFE4POLL1781	LIFE4POLL1781-a-1001553	LIFE4POLL1781-p-1001553	visits flowers of	http://purl.obolibrary.org/obo/RO_0002622
LIFE4POLL1782	LIFE4POLL1782-a-1001554	LIFE4POLL1782-p-1001554	visits flowers of	http://purl.obolibrary.org/obo/RO_0002622
LIFE4POLL1783	LIFE4POLL1783-a-1001555	LIFE4POLL1783-p-1001555	visits flowers of	http://purl.obolibrary.org/obo/RO_0002622
LIFE4POLL1784	LIFE4POLL1784-a-1001556	LIFE4POLL1784-p-1001556	visits flowers of	http://purl.obolibrary.org/obo/RO_0002622
LIFE4POLL1785	LIFE4POLL1785-a-1001557	LIFE4POLL1785-p-1001557	visits flowers of	http://purl.obolibrary.org/obo/RO_0002622
LIFE4POLL1786	LIFE4POLL1786-a-1001558	LIFE4POLL1786-p-1001558	visits flowers of	http://purl.obolibrary.org/obo/RO_0002622
LIFE4POLL1787	LIFE4POLL1787-a-1001559	LIFE4POLL1787-p-1001559	visits flowers of	http://purl.obolibrary.org/obo/RO_0002622
LIFE4POLL1788	LIFE4POLL1788-a-1001560	LIFE4POLL1788-p-1001560	visits flowers of	http://purl.obolibrary.org/obo/RO_0002622
LIFE4POLL1789	LIFE4POLL1789-a-1001561	LIFE4POLL1789-p-1001561	visits flowers of	http://purl.obolibrary.org/obo/RO_0002622
LIFE4POLL1790	LIFE4POLL1790-a-1001562	LIFE4POLL1790-p-1001562	visits flowers of	http://purl.obolibrary.org/obo/RO_0002622
LIFE4POLL1791	LIFE4POLL1791-a-1001563	LIFE4POLL1791-p-1001563	visits flowers of	http://purl.obolibrary.org/obo/RO_0002622
LIFE4POLL1792	LIFE4POLL1792-a-1001564	LIFE4POLL1792-p-1001564	visits flowers of	http://purl.obolibrary.org/obo/RO_0002622
LIFE4POLL1793	LIFE4POLL1793-a-1001565	LIFE4POLL1793-p-1001565	visits flowers of	http://purl.obolibrary.org/obo/RO_0002622
LIFE4POLL1794	LIFE4POLL1794-a-1001566	LIFE4POLL1794-p-1001566	visits flowers of	http://purl.obolibrary.org/obo/RO_0002622
LIFE4POLL1795	LIFE4POLL1795-a-1001567	LIFE4POLL1795-p-1001567	visits flowers of	http://purl.obolibrary.org/obo/RO_0002622
LIFE4POLL1796	LIFE4POLL1796-a-1001568	LIFE4POLL1796-p-1001568	visits flowers of	http://purl.obolibrary.org/obo/RO_0002622
LIFE4POLL1797	LIFE4POLL1797-a-1001569	LIFE4POLL1797-p-1001569	visits flowers of	http://purl.obolibrary.org/obo/RO_0002622
LIFE4POLL1798	LIFE4POLL1798-a-1001570	LIFE4POLL1798-p-1001570	visits flowers of	http://purl.obolibrary.org/obo/RO_0002622
LIFE4POLL1799	LIFE4POLL1799-a-1001571	LIFE4POLL1799-p-1001571	visits flowers of	http://purl.obolibrary.org/obo/RO_0002622
LIFE4POLL1801	LIFE4POLL1801-a-1001572	LIFE4POLL1801-p-1001572	visits flowers of	http://purl.obolibrary.org/obo/RO_0002622
LIFE4POLL1802	LIFE4POLL1802-a-1001573	LIFE4POLL1802-p-1001573	visits flowers of	http://purl.obolibrary.org/obo/RO_0002622
LIFE4POLL1803	LIFE4POLL1803-a-1001574	LIFE4POLL1803-p-1001574	visits flowers of	http://purl.obolibrary.org/obo/RO_0002622
LIFE4POLL1804	LIFE4POLL1804-a-1001575	LIFE4POLL1804-p-1001575	visits flowers of	http://purl.obolibrary.org/obo/RO_0002622
LIFE4POLL1805	LIFE4POLL1805-a-1001576	LIFE4POLL1805-p-1001576	visits flowers of	http://purl.obolibrary.org/obo/RO_0002622
LIFE4POLL1806	LIFE4POLL1806-a-1001577	LIFE4POLL1806-p-1001577	visits flowers of	http://purl.obolibrary.org/obo/RO_0002622
LIFE4POLL1807	LIFE4POLL1807-a-1001578	LIFE4POLL1807-p-1001578	visits flowers of	http://purl.obolibrary.org/obo/RO_0002622
LIFE4POLL1808	LIFE4POLL1808-a-1001579	LIFE4POLL1808-p-1001579	visits flowers of	http://purl.obolibrary.org/obo/RO_0002622
LIFE4POLL1809	LIFE4POLL1809-a-1001580	LIFE4POLL1809-p-1001580	visits flowers of	http://purl.obolibrary.org/obo/RO_0002622
LIFE4POLL1810	LIFE4POLL1810-a-1001581	LIFE4POLL1810-p-1001581	visits flowers of	http://purl.obolibrary.org/obo/RO_0002622
LIFE4POLL1811	LIFE4POLL1811-a-1001582	LIFE4POLL1811-p-1001582	visits flowers of	http://purl.obolibrary.org/obo/RO_0002622
LIFE4POLL1812	LIFE4POLL1812-a-1001583	LIFE4POLL1812-p-1001583	visits flowers of	http://purl.obolibrary.org/obo/RO_0002622
LIFE4POLL1813	LIFE4POLL1813-a-1001584	LIFE4POLL1813-p-1001584	visits flowers of	http://purl.obolibrary.org/obo/RO_0002622
LIFE4POLL1814	LIFE4POLL1814-a-1001585	LIFE4POLL1814-p-1001585	visits flowers of	http://purl.obolibrary.org/obo/RO_0002622
LIFE4POLL1815	LIFE4POLL1815-a-1001586	LIFE4POLL1815-p-1001586	visits flowers of	http://purl.obolibrary.org/obo/RO_0002622
LIFE4POLL1816	LIFE4POLL1816-a-1001587	LIFE4POLL1816-p-1001587	visits flowers of	http://purl.obolibrary.org/obo/RO_0002622
LIFE4POLL1817	LIFE4POLL1817-a-1001588	LIFE4POLL1817-p-1001588	visits flowers of	http://purl.obolibrary.org/obo/RO_0002622
LIFE4POLL1818	LIFE4POLL1818-a-1001589	LIFE4POLL1818-p-1001589	visits flowers of	http://purl.obolibrary.org/obo/RO_0002622
LIFE4POLL1820	LIFE4POLL1820-a-1001590	LIFE4POLL1820-p-1001590	visits flowers of	http://purl.obolibrary.org/obo/RO_0002622
LIFE4POLL1823	LIFE4POLL1823-a-1001591	LIFE4POLL1823-p-1001591	visits flowers of	http://purl.obolibrary.org/obo/RO_0002622
LIFE4POLL1825	LIFE4POLL1825-a-1001592	LIFE4POLL1825-p-1001592	visits flowers of	http://purl.obolibrary.org/obo/RO_0002622
LIFE4POLL1826	LIFE4POLL1826-a-1001593	LIFE4POLL1826-p-1001593	visits flowers of	http://purl.obolibrary.org/obo/RO_0002622
LIFE4POLL1827	LIFE4POLL1827-a-1001594	LIFE4POLL1827-p-1001594	visits flowers of	http://purl.obolibrary.org/obo/RO_0002622
LIFE4POLL1828	LIFE4POLL1828-a-1001595	LIFE4POLL1828-p-1001595	visits flowers of	http://purl.obolibrary.org/obo/RO_0002622
LIFE4POLL1829	LIFE4POLL1829-a-1001596	LIFE4POLL1829-p-1001596	visits flowers of	http://purl.obolibrary.org/obo/RO_0002622
LIFE4POLL1830	LIFE4POLL1830-a-1001597	LIFE4POLL1830-p-1001597	visits flowers of	http://purl.obolibrary.org/obo/RO_0002622
LIFE4POLL1831	LIFE4POLL1831-a-1001598	LIFE4POLL1831-p-1001598	visits flowers of	http://purl.obolibrary.org/obo/RO_0002622
LIFE4POLL1832	LIFE4POLL1832-a-1001599	LIFE4POLL1832-p-1001599	visits flowers of	http://purl.obolibrary.org/obo/RO_0002622
LIFE4POLL1833	LIFE4POLL1833-a-1001600	LIFE4POLL1833-p-1001600	visits flowers of	http://purl.obolibrary.org/obo/RO_0002622
LIFE4POLL1834	LIFE4POLL1834-a-1001601	LIFE4POLL1834-p-1001601	visits flowers of	http://purl.obolibrary.org/obo/RO_0002622
LIFE4POLL1835	LIFE4POLL1835-a-1001602	LIFE4POLL1835-p-1001602	visits flowers of	http://purl.obolibrary.org/obo/RO_0002622
LIFE4POLL1836	LIFE4POLL1836-a-1001603	LIFE4POLL1836-p-1001603	visits flowers of	http://purl.obolibrary.org/obo/RO_0002622
LIFE4POLL1837	LIFE4POLL1837-a-1001604	LIFE4POLL1837-p-1001604	visits flowers of	http://purl.obolibrary.org/obo/RO_0002622
LIFE4POLL1838	LIFE4POLL1838-a-1001605	LIFE4POLL1838-p-1001605	visits flowers of	http://purl.obolibrary.org/obo/RO_0002622
LIFE4POLL1839	LIFE4POLL1839-a-1001606	LIFE4POLL1839-p-1001606	visits flowers of	http://purl.obolibrary.org/obo/RO_0002622
LIFE4POLL1840	LIFE4POLL1840-a-1001607	LIFE4POLL1840-p-1001607	visits flowers of	http://purl.obolibrary.org/obo/RO_0002622
LIFE4POLL1841	LIFE4POLL1841-a-1001608	LIFE4POLL1841-p-1001608	visits flowers of	http://purl.obolibrary.org/obo/RO_0002622
LIFE4POLL1842	LIFE4POLL1842-a-1001609	LIFE4POLL1842-p-1001609	visits flowers of	http://purl.obolibrary.org/obo/RO_0002622
LIFE4POLL1843	LIFE4POLL1843-a-1001610	LIFE4POLL1843-p-1001610	visits flowers of	http://purl.obolibrary.org/obo/RO_0002622
LIFE4POLL1846	LIFE4POLL1846-a-1001611	LIFE4POLL1846-p-1001611	visits flowers of	http://purl.obolibrary.org/obo/RO_0002622
LIFE4POLL1847	LIFE4POLL1847-a-1001612	LIFE4POLL1847-p-1001612	visits flowers of	http://purl.obolibrary.org/obo/RO_0002622
LIFE4POLL1848	LIFE4POLL1848-a-1001613	LIFE4POLL1848-p-1001613	visits flowers of	http://purl.obolibrary.org/obo/RO_0002622
LIFE4POLL1850	LIFE4POLL1850-a-1001614	LIFE4POLL1850-p-1001614	visits flowers of	http://purl.obolibrary.org/obo/RO_0002622
LIFE4POLL1851	LIFE4POLL1851-a-1001615	LIFE4POLL1851-p-1001615	visits flowers of	http://purl.obolibrary.org/obo/RO_0002622
LIFE4POLL1852	LIFE4POLL1852-a-1001616	LIFE4POLL1852-p-1001616	visits flowers of	http://purl.obolibrary.org/obo/RO_0002622
LIFE4POLL1853	LIFE4POLL1853-a-1001617	LIFE4POLL1853-p-1001617	visits flowers of	http://purl.obolibrary.org/obo/RO_0002622
LIFE4POLL1854	LIFE4POLL1854-a-1001618	LIFE4POLL1854-p-1001618	visits flowers of	http://purl.obolibrary.org/obo/RO_0002622
LIFE4POLL1856	LIFE4POLL1856-a-1001619	LIFE4POLL1856-p-1001619	visits flowers of	http://purl.obolibrary.org/obo/RO_0002622
LIFE4POLL1857	LIFE4POLL1857-a-1001620	LIFE4POLL1857-p-1001620	visits flowers of	http://purl.obolibrary.org/obo/RO_0002622
LIFE4POLL1858	LIFE4POLL1858-a-1001621	LIFE4POLL1858-p-1001621	visits flowers of	http://purl.obolibrary.org/obo/RO_0002622
LIFE4POLL1859	LIFE4POLL1859-a-1001622	LIFE4POLL1859-p-1001622	visits flowers of	http://purl.obolibrary.org/obo/RO_0002622
LIFE4POLL1861	LIFE4POLL1861-a-1001623	LIFE4POLL1861-p-1001623	visits flowers of	http://purl.obolibrary.org/obo/RO_0002622
LIFE4POLL1862	LIFE4POLL1862-a-1001624	LIFE4POLL1862-p-1001624	visits flowers of	http://purl.obolibrary.org/obo/RO_0002622
LIFE4POLL1864	LIFE4POLL1864-a-1001625	LIFE4POLL1864-p-1001625	visits flowers of	http://purl.obolibrary.org/obo/RO_0002622
LIFE4POLL1865	LIFE4POLL1865-a-1001626	LIFE4POLL1865-p-1001626	visits flowers of	http://purl.obolibrary.org/obo/RO_0002622
LIFE4POLL1866	LIFE4POLL1866-a-1001627	LIFE4POLL1866-p-1001627	visits flowers of	http://purl.obolibrary.org/obo/RO_0002622
LIFE4POLL1869	LIFE4POLL1869-a-1001628	LIFE4POLL1869-p-1001628	visits flowers of	http://purl.obolibrary.org/obo/RO_0002622
LIFE4POLL1870	LIFE4POLL1870-a-1001629	LIFE4POLL1870-p-1001629	visits flowers of	http://purl.obolibrary.org/obo/RO_0002622
LIFE4POLL1873	LIFE4POLL1873-a-1001630	LIFE4POLL1873-p-1001630	visits flowers of	http://purl.obolibrary.org/obo/RO_0002622
LIFE4POLL1874	LIFE4POLL1874-a-1001631	LIFE4POLL1874-p-1001631	visits flowers of	http://purl.obolibrary.org/obo/RO_0002622
LIFE4POLL1875	LIFE4POLL1875-a-1001632	LIFE4POLL1875-p-1001632	visits flowers of	http://purl.obolibrary.org/obo/RO_0002622
LIFE4POLL1876	LIFE4POLL1876-a-1001633	LIFE4POLL1876-p-1001633	visits flowers of	http://purl.obolibrary.org/obo/RO_0002622
LIFE4POLL1877	LIFE4POLL1877-a-1001634	LIFE4POLL1877-p-1001634	visits flowers of	http://purl.obolibrary.org/obo/RO_0002622
LIFE4POLL1878	LIFE4POLL1878-a-1001635	LIFE4POLL1878-p-1001635	visits flowers of	http://purl.obolibrary.org/obo/RO_0002622
LIFE4POLL1879	LIFE4POLL1879-a-1001636	LIFE4POLL1879-p-1001636	visits flowers of	http://purl.obolibrary.org/obo/RO_0002622
LIFE4POLL1880	LIFE4POLL1880-a-1001637	LIFE4POLL1880-p-1001637	visits flowers of	http://purl.obolibrary.org/obo/RO_0002622
LIFE4POLL1881	LIFE4POLL1881-a-1001638	LIFE4POLL1881-p-1001638	visits flowers of	http://purl.obolibrary.org/obo/RO_0002622
LIFE4POLL1882	LIFE4POLL1882-a-1001639	LIFE4POLL1882-p-1001639	visits flowers of	http://purl.obolibrary.org/obo/RO_0002622
LIFE4POLL1883	LIFE4POLL1883-a-1001640	LIFE4POLL1883-p-1001640	visits flowers of	http://purl.obolibrary.org/obo/RO_0002622
LIFE4POLL1885	LIFE4POLL1885-a-1001641	LIFE4POLL1885-p-1001641	visits flowers of	http://purl.obolibrary.org/obo/RO_0002622
LIFE4POLL1886	LIFE4POLL1886-a-1001642	LIFE4POLL1886-p-1001642	visits flowers of	http://purl.obolibrary.org/obo/RO_0002622
LIFE4POLL1888	LIFE4POLL1888-a-1001643	LIFE4POLL1888-p-1001643	visits flowers of	http://purl.obolibrary.org/obo/RO_0002622
LIFE4POLL1889	LIFE4POLL1889-a-1001644	LIFE4POLL1889-p-1001644	visits flowers of	http://purl.obolibrary.org/obo/RO_0002622
LIFE4POLL1890	LIFE4POLL1890-a-1001645	LIFE4POLL1890-p-1001645	visits flowers of	http://purl.obolibrary.org/obo/RO_0002622
LIFE4POLL1891	LIFE4POLL1891-a-1001646	LIFE4POLL1891-p-1001646	visits flowers of	http://purl.obolibrary.org/obo/RO_0002622
LIFE4POLL1892	LIFE4POLL1892-a-1001647	LIFE4POLL1892-p-1001647	visits flowers of	http://purl.obolibrary.org/obo/RO_0002622
LIFE4POLL1894	LIFE4POLL1894-a-1001648	LIFE4POLL1894-p-1001648	visits flowers of	http://purl.obolibrary.org/obo/RO_0002622
LIFE4POLL1895	LIFE4POLL1895-a-1001649	LIFE4POLL1895-p-1001649	visits flowers of	http://purl.obolibrary.org/obo/RO_0002622
LIFE4POLL1896	LIFE4POLL1896-a-1001650	LIFE4POLL1896-p-1001650	visits flowers of	http://purl.obolibrary.org/obo/RO_0002622
LIFE4POLL1897	LIFE4POLL1897-a-1001651	LIFE4POLL1897-p-1001651	visits flowers of	http://purl.obolibrary.org/obo/RO_0002622
LIFE4POLL1898	LIFE4POLL1898-a-1001652	LIFE4POLL1898-p-1001652	visits flowers of	http://purl.obolibrary.org/obo/RO_0002622
LIFE4POLL1899	LIFE4POLL1899-a-1001653	LIFE4POLL1899-p-1001653	visits flowers of	http://purl.obolibrary.org/obo/RO_0002622
LIFE4POLL1900	LIFE4POLL1900-a-1001654	LIFE4POLL1900-p-1001654	visits flowers of	http://purl.obolibrary.org/obo/RO_0002622
LIFE4POLL1901	LIFE4POLL1901-a-1001655	LIFE4POLL1901-p-1001655	visits flowers of	http://purl.obolibrary.org/obo/RO_0002622
LIFE4POLL1902	LIFE4POLL1902-a-1001656	LIFE4POLL1902-p-1001656	visits flowers of	http://purl.obolibrary.org/obo/RO_0002622
LIFE4POLL1903	LIFE4POLL1903-a-1001657	LIFE4POLL1903-p-1001657	visits flowers of	http://purl.obolibrary.org/obo/RO_0002622
LIFE4POLL1905	LIFE4POLL1905-a-1001658	LIFE4POLL1905-p-1001658	visits flowers of	http://purl.obolibrary.org/obo/RO_0002622
LIFE4POLL1906	LIFE4POLL1906-a-1001659	LIFE4POLL1906-p-1001659	visits flowers of	http://purl.obolibrary.org/obo/RO_0002622
LIFE4POLL1907	LIFE4POLL1907-a-1001660	LIFE4POLL1907-p-1001660	visits flowers of	http://purl.obolibrary.org/obo/RO_0002622
LIFE4POLL1908	LIFE4POLL1908-a-1001661	LIFE4POLL1908-p-1001661	visits flowers of	http://purl.obolibrary.org/obo/RO_0002622
LIFE4POLL1909	LIFE4POLL1909-a-1001662	LIFE4POLL1909-p-1001662	visits flowers of	http://purl.obolibrary.org/obo/RO_0002622
LIFE4POLL1910	LIFE4POLL1910-a-1001663	LIFE4POLL1910-p-1001663	visits flowers of	http://purl.obolibrary.org/obo/RO_0002622
LIFE4POLL1911	LIFE4POLL1911-a-1001664	LIFE4POLL1911-p-1001664	visits flowers of	http://purl.obolibrary.org/obo/RO_0002622
LIFE4POLL1912	LIFE4POLL1912-a-1001665	LIFE4POLL1912-p-1001665	visits flowers of	http://purl.obolibrary.org/obo/RO_0002622
LIFE4POLL1913	LIFE4POLL1913-a-1001666	LIFE4POLL1913-p-1001666	visits flowers of	http://purl.obolibrary.org/obo/RO_0002622
LIFE4POLL1914	LIFE4POLL1914-a-1001667	LIFE4POLL1914-p-1001667	visits flowers of	http://purl.obolibrary.org/obo/RO_0002622
LIFE4POLL1915	LIFE4POLL1915-a-1001668	LIFE4POLL1915-p-1001668	visits flowers of	http://purl.obolibrary.org/obo/RO_0002622
LIFE4POLL1916	LIFE4POLL1916-a-1001669	LIFE4POLL1916-p-1001669	visits flowers of	http://purl.obolibrary.org/obo/RO_0002622
LIFE4POLL1917	LIFE4POLL1917-a-1001670	LIFE4POLL1917-p-1001670	visits flowers of	http://purl.obolibrary.org/obo/RO_0002622
LIFE4POLL1918	LIFE4POLL1918-a-1001671	LIFE4POLL1918-p-1001671	visits flowers of	http://purl.obolibrary.org/obo/RO_0002622
LIFE4POLL1919	LIFE4POLL1919-a-1001672	LIFE4POLL1919-p-1001672	visits flowers of	http://purl.obolibrary.org/obo/RO_0002622
LIFE4POLL1920	LIFE4POLL1920-a-1001673	LIFE4POLL1920-p-1001673	visits flowers of	http://purl.obolibrary.org/obo/RO_0002622
LIFE4POLL1921	LIFE4POLL1921-a-1001674	LIFE4POLL1921-p-1001674	visits flowers of	http://purl.obolibrary.org/obo/RO_0002622
LIFE4POLL1922	LIFE4POLL1922-a-1001675	LIFE4POLL1922-p-1001675	visits flowers of	http://purl.obolibrary.org/obo/RO_0002622
LIFE4POLL1923	LIFE4POLL1923-a-1001676	LIFE4POLL1923-p-1001676	visits flowers of	http://purl.obolibrary.org/obo/RO_0002622
LIFE4POLL1924	LIFE4POLL1924-a-1001677	LIFE4POLL1924-p-1001677	visits flowers of	http://purl.obolibrary.org/obo/RO_0002622
LIFE4POLL1925	LIFE4POLL1925-a-1001678	LIFE4POLL1925-p-1001678	visits flowers of	http://purl.obolibrary.org/obo/RO_0002622
LIFE4POLL1926	LIFE4POLL1926-a-1001679	LIFE4POLL1926-p-1001679	visits flowers of	http://purl.obolibrary.org/obo/RO_0002622
LIFE4POLL1927	LIFE4POLL1927-a-1001680	LIFE4POLL1927-p-1001680	visits flowers of	http://purl.obolibrary.org/obo/RO_0002622
LIFE4POLL1930	LIFE4POLL1930-a-1001681	LIFE4POLL1930-p-1001681	visits flowers of	http://purl.obolibrary.org/obo/RO_0002622
LIFE4POLL1931	LIFE4POLL1931-a-1001682	LIFE4POLL1931-p-1001682	visits flowers of	http://purl.obolibrary.org/obo/RO_0002622
LIFE4POLL1932	LIFE4POLL1932-a-1001683	LIFE4POLL1932-p-1001683	visits flowers of	http://purl.obolibrary.org/obo/RO_0002622
LIFE4POLL1933	LIFE4POLL1933-a-1001684	LIFE4POLL1933-p-1001684	visits flowers of	http://purl.obolibrary.org/obo/RO_0002622
LIFE4POLL1934	LIFE4POLL1934-a-1001685	LIFE4POLL1934-p-1001685	visits flowers of	http://purl.obolibrary.org/obo/RO_0002622
LIFE4POLL1935	LIFE4POLL1935-a-1001686	LIFE4POLL1935-p-1001686	visits flowers of	http://purl.obolibrary.org/obo/RO_0002622
LIFE4POLL1936	LIFE4POLL1936-a-1001687	LIFE4POLL1936-p-1001687	visits flowers of	http://purl.obolibrary.org/obo/RO_0002622
LIFE4POLL1937	LIFE4POLL1937-a-1001688	LIFE4POLL1937-p-1001688	visits flowers of	http://purl.obolibrary.org/obo/RO_0002622
LIFE4POLL1938	LIFE4POLL1938-a-1001689	LIFE4POLL1938-p-1001689	visits flowers of	http://purl.obolibrary.org/obo/RO_0002622
LIFE4POLL1939	LIFE4POLL1939-a-1001690	LIFE4POLL1939-p-1001690	visits flowers of	http://purl.obolibrary.org/obo/RO_0002622
LIFE4POLL1940	LIFE4POLL1940-a-1001691	LIFE4POLL1940-p-1001691	visits flowers of	http://purl.obolibrary.org/obo/RO_0002622
LIFE4POLL1941	LIFE4POLL1941-a-1001692	LIFE4POLL1941-p-1001692	visits flowers of	http://purl.obolibrary.org/obo/RO_0002622
LIFE4POLL1942	LIFE4POLL1942-a-1001693	LIFE4POLL1942-p-1001693	visits flowers of	http://purl.obolibrary.org/obo/RO_0002622
LIFE4POLL1943	LIFE4POLL1943-a-1001694	LIFE4POLL1943-p-1001694	visits flowers of	http://purl.obolibrary.org/obo/RO_0002622
LIFE4POLL1945	LIFE4POLL1945-a-1001695	LIFE4POLL1945-p-1001695	visits flowers of	http://purl.obolibrary.org/obo/RO_0002622
LIFE4POLL1946	LIFE4POLL1946-a-1001696	LIFE4POLL1946-p-1001696	visits flowers of	http://purl.obolibrary.org/obo/RO_0002622
LIFE4POLL1947	LIFE4POLL1947-a-1001697	LIFE4POLL1947-p-1001697	visits flowers of	http://purl.obolibrary.org/obo/RO_0002622
LIFE4POLL1948	LIFE4POLL1948-a-1001698	LIFE4POLL1948-p-1001698	visits flowers of	http://purl.obolibrary.org/obo/RO_0002622
LIFE4POLL1949	LIFE4POLL1949-a-1001699	LIFE4POLL1949-p-1001699	visits flowers of	http://purl.obolibrary.org/obo/RO_0002622
LIFE4POLL1951	LIFE4POLL1951-a-1001700	LIFE4POLL1951-p-1001700	visits flowers of	http://purl.obolibrary.org/obo/RO_0002622
LIFE4POLL1952	LIFE4POLL1952-a-1001701	LIFE4POLL1952-p-1001701	visits flowers of	http://purl.obolibrary.org/obo/RO_0002622
LIFE4POLL1954	LIFE4POLL1954-a-1001702	LIFE4POLL1954-p-1001702	visits flowers of	http://purl.obolibrary.org/obo/RO_0002622
LIFE4POLL1955	LIFE4POLL1955-a-1001703	LIFE4POLL1955-p-1001703	visits flowers of	http://purl.obolibrary.org/obo/RO_0002622
LIFE4POLL1956	LIFE4POLL1956-a-1001704	LIFE4POLL1956-p-1001704	visits flowers of	http://purl.obolibrary.org/obo/RO_0002622
LIFE4POLL1957	LIFE4POLL1957-a-1001705	LIFE4POLL1957-p-1001705	visits flowers of	http://purl.obolibrary.org/obo/RO_0002622
LIFE4POLL1958	LIFE4POLL1958-a-1001706	LIFE4POLL1958-p-1001706	visits flowers of	http://purl.obolibrary.org/obo/RO_0002622
LIFE4POLL1959	LIFE4POLL1959-a-1001707	LIFE4POLL1959-p-1001707	visits flowers of	http://purl.obolibrary.org/obo/RO_0002622
LIFE4POLL1960	LIFE4POLL1960-a-1001708	LIFE4POLL1960-p-1001708	visits flowers of	http://purl.obolibrary.org/obo/RO_0002622
LIFE4POLL1961	LIFE4POLL1961-a-1001709	LIFE4POLL1961-p-1001709	visits flowers of	http://purl.obolibrary.org/obo/RO_0002622
LIFE4POLL1962	LIFE4POLL1962-a-1001710	LIFE4POLL1962-p-1001710	visits flowers of	http://purl.obolibrary.org/obo/RO_0002622
LIFE4POLL1963	LIFE4POLL1963-a-1001711	LIFE4POLL1963-p-1001711	visits flowers of	http://purl.obolibrary.org/obo/RO_0002622
LIFE4POLL1965	LIFE4POLL1965-a-1001712	LIFE4POLL1965-p-1001712	visits flowers of	http://purl.obolibrary.org/obo/RO_0002622
LIFE4POLL1966	LIFE4POLL1966-a-1001713	LIFE4POLL1966-p-1001713	visits flowers of	http://purl.obolibrary.org/obo/RO_0002622
LIFE4POLL1967	LIFE4POLL1967-a-1001714	LIFE4POLL1967-p-1001714	visits flowers of	http://purl.obolibrary.org/obo/RO_0002622
LIFE4POLL1968	LIFE4POLL1968-a-1001715	LIFE4POLL1968-p-1001715	visits flowers of	http://purl.obolibrary.org/obo/RO_0002622
LIFE4POLL1969	LIFE4POLL1969-a-1001716	LIFE4POLL1969-p-1001716	visits flowers of	http://purl.obolibrary.org/obo/RO_0002622
LIFE4POLL1970	LIFE4POLL1970-a-1001717	LIFE4POLL1970-p-1001717	visits flowers of	http://purl.obolibrary.org/obo/RO_0002622
LIFE4POLL1971	LIFE4POLL1971-a-1001718	LIFE4POLL1971-p-1001718	visits flowers of	http://purl.obolibrary.org/obo/RO_0002622
LIFE4POLL1972	LIFE4POLL1972-a-1001719	LIFE4POLL1972-p-1001719	visits flowers of	http://purl.obolibrary.org/obo/RO_0002622
LIFE4POLL1973	LIFE4POLL1973-a-1001720	LIFE4POLL1973-p-1001720	visits flowers of	http://purl.obolibrary.org/obo/RO_0002622
LIFE4POLL1974	LIFE4POLL1974-a-1001721	LIFE4POLL1974-p-1001721	visits flowers of	http://purl.obolibrary.org/obo/RO_0002622
LIFE4POLL1975	LIFE4POLL1975-a-1001722	LIFE4POLL1975-p-1001722	visits flowers of	http://purl.obolibrary.org/obo/RO_0002622
LIFE4POLL1976	LIFE4POLL1976-a-1001723	LIFE4POLL1976-p-1001723	visits flowers of	http://purl.obolibrary.org/obo/RO_0002622
LIFE4POLL1977	LIFE4POLL1977-a-1001724	LIFE4POLL1977-p-1001724	visits flowers of	http://purl.obolibrary.org/obo/RO_0002622
LIFE4POLL1978	LIFE4POLL1978-a-1001725	LIFE4POLL1978-p-1001725	visits flowers of	http://purl.obolibrary.org/obo/RO_0002622
LIFE4POLL1979	LIFE4POLL1979-a-1001726	LIFE4POLL1979-p-1001726	visits flowers of	http://purl.obolibrary.org/obo/RO_0002622
LIFE4POLL1980	LIFE4POLL1980-a-1001727	LIFE4POLL1980-p-1001727	visits flowers of	http://purl.obolibrary.org/obo/RO_0002622
LIFE4POLL1981	LIFE4POLL1981-a-1001728	LIFE4POLL1981-p-1001728	visits flowers of	http://purl.obolibrary.org/obo/RO_0002622
LIFE4POLL1982	LIFE4POLL1982-a-1001729	LIFE4POLL1982-p-1001729	visits flowers of	http://purl.obolibrary.org/obo/RO_0002622
LIFE4POLL1983	LIFE4POLL1983-a-1001730	LIFE4POLL1983-p-1001730	visits flowers of	http://purl.obolibrary.org/obo/RO_0002622
LIFE4POLL1984	LIFE4POLL1984-a-1001731	LIFE4POLL1984-p-1001731	visits flowers of	http://purl.obolibrary.org/obo/RO_0002622
LIFE4POLL1985	LIFE4POLL1985-a-1001732	LIFE4POLL1985-p-1001732	visits flowers of	http://purl.obolibrary.org/obo/RO_0002622
LIFE4POLL1986	LIFE4POLL1986-a-1001733	LIFE4POLL1986-p-1001733	visits flowers of	http://purl.obolibrary.org/obo/RO_0002622
LIFE4POLL1987	LIFE4POLL1987-a-1001734	LIFE4POLL1987-p-1001734	visits flowers of	http://purl.obolibrary.org/obo/RO_0002622
LIFE4POLL1988	LIFE4POLL1988-a-1001735	LIFE4POLL1988-p-1001735	visits flowers of	http://purl.obolibrary.org/obo/RO_0002622
LIFE4POLL1989	LIFE4POLL1989-a-1001736	LIFE4POLL1989-p-1001736	visits flowers of	http://purl.obolibrary.org/obo/RO_0002622
LIFE4POLL1990	LIFE4POLL1990-a-1001737	LIFE4POLL1990-p-1001737	visits flowers of	http://purl.obolibrary.org/obo/RO_0002622
LIFE4POLL1991	LIFE4POLL1991-a-1001738	LIFE4POLL1991-p-1001738	visits flowers of	http://purl.obolibrary.org/obo/RO_0002622
LIFE4POLL1992	LIFE4POLL1992-a-1001739	LIFE4POLL1992-p-1001739	visits flowers of	http://purl.obolibrary.org/obo/RO_0002622
LIFE4POLL1993	LIFE4POLL1993-a-1001740	LIFE4POLL1993-p-1001740	visits flowers of	http://purl.obolibrary.org/obo/RO_0002622
LIFE4POLL1994	LIFE4POLL1994-a-1001741	LIFE4POLL1994-p-1001741	visits flowers of	http://purl.obolibrary.org/obo/RO_0002622
LIFE4POLL1995	LIFE4POLL1995-a-1001742	LIFE4POLL1995-p-1001742	visits flowers of	http://purl.obolibrary.org/obo/RO_0002622
LIFE4POLL1996	LIFE4POLL1996-a-1001743	LIFE4POLL1996-p-1001743	visits flowers of	http://purl.obolibrary.org/obo/RO_0002622
LIFE4POLL1997	LIFE4POLL1997-a-1001744	LIFE4POLL1997-p-1001744	visits flowers of	http://purl.obolibrary.org/obo/RO_0002622
LIFE4POLL1998	LIFE4POLL1998-a-1001745	LIFE4POLL1998-p-1001745	visits flowers of	http://purl.obolibrary.org/obo/RO_0002622
LIFE4POLL1999	LIFE4POLL1999-a-1001746	LIFE4POLL1999-p-1001746	visits flowers of	http://purl.obolibrary.org/obo/RO_0002622
LIFE4POLL2002	LIFE4POLL2002-a-1001747	LIFE4POLL2002-p-1001747	visits flowers of	http://purl.obolibrary.org/obo/RO_0002622
LIFE4POLL2003	LIFE4POLL2003-a-1001748	LIFE4POLL2003-p-1001748	visits flowers of	http://purl.obolibrary.org/obo/RO_0002622
LIFE4POLL2004	LIFE4POLL2004-a-1001749	LIFE4POLL2004-p-1001749	visits flowers of	http://purl.obolibrary.org/obo/RO_0002622
LIFE4POLL2005	LIFE4POLL2005-a-1001750	LIFE4POLL2005-p-1001750	visits flowers of	http://purl.obolibrary.org/obo/RO_0002622
LIFE4POLL2009	LIFE4POLL2009-a-1001751	LIFE4POLL2009-p-1001751	visits flowers of	http://purl.obolibrary.org/obo/RO_0002622
LIFE4POLL2010	LIFE4POLL2010-a-1001752	LIFE4POLL2010-p-1001752	visits flowers of	http://purl.obolibrary.org/obo/RO_0002622
LIFE4POLL2011	LIFE4POLL2011-a-1001753	LIFE4POLL2011-p-1001753	visits flowers of	http://purl.obolibrary.org/obo/RO_0002622
LIFE4POLL2013	LIFE4POLL2013-a-1001754	LIFE4POLL2013-p-1001754	visits flowers of	http://purl.obolibrary.org/obo/RO_0002622
LIFE4POLL2014	LIFE4POLL2014-a-1001755	LIFE4POLL2014-p-1001755	visits flowers of	http://purl.obolibrary.org/obo/RO_0002622
LIFE4POLL2018	LIFE4POLL2018-a-1001756	LIFE4POLL2018-p-1001756	visits flowers of	http://purl.obolibrary.org/obo/RO_0002622
LIFE4POLL2019	LIFE4POLL2019-a-1001757	LIFE4POLL2019-p-1001757	visits flowers of	http://purl.obolibrary.org/obo/RO_0002622
LIFE4POLL2020	LIFE4POLL2020-a-1001758	LIFE4POLL2020-p-1001758	visits flowers of	http://purl.obolibrary.org/obo/RO_0002622
LIFE4POLL2021	LIFE4POLL2021-a-1001759	LIFE4POLL2021-p-1001759	visits flowers of	http://purl.obolibrary.org/obo/RO_0002622
LIFE4POLL2022	LIFE4POLL2022-a-1001760	LIFE4POLL2022-p-1001760	visits flowers of	http://purl.obolibrary.org/obo/RO_0002622
LIFE4POLL2023	LIFE4POLL2023-a-1001761	LIFE4POLL2023-p-1001761	visits flowers of	http://purl.obolibrary.org/obo/RO_0002622
LIFE4POLL2024	LIFE4POLL2024-a-1001762	LIFE4POLL2024-p-1001762	visits flowers of	http://purl.obolibrary.org/obo/RO_0002622
LIFE4POLL2025	LIFE4POLL2025-a-1001763	LIFE4POLL2025-p-1001763	visits flowers of	http://purl.obolibrary.org/obo/RO_0002622
LIFE4POLL2026	LIFE4POLL2026-a-1001764	LIFE4POLL2026-p-1001764	visits flowers of	http://purl.obolibrary.org/obo/RO_0002622
LIFE4POLL2028	LIFE4POLL2028-a-1001765	LIFE4POLL2028-p-1001765	visits flowers of	http://purl.obolibrary.org/obo/RO_0002622
LIFE4POLL2029	LIFE4POLL2029-a-1001766	LIFE4POLL2029-p-1001766	visits flowers of	http://purl.obolibrary.org/obo/RO_0002622
LIFE4POLL2030	LIFE4POLL2030-a-1001767	LIFE4POLL2030-p-1001767	visits flowers of	http://purl.obolibrary.org/obo/RO_0002622
LIFE4POLL2031	LIFE4POLL2031-a-1001768	LIFE4POLL2031-p-1001768	visits flowers of	http://purl.obolibrary.org/obo/RO_0002622
LIFE4POLL2032	LIFE4POLL2032-a-1001769	LIFE4POLL2032-p-1001769	visits flowers of	http://purl.obolibrary.org/obo/RO_0002622
LIFE4POLL2033	LIFE4POLL2033-a-1001770	LIFE4POLL2033-p-1001770	visits flowers of	http://purl.obolibrary.org/obo/RO_0002622
LIFE4POLL2034	LIFE4POLL2034-a-1001771	LIFE4POLL2034-p-1001771	visits flowers of	http://purl.obolibrary.org/obo/RO_0002622
LIFE4POLL2035	LIFE4POLL2035-a-1001772	LIFE4POLL2035-p-1001772	visits flowers of	http://purl.obolibrary.org/obo/RO_0002622
LIFE4POLL2036	LIFE4POLL2036-a-1001773	LIFE4POLL2036-p-1001773	visits flowers of	http://purl.obolibrary.org/obo/RO_0002622
LIFE4POLL2038	LIFE4POLL2038-a-1001774	LIFE4POLL2038-p-1001774	visits flowers of	http://purl.obolibrary.org/obo/RO_0002622
LIFE4POLL2039	LIFE4POLL2039-a-1001775	LIFE4POLL2039-p-1001775	visits flowers of	http://purl.obolibrary.org/obo/RO_0002622
LIFE4POLL2040	LIFE4POLL2040-a-1001776	LIFE4POLL2040-p-1001776	visits flowers of	http://purl.obolibrary.org/obo/RO_0002622
LIFE4POLL2041	LIFE4POLL2041-a-1001777	LIFE4POLL2041-p-1001777	visits flowers of	http://purl.obolibrary.org/obo/RO_0002622
LIFE4POLL2042	LIFE4POLL2042-a-1001778	LIFE4POLL2042-p-1001778	visits flowers of	http://purl.obolibrary.org/obo/RO_0002622
LIFE4POLL2043	LIFE4POLL2043-a-1001779	LIFE4POLL2043-p-1001779	visits flowers of	http://purl.obolibrary.org/obo/RO_0002622
LIFE4POLL2045	LIFE4POLL2045-a-1001780	LIFE4POLL2045-p-1001780	visits flowers of	http://purl.obolibrary.org/obo/RO_0002622
LIFE4POLL2046	LIFE4POLL2046-a-1001781	LIFE4POLL2046-p-1001781	visits flowers of	http://purl.obolibrary.org/obo/RO_0002622
LIFE4POLL2048	LIFE4POLL2048-a-1001782	LIFE4POLL2048-p-1001782	visits flowers of	http://purl.obolibrary.org/obo/RO_0002622
LIFE4POLL2049	LIFE4POLL2049-a-1001783	LIFE4POLL2049-p-1001783	visits flowers of	http://purl.obolibrary.org/obo/RO_0002622
LIFE4POLL2050	LIFE4POLL2050-a-1001784	LIFE4POLL2050-p-1001784	visits flowers of	http://purl.obolibrary.org/obo/RO_0002622
LIFE4POLL2051	LIFE4POLL2051-a-1001785	LIFE4POLL2051-p-1001785	visits flowers of	http://purl.obolibrary.org/obo/RO_0002622
LIFE4POLL2052	LIFE4POLL2052-a-1001786	LIFE4POLL2052-p-1001786	visits flowers of	http://purl.obolibrary.org/obo/RO_0002622
LIFE4POLL2053	LIFE4POLL2053-a-1001787	LIFE4POLL2053-p-1001787	visits flowers of	http://purl.obolibrary.org/obo/RO_0002622
LIFE4POLL2054	LIFE4POLL2054-a-1001788	LIFE4POLL2054-p-1001788	visits flowers of	http://purl.obolibrary.org/obo/RO_0002622
LIFE4POLL2055	LIFE4POLL2055-a-1001789	LIFE4POLL2055-p-1001789	visits flowers of	http://purl.obolibrary.org/obo/RO_0002622
LIFE4POLL2057	LIFE4POLL2057-a-1001790	LIFE4POLL2057-p-1001790	visits flowers of	http://purl.obolibrary.org/obo/RO_0002622
LIFE4POLL2058	LIFE4POLL2058-a-1001791	LIFE4POLL2058-p-1001791	visits flowers of	http://purl.obolibrary.org/obo/RO_0002622
LIFE4POLL2059	LIFE4POLL2059-a-1001792	LIFE4POLL2059-p-1001792	visits flowers of	http://purl.obolibrary.org/obo/RO_0002622
LIFE4POLL2060	LIFE4POLL2060-a-1001793	LIFE4POLL2060-p-1001793	visits flowers of	http://purl.obolibrary.org/obo/RO_0002622
LIFE4POLL2061	LIFE4POLL2061-a-1001794	LIFE4POLL2061-p-1001794	visits flowers of	http://purl.obolibrary.org/obo/RO_0002622
LIFE4POLL2062	LIFE4POLL2062-a-1001795	LIFE4POLL2062-p-1001795	visits flowers of	http://purl.obolibrary.org/obo/RO_0002622
LIFE4POLL2064	LIFE4POLL2064-a-1001796	LIFE4POLL2064-p-1001796	visits flowers of	http://purl.obolibrary.org/obo/RO_0002622
LIFE4POLL2066	LIFE4POLL2066-a-1001797	LIFE4POLL2066-p-1001797	visits flowers of	http://purl.obolibrary.org/obo/RO_0002622
LIFE4POLL2067	LIFE4POLL2067-a-1001798	LIFE4POLL2067-p-1001798	visits flowers of	http://purl.obolibrary.org/obo/RO_0002622
LIFE4POLL2068	LIFE4POLL2068-a-1001799	LIFE4POLL2068-p-1001799	visits flowers of	http://purl.obolibrary.org/obo/RO_0002622
LIFE4POLL2070	LIFE4POLL2070-a-1001800	LIFE4POLL2070-p-1001800	visits flowers of	http://purl.obolibrary.org/obo/RO_0002622
LIFE4POLL2071	LIFE4POLL2071-a-1001801	LIFE4POLL2071-p-1001801	visits flowers of	http://purl.obolibrary.org/obo/RO_0002622
LIFE4POLL2072	LIFE4POLL2072-a-1001802	LIFE4POLL2072-p-1001802	visits flowers of	http://purl.obolibrary.org/obo/RO_0002622
LIFE4POLL2075	LIFE4POLL2075-a-1001803	LIFE4POLL2075-p-1001803	visits flowers of	http://purl.obolibrary.org/obo/RO_0002622
LIFE4POLL2077	LIFE4POLL2077-a-1001804	LIFE4POLL2077-p-1001804	visits flowers of	http://purl.obolibrary.org/obo/RO_0002622
LIFE4POLL2078	LIFE4POLL2078-a-1001805	LIFE4POLL2078-p-1001805	visits flowers of	http://purl.obolibrary.org/obo/RO_0002622
LIFE4POLL2081	LIFE4POLL2081-a-1001806	LIFE4POLL2081-p-1001806	visits flowers of	http://purl.obolibrary.org/obo/RO_0002622
LIFE4POLL2082	LIFE4POLL2082-a-1001807	LIFE4POLL2082-p-1001807	visits flowers of	http://purl.obolibrary.org/obo/RO_0002622
LIFE4POLL2084	LIFE4POLL2084-a-1001808	LIFE4POLL2084-p-1001808	visits flowers of	http://purl.obolibrary.org/obo/RO_0002622
LIFE4POLL2085	LIFE4POLL2085-a-1001809	LIFE4POLL2085-p-1001809	visits flowers of	http://purl.obolibrary.org/obo/RO_0002622
LIFE4POLL2086	LIFE4POLL2086-a-1001810	LIFE4POLL2086-p-1001810	visits flowers of	http://purl.obolibrary.org/obo/RO_0002622
LIFE4POLL2087	LIFE4POLL2087-a-1001811	LIFE4POLL2087-p-1001811	visits flowers of	http://purl.obolibrary.org/obo/RO_0002622
LIFE4POLL2089	LIFE4POLL2089-a-1001812	LIFE4POLL2089-p-1001812	visits flowers of	http://purl.obolibrary.org/obo/RO_0002622
LIFE4POLL2090	LIFE4POLL2090-a-1001813	LIFE4POLL2090-p-1001813	visits flowers of	http://purl.obolibrary.org/obo/RO_0002622
LIFE4POLL2091	LIFE4POLL2091-a-1001814	LIFE4POLL2091-p-1001814	visits flowers of	http://purl.obolibrary.org/obo/RO_0002622
LIFE4POLL2092	LIFE4POLL2092-a-1001815	LIFE4POLL2092-p-1001815	visits flowers of	http://purl.obolibrary.org/obo/RO_0002622
LIFE4POLL2093	LIFE4POLL2093-a-1001816	LIFE4POLL2093-p-1001816	visits flowers of	http://purl.obolibrary.org/obo/RO_0002622
LIFE4POLL2094	LIFE4POLL2094-a-1001817	LIFE4POLL2094-p-1001817	visits flowers of	http://purl.obolibrary.org/obo/RO_0002622
LIFE4POLL2095	LIFE4POLL2095-a-1001818	LIFE4POLL2095-p-1001818	visits flowers of	http://purl.obolibrary.org/obo/RO_0002622
LIFE4POLL2096	LIFE4POLL2096-a-1001819	LIFE4POLL2096-p-1001819	visits flowers of	http://purl.obolibrary.org/obo/RO_0002622
LIFE4POLL2097	LIFE4POLL2097-a-1001820	LIFE4POLL2097-p-1001820	visits flowers of	http://purl.obolibrary.org/obo/RO_0002622
LIFE4POLL2098	LIFE4POLL2098-a-1001821	LIFE4POLL2098-p-1001821	visits flowers of	http://purl.obolibrary.org/obo/RO_0002622
LIFE4POLL2101	LIFE4POLL2101-a-1001822	LIFE4POLL2101-p-1001822	visits flowers of	http://purl.obolibrary.org/obo/RO_0002622
LIFE4POLL2103	LIFE4POLL2103-a-1001823	LIFE4POLL2103-p-1001823	visits flowers of	http://purl.obolibrary.org/obo/RO_0002622
LIFE4POLL2104	LIFE4POLL2104-a-1001824	LIFE4POLL2104-p-1001824	visits flowers of	http://purl.obolibrary.org/obo/RO_0002622
LIFE4POLL2105	LIFE4POLL2105-a-1001825	LIFE4POLL2105-p-1001825	visits flowers of	http://purl.obolibrary.org/obo/RO_0002622
LIFE4POLL2106	LIFE4POLL2106-a-1001826	LIFE4POLL2106-p-1001826	visits flowers of	http://purl.obolibrary.org/obo/RO_0002622
LIFE4POLL2107	LIFE4POLL2107-a-1001827	LIFE4POLL2107-p-1001827	visits flowers of	http://purl.obolibrary.org/obo/RO_0002622
LIFE4POLL2108	LIFE4POLL2108-a-1001828	LIFE4POLL2108-p-1001828	visits flowers of	http://purl.obolibrary.org/obo/RO_0002622
LIFE4POLL2109	LIFE4POLL2109-a-1001829	LIFE4POLL2109-p-1001829	visits flowers of	http://purl.obolibrary.org/obo/RO_0002622
LIFE4POLL2110	LIFE4POLL2110-a-1001830	LIFE4POLL2110-p-1001830	visits flowers of	http://purl.obolibrary.org/obo/RO_0002622
LIFE4POLL2111	LIFE4POLL2111-a-1001831	LIFE4POLL2111-p-1001831	visits flowers of	http://purl.obolibrary.org/obo/RO_0002622
LIFE4POLL2112	LIFE4POLL2112-a-1001832	LIFE4POLL2112-p-1001832	visits flowers of	http://purl.obolibrary.org/obo/RO_0002622
LIFE4POLL2113	LIFE4POLL2113-a-1001833	LIFE4POLL2113-p-1001833	visits flowers of	http://purl.obolibrary.org/obo/RO_0002622
LIFE4POLL2114	LIFE4POLL2114-a-1001834	LIFE4POLL2114-p-1001834	visits flowers of	http://purl.obolibrary.org/obo/RO_0002622
LIFE4POLL2115	LIFE4POLL2115-a-1001835	LIFE4POLL2115-p-1001835	visits flowers of	http://purl.obolibrary.org/obo/RO_0002622
LIFE4POLL2116	LIFE4POLL2116-a-1001836	LIFE4POLL2116-p-1001836	visits flowers of	http://purl.obolibrary.org/obo/RO_0002622
LIFE4POLL2118	LIFE4POLL2118-a-1001837	LIFE4POLL2118-p-1001837	visits flowers of	http://purl.obolibrary.org/obo/RO_0002622
LIFE4POLL2120	LIFE4POLL2120-a-1001838	LIFE4POLL2120-p-1001838	visits flowers of	http://purl.obolibrary.org/obo/RO_0002622
LIFE4POLL2121	LIFE4POLL2121-a-1001839	LIFE4POLL2121-p-1001839	visits flowers of	http://purl.obolibrary.org/obo/RO_0002622
LIFE4POLL2122	LIFE4POLL2122-a-1001840	LIFE4POLL2122-p-1001840	visits flowers of	http://purl.obolibrary.org/obo/RO_0002622
LIFE4POLL2123	LIFE4POLL2123-a-1001841	LIFE4POLL2123-p-1001841	visits flowers of	http://purl.obolibrary.org/obo/RO_0002622
LIFE4POLL2124	LIFE4POLL2124-a-1001842	LIFE4POLL2124-p-1001842	visits flowers of	http://purl.obolibrary.org/obo/RO_0002622
LIFE4POLL2125	LIFE4POLL2125-a-1001843	LIFE4POLL2125-p-1001843	visits flowers of	http://purl.obolibrary.org/obo/RO_0002622
LIFE4POLL2126	LIFE4POLL2126-a-1001844	LIFE4POLL2126-p-1001844	visits flowers of	http://purl.obolibrary.org/obo/RO_0002622
LIFE4POLL2127	LIFE4POLL2127-a-1001845	LIFE4POLL2127-p-1001845	visits flowers of	http://purl.obolibrary.org/obo/RO_0002622
LIFE4POLL2128	LIFE4POLL2128-a-1001846	LIFE4POLL2128-p-1001846	visits flowers of	http://purl.obolibrary.org/obo/RO_0002622
LIFE4POLL2130	LIFE4POLL2130-a-1001847	LIFE4POLL2130-p-1001847	visits flowers of	http://purl.obolibrary.org/obo/RO_0002622
LIFE4POLL2131	LIFE4POLL2131-a-1001848	LIFE4POLL2131-p-1001848	visits flowers of	http://purl.obolibrary.org/obo/RO_0002622
LIFE4POLL2132	LIFE4POLL2132-a-1001849	LIFE4POLL2132-p-1001849	visits flowers of	http://purl.obolibrary.org/obo/RO_0002622
LIFE4POLL2133	LIFE4POLL2133-a-1001850	LIFE4POLL2133-p-1001850	visits flowers of	http://purl.obolibrary.org/obo/RO_0002622
LIFE4POLL2136	LIFE4POLL2136-a-1001851	LIFE4POLL2136-p-1001851	visits flowers of	http://purl.obolibrary.org/obo/RO_0002622
LIFE4POLL2137	LIFE4POLL2137-a-1001852	LIFE4POLL2137-p-1001852	visits flowers of	http://purl.obolibrary.org/obo/RO_0002622
LIFE4POLL2138	LIFE4POLL2138-a-1001853	LIFE4POLL2138-p-1001853	visits flowers of	http://purl.obolibrary.org/obo/RO_0002622
LIFE4POLL2140	LIFE4POLL2140-a-1001854	LIFE4POLL2140-p-1001854	visits flowers of	http://purl.obolibrary.org/obo/RO_0002622
LIFE4POLL2141	LIFE4POLL2141-a-1001855	LIFE4POLL2141-p-1001855	visits flowers of	http://purl.obolibrary.org/obo/RO_0002622
LIFE4POLL2142	LIFE4POLL2142-a-1001856	LIFE4POLL2142-p-1001856	visits flowers of	http://purl.obolibrary.org/obo/RO_0002622
LIFE4POLL2143	LIFE4POLL2143-a-1001857	LIFE4POLL2143-p-1001857	visits flowers of	http://purl.obolibrary.org/obo/RO_0002622
LIFE4POLL2144	LIFE4POLL2144-a-1001858	LIFE4POLL2144-p-1001858	visits flowers of	http://purl.obolibrary.org/obo/RO_0002622
LIFE4POLL2145	LIFE4POLL2145-a-1001859	LIFE4POLL2145-p-1001859	visits flowers of	http://purl.obolibrary.org/obo/RO_0002622
LIFE4POLL2146	LIFE4POLL2146-a-1001860	LIFE4POLL2146-p-1001860	visits flowers of	http://purl.obolibrary.org/obo/RO_0002622
LIFE4POLL2147	LIFE4POLL2147-a-1001861	LIFE4POLL2147-p-1001861	visits flowers of	http://purl.obolibrary.org/obo/RO_0002622
LIFE4POLL2148	LIFE4POLL2148-a-1001862	LIFE4POLL2148-p-1001862	visits flowers of	http://purl.obolibrary.org/obo/RO_0002622
LIFE4POLL2149	LIFE4POLL2149-a-1001863	LIFE4POLL2149-p-1001863	visits flowers of	http://purl.obolibrary.org/obo/RO_0002622
LIFE4POLL2150	LIFE4POLL2150-a-1001864	LIFE4POLL2150-p-1001864	visits flowers of	http://purl.obolibrary.org/obo/RO_0002622
LIFE4POLL2152	LIFE4POLL2152-a-1001865	LIFE4POLL2152-p-1001865	visits flowers of	http://purl.obolibrary.org/obo/RO_0002622
LIFE4POLL2153	LIFE4POLL2153-a-1001866	LIFE4POLL2153-p-1001866	visits flowers of	http://purl.obolibrary.org/obo/RO_0002622
LIFE4POLL2157	LIFE4POLL2157-a-1001867	LIFE4POLL2157-p-1001867	visits flowers of	http://purl.obolibrary.org/obo/RO_0002622
LIFE4POLL2158	LIFE4POLL2158-a-1001868	LIFE4POLL2158-p-1001868	visits flowers of	http://purl.obolibrary.org/obo/RO_0002622
LIFE4POLL2159	LIFE4POLL2159-a-1001869	LIFE4POLL2159-p-1001869	visits flowers of	http://purl.obolibrary.org/obo/RO_0002622
LIFE4POLL2160	LIFE4POLL2160-a-1001870	LIFE4POLL2160-p-1001870	visits flowers of	http://purl.obolibrary.org/obo/RO_0002622
LIFE4POLL2161	LIFE4POLL2161-a-1001871	LIFE4POLL2161-p-1001871	visits flowers of	http://purl.obolibrary.org/obo/RO_0002622
LIFE4POLL2162	LIFE4POLL2162-a-1001872	LIFE4POLL2162-p-1001872	visits flowers of	http://purl.obolibrary.org/obo/RO_0002622
LIFE4POLL2164	LIFE4POLL2164-a-1001873	LIFE4POLL2164-p-1001873	visits flowers of	http://purl.obolibrary.org/obo/RO_0002622
LIFE4POLL2165	LIFE4POLL2165-a-1001874	LIFE4POLL2165-p-1001874	visits flowers of	http://purl.obolibrary.org/obo/RO_0002622
LIFE4POLL2166	LIFE4POLL2166-a-1001875	LIFE4POLL2166-p-1001875	visits flowers of	http://purl.obolibrary.org/obo/RO_0002622
LIFE4POLL2167	LIFE4POLL2167-a-1001876	LIFE4POLL2167-p-1001876	visits flowers of	http://purl.obolibrary.org/obo/RO_0002622
LIFE4POLL2168	LIFE4POLL2168-a-1001877	LIFE4POLL2168-p-1001877	visits flowers of	http://purl.obolibrary.org/obo/RO_0002622
LIFE4POLL2169	LIFE4POLL2169-a-1001878	LIFE4POLL2169-p-1001878	visits flowers of	http://purl.obolibrary.org/obo/RO_0002622
LIFE4POLL2170	LIFE4POLL2170-a-1001879	LIFE4POLL2170-p-1001879	visits flowers of	http://purl.obolibrary.org/obo/RO_0002622
LIFE4POLL2171	LIFE4POLL2171-a-1001880	LIFE4POLL2171-p-1001880	visits flowers of	http://purl.obolibrary.org/obo/RO_0002622
LIFE4POLL2172	LIFE4POLL2172-a-1001881	LIFE4POLL2172-p-1001881	visits flowers of	http://purl.obolibrary.org/obo/RO_0002622
LIFE4POLL2173	LIFE4POLL2173-a-1001882	LIFE4POLL2173-p-1001882	visits flowers of	http://purl.obolibrary.org/obo/RO_0002622
LIFE4POLL2174	LIFE4POLL2174-a-1001883	LIFE4POLL2174-p-1001883	visits flowers of	http://purl.obolibrary.org/obo/RO_0002622
LIFE4POLL2175	LIFE4POLL2175-a-1001884	LIFE4POLL2175-p-1001884	visits flowers of	http://purl.obolibrary.org/obo/RO_0002622
LIFE4POLL2176	LIFE4POLL2176-a-1001885	LIFE4POLL2176-p-1001885	visits flowers of	http://purl.obolibrary.org/obo/RO_0002622
LIFE4POLL2177	LIFE4POLL2177-a-1001886	LIFE4POLL2177-p-1001886	visits flowers of	http://purl.obolibrary.org/obo/RO_0002622
LIFE4POLL2178	LIFE4POLL2178-a-1001887	LIFE4POLL2178-p-1001887	visits flowers of	http://purl.obolibrary.org/obo/RO_0002622
LIFE4POLL2179	LIFE4POLL2179-a-1001888	LIFE4POLL2179-p-1001888	visits flowers of	http://purl.obolibrary.org/obo/RO_0002622
LIFE4POLL2180	LIFE4POLL2180-a-1001889	LIFE4POLL2180-p-1001889	visits flowers of	http://purl.obolibrary.org/obo/RO_0002622
LIFE4POLL2181	LIFE4POLL2181-a-1001890	LIFE4POLL2181-p-1001890	visits flowers of	http://purl.obolibrary.org/obo/RO_0002622
LIFE4POLL2182	LIFE4POLL2182-a-1001891	LIFE4POLL2182-p-1001891	visits flowers of	http://purl.obolibrary.org/obo/RO_0002622
LIFE4POLL2183	LIFE4POLL2183-a-1001892	LIFE4POLL2183-p-1001892	visits flowers of	http://purl.obolibrary.org/obo/RO_0002622
LIFE4POLL2184	LIFE4POLL2184-a-1001893	LIFE4POLL2184-p-1001893	visits flowers of	http://purl.obolibrary.org/obo/RO_0002622
LIFE4POLL2185	LIFE4POLL2185-a-1001894	LIFE4POLL2185-p-1001894	visits flowers of	http://purl.obolibrary.org/obo/RO_0002622
LIFE4POLL2186	LIFE4POLL2186-a-1001895	LIFE4POLL2186-p-1001895	visits flowers of	http://purl.obolibrary.org/obo/RO_0002622
LIFE4POLL2187	LIFE4POLL2187-a-1001896	LIFE4POLL2187-p-1001896	visits flowers of	http://purl.obolibrary.org/obo/RO_0002622
LIFE4POLL2188	LIFE4POLL2188-a-1001897	LIFE4POLL2188-p-1001897	visits flowers of	http://purl.obolibrary.org/obo/RO_0002622
LIFE4POLL2189	LIFE4POLL2189-a-1001898	LIFE4POLL2189-p-1001898	visits flowers of	http://purl.obolibrary.org/obo/RO_0002622
LIFE4POLL2190	LIFE4POLL2190-a-1001899	LIFE4POLL2190-p-1001899	visits flowers of	http://purl.obolibrary.org/obo/RO_0002622
LIFE4POLL2191	LIFE4POLL2191-a-1001900	LIFE4POLL2191-p-1001900	visits flowers of	http://purl.obolibrary.org/obo/RO_0002622
LIFE4POLL2192	LIFE4POLL2192-a-1001901	LIFE4POLL2192-p-1001901	visits flowers of	http://purl.obolibrary.org/obo/RO_0002622
LIFE4POLL2193	LIFE4POLL2193-a-1001902	LIFE4POLL2193-p-1001902	visits flowers of	http://purl.obolibrary.org/obo/RO_0002622
LIFE4POLL2194	LIFE4POLL2194-a-1001903	LIFE4POLL2194-p-1001903	visits flowers of	http://purl.obolibrary.org/obo/RO_0002622
LIFE4POLL2195	LIFE4POLL2195-a-1001904	LIFE4POLL2195-p-1001904	visits flowers of	http://purl.obolibrary.org/obo/RO_0002622
LIFE4POLL2196	LIFE4POLL2196-a-1001905	LIFE4POLL2196-p-1001905	visits flowers of	http://purl.obolibrary.org/obo/RO_0002622
LIFE4POLL2197	LIFE4POLL2197-a-1001906	LIFE4POLL2197-p-1001906	visits flowers of	http://purl.obolibrary.org/obo/RO_0002622
LIFE4POLL2198	LIFE4POLL2198-a-1001907	LIFE4POLL2198-p-1001907	visits flowers of	http://purl.obolibrary.org/obo/RO_0002622
LIFE4POLL2199	LIFE4POLL2199-a-1001908	LIFE4POLL2199-p-1001908	visits flowers of	http://purl.obolibrary.org/obo/RO_0002622
LIFE4POLL2200	LIFE4POLL2200-a-1001909	LIFE4POLL2200-p-1001909	visits flowers of	http://purl.obolibrary.org/obo/RO_0002622
LIFE4POLL2201	LIFE4POLL2201-a-1001910	LIFE4POLL2201-p-1001910	visits flowers of	http://purl.obolibrary.org/obo/RO_0002622
LIFE4POLL2202	LIFE4POLL2202-a-1001911	LIFE4POLL2202-p-1001911	visits flowers of	http://purl.obolibrary.org/obo/RO_0002622
LIFE4POLL2203	LIFE4POLL2203-a-1001912	LIFE4POLL2203-p-1001912	visits flowers of	http://purl.obolibrary.org/obo/RO_0002622
LIFE4POLL2204	LIFE4POLL2204-a-1001913	LIFE4POLL2204-p-1001913	visits flowers of	http://purl.obolibrary.org/obo/RO_0002622
LIFE4POLL2205	LIFE4POLL2205-a-1001914	LIFE4POLL2205-p-1001914	visits flowers of	http://purl.obolibrary.org/obo/RO_0002622
LIFE4POLL2206	LIFE4POLL2206-a-1001915	LIFE4POLL2206-p-1001915	visits flowers of	http://purl.obolibrary.org/obo/RO_0002622
LIFE4POLL2207	LIFE4POLL2207-a-1001916	LIFE4POLL2207-p-1001916	visits flowers of	http://purl.obolibrary.org/obo/RO_0002622
LIFE4POLL2208	LIFE4POLL2208-a-1001917	LIFE4POLL2208-p-1001917	visits flowers of	http://purl.obolibrary.org/obo/RO_0002622
LIFE4POLL2209	LIFE4POLL2209-a-1001918	LIFE4POLL2209-p-1001918	visits flowers of	http://purl.obolibrary.org/obo/RO_0002622
LIFE4POLL2210	LIFE4POLL2210-a-1001919	LIFE4POLL2210-p-1001919	visits flowers of	http://purl.obolibrary.org/obo/RO_0002622
LIFE4POLL2211	LIFE4POLL2211-a-1001920	LIFE4POLL2211-p-1001920	visits flowers of	http://purl.obolibrary.org/obo/RO_0002622
LIFE4POLL2212	LIFE4POLL2212-a-1001921	LIFE4POLL2212-p-1001921	visits flowers of	http://purl.obolibrary.org/obo/RO_0002622
LIFE4POLL2213	LIFE4POLL2213-a-1001922	LIFE4POLL2213-p-1001922	visits flowers of	http://purl.obolibrary.org/obo/RO_0002622
LIFE4POLL2214	LIFE4POLL2214-a-1001923	LIFE4POLL2214-p-1001923	visits flowers of	http://purl.obolibrary.org/obo/RO_0002622
LIFE4POLL2215	LIFE4POLL2215-a-1001924	LIFE4POLL2215-p-1001924	visits flowers of	http://purl.obolibrary.org/obo/RO_0002622
LIFE4POLL2216	LIFE4POLL2216-a-1001925	LIFE4POLL2216-p-1001925	visits flowers of	http://purl.obolibrary.org/obo/RO_0002622
LIFE4POLL2217	LIFE4POLL2217-a-1001926	LIFE4POLL2217-p-1001926	visits flowers of	http://purl.obolibrary.org/obo/RO_0002622
LIFE4POLL2218	LIFE4POLL2218-a-1001927	LIFE4POLL2218-p-1001927	visits flowers of	http://purl.obolibrary.org/obo/RO_0002622
LIFE4POLL2219	LIFE4POLL2219-a-1001928	LIFE4POLL2219-p-1001928	visits flowers of	http://purl.obolibrary.org/obo/RO_0002622
LIFE4POLL2220	LIFE4POLL2220-a-1001929	LIFE4POLL2220-p-1001929	visits flowers of	http://purl.obolibrary.org/obo/RO_0002622
LIFE4POLL2221	LIFE4POLL2221-a-1001930	LIFE4POLL2221-p-1001930	visits flowers of	http://purl.obolibrary.org/obo/RO_0002622
LIFE4POLL2222	LIFE4POLL2222-a-1001931	LIFE4POLL2222-p-1001931	visits flowers of	http://purl.obolibrary.org/obo/RO_0002622
LIFE4POLL2223	LIFE4POLL2223-a-1001932	LIFE4POLL2223-p-1001932	visits flowers of	http://purl.obolibrary.org/obo/RO_0002622
LIFE4POLL2224	LIFE4POLL2224-a-1001933	LIFE4POLL2224-p-1001933	visits flowers of	http://purl.obolibrary.org/obo/RO_0002622
LIFE4POLL2225	LIFE4POLL2225-a-1001934	LIFE4POLL2225-p-1001934	visits flowers of	http://purl.obolibrary.org/obo/RO_0002622
LIFE4POLL2226	LIFE4POLL2226-a-1001935	LIFE4POLL2226-p-1001935	visits flowers of	http://purl.obolibrary.org/obo/RO_0002622
LIFE4POLL2227	LIFE4POLL2227-a-1001936	LIFE4POLL2227-p-1001936	visits flowers of	http://purl.obolibrary.org/obo/RO_0002622
LIFE4POLL2228	LIFE4POLL2228-a-1001937	LIFE4POLL2228-p-1001937	visits flowers of	http://purl.obolibrary.org/obo/RO_0002622
LIFE4POLL2229	LIFE4POLL2229-a-1001938	LIFE4POLL2229-p-1001938	visits flowers of	http://purl.obolibrary.org/obo/RO_0002622
LIFE4POLL2230	LIFE4POLL2230-a-1001939	LIFE4POLL2230-p-1001939	visits flowers of	http://purl.obolibrary.org/obo/RO_0002622
LIFE4POLL2231	LIFE4POLL2231-a-1001940	LIFE4POLL2231-p-1001940	visits flowers of	http://purl.obolibrary.org/obo/RO_0002622
LIFE4POLL2232	LIFE4POLL2232-a-1001941	LIFE4POLL2232-p-1001941	visits flowers of	http://purl.obolibrary.org/obo/RO_0002622
LIFE4POLL2233	LIFE4POLL2233-a-1001942	LIFE4POLL2233-p-1001942	visits flowers of	http://purl.obolibrary.org/obo/RO_0002622
LIFE4POLL2234	LIFE4POLL2234-a-1001943	LIFE4POLL2234-p-1001943	visits flowers of	http://purl.obolibrary.org/obo/RO_0002622
LIFE4POLL2235	LIFE4POLL2235-a-1001944	LIFE4POLL2235-p-1001944	visits flowers of	http://purl.obolibrary.org/obo/RO_0002622
LIFE4POLL2236	LIFE4POLL2236-a-1001945	LIFE4POLL2236-p-1001945	visits flowers of	http://purl.obolibrary.org/obo/RO_0002622
LIFE4POLL2238	LIFE4POLL2238-a-1001946	LIFE4POLL2238-p-1001946	visits flowers of	http://purl.obolibrary.org/obo/RO_0002622
LIFE4POLL2239	LIFE4POLL2239-a-1001947	LIFE4POLL2239-p-1001947	visits flowers of	http://purl.obolibrary.org/obo/RO_0002622
LIFE4POLL2240	LIFE4POLL2240-a-1001948	LIFE4POLL2240-p-1001948	visits flowers of	http://purl.obolibrary.org/obo/RO_0002622
LIFE4POLL2241	LIFE4POLL2241-a-1001949	LIFE4POLL2241-p-1001949	visits flowers of	http://purl.obolibrary.org/obo/RO_0002622
LIFE4POLL2242	LIFE4POLL2242-a-1001950	LIFE4POLL2242-p-1001950	visits flowers of	http://purl.obolibrary.org/obo/RO_0002622
LIFE4POLL2243	LIFE4POLL2243-a-1001951	LIFE4POLL2243-p-1001951	visits flowers of	http://purl.obolibrary.org/obo/RO_0002622
LIFE4POLL2244	LIFE4POLL2244-a-1001952	LIFE4POLL2244-p-1001952	visits flowers of	http://purl.obolibrary.org/obo/RO_0002622
LIFE4POLL2245	LIFE4POLL2245-a-1001953	LIFE4POLL2245-p-1001953	visits flowers of	http://purl.obolibrary.org/obo/RO_0002622
LIFE4POLL2246	LIFE4POLL2246-a-1001954	LIFE4POLL2246-p-1001954	visits flowers of	http://purl.obolibrary.org/obo/RO_0002622
LIFE4POLL2247	LIFE4POLL2247-a-1001955	LIFE4POLL2247-p-1001955	visits flowers of	http://purl.obolibrary.org/obo/RO_0002622
LIFE4POLL2248	LIFE4POLL2248-a-1001956	LIFE4POLL2248-p-1001956	visits flowers of	http://purl.obolibrary.org/obo/RO_0002622
LIFE4POLL2249	LIFE4POLL2249-a-1001957	LIFE4POLL2249-p-1001957	visits flowers of	http://purl.obolibrary.org/obo/RO_0002622
LIFE4POLL2250	LIFE4POLL2250-a-1001958	LIFE4POLL2250-p-1001958	visits flowers of	http://purl.obolibrary.org/obo/RO_0002622
LIFE4POLL2251	LIFE4POLL2251-a-1001959	LIFE4POLL2251-p-1001959	visits flowers of	http://purl.obolibrary.org/obo/RO_0002622
LIFE4POLL2252	LIFE4POLL2252-a-1001960	LIFE4POLL2252-p-1001960	visits flowers of	http://purl.obolibrary.org/obo/RO_0002622
LIFE4POLL2253	LIFE4POLL2253-a-1001961	LIFE4POLL2253-p-1001961	visits flowers of	http://purl.obolibrary.org/obo/RO_0002622
LIFE4POLL2254	LIFE4POLL2254-a-1001962	LIFE4POLL2254-p-1001962	visits flowers of	http://purl.obolibrary.org/obo/RO_0002622
LIFE4POLL2255	LIFE4POLL2255-a-1001963	LIFE4POLL2255-p-1001963	visits flowers of	http://purl.obolibrary.org/obo/RO_0002622
LIFE4POLL2256	LIFE4POLL2256-a-1001964	LIFE4POLL2256-p-1001964	visits flowers of	http://purl.obolibrary.org/obo/RO_0002622
LIFE4POLL2257	LIFE4POLL2257-a-1001965	LIFE4POLL2257-p-1001965	visits flowers of	http://purl.obolibrary.org/obo/RO_0002622
LIFE4POLL2258	LIFE4POLL2258-a-1001966	LIFE4POLL2258-p-1001966	visits flowers of	http://purl.obolibrary.org/obo/RO_0002622
LIFE4POLL2259	LIFE4POLL2259-a-1001967	LIFE4POLL2259-p-1001967	visits flowers of	http://purl.obolibrary.org/obo/RO_0002622
LIFE4POLL2260	LIFE4POLL2260-a-1001968	LIFE4POLL2260-p-1001968	visits flowers of	http://purl.obolibrary.org/obo/RO_0002622
LIFE4POLL2262	LIFE4POLL2262-a-1001969	LIFE4POLL2262-p-1001969	visits flowers of	http://purl.obolibrary.org/obo/RO_0002622
LIFE4POLL2263	LIFE4POLL2263-a-1001970	LIFE4POLL2263-p-1001970	visits flowers of	http://purl.obolibrary.org/obo/RO_0002622
LIFE4POLL2264	LIFE4POLL2264-a-1001971	LIFE4POLL2264-p-1001971	visits flowers of	http://purl.obolibrary.org/obo/RO_0002622
LIFE4POLL2265	LIFE4POLL2265-a-1001972	LIFE4POLL2265-p-1001972	visits flowers of	http://purl.obolibrary.org/obo/RO_0002622
LIFE4POLL2266	LIFE4POLL2266-a-1001973	LIFE4POLL2266-p-1001973	visits flowers of	http://purl.obolibrary.org/obo/RO_0002622
LIFE4POLL2267	LIFE4POLL2267-a-1001974	LIFE4POLL2267-p-1001974	visits flowers of	http://purl.obolibrary.org/obo/RO_0002622
LIFE4POLL2269	LIFE4POLL2269-a-1001975	LIFE4POLL2269-p-1001975	visits flowers of	http://purl.obolibrary.org/obo/RO_0002622
LIFE4POLL2270	LIFE4POLL2270-a-1001976	LIFE4POLL2270-p-1001976	visits flowers of	http://purl.obolibrary.org/obo/RO_0002622
LIFE4POLL2272	LIFE4POLL2272-a-1001977	LIFE4POLL2272-p-1001977	visits flowers of	http://purl.obolibrary.org/obo/RO_0002622
LIFE4POLL2273	LIFE4POLL2273-a-1001978	LIFE4POLL2273-p-1001978	visits flowers of	http://purl.obolibrary.org/obo/RO_0002622
LIFE4POLL2274	LIFE4POLL2274-a-1001979	LIFE4POLL2274-p-1001979	visits flowers of	http://purl.obolibrary.org/obo/RO_0002622
LIFE4POLL2277	LIFE4POLL2277-a-1001980	LIFE4POLL2277-p-1001980	visits flowers of	http://purl.obolibrary.org/obo/RO_0002622
LIFE4POLL2281	LIFE4POLL2281-a-1001981	LIFE4POLL2281-p-1001981	visits flowers of	http://purl.obolibrary.org/obo/RO_0002622
LIFE4POLL2284	LIFE4POLL2284-a-1001982	LIFE4POLL2284-p-1001982	visits flowers of	http://purl.obolibrary.org/obo/RO_0002622
LIFE4POLL2285	LIFE4POLL2285-a-1001983	LIFE4POLL2285-p-1001983	visits flowers of	http://purl.obolibrary.org/obo/RO_0002622
LIFE4POLL2286	LIFE4POLL2286-a-1001984	LIFE4POLL2286-p-1001984	visits flowers of	http://purl.obolibrary.org/obo/RO_0002622
LIFE4POLL2287	LIFE4POLL2287-a-1001985	LIFE4POLL2287-p-1001985	visits flowers of	http://purl.obolibrary.org/obo/RO_0002622
LIFE4POLL2288	LIFE4POLL2288-a-1001986	LIFE4POLL2288-p-1001986	visits flowers of	http://purl.obolibrary.org/obo/RO_0002622
LIFE4POLL2289	LIFE4POLL2289-a-1001987	LIFE4POLL2289-p-1001987	visits flowers of	http://purl.obolibrary.org/obo/RO_0002622
LIFE4POLL2290	LIFE4POLL2290-a-1001988	LIFE4POLL2290-p-1001988	visits flowers of	http://purl.obolibrary.org/obo/RO_0002622
LIFE4POLL2291	LIFE4POLL2291-a-1001989	LIFE4POLL2291-p-1001989	visits flowers of	http://purl.obolibrary.org/obo/RO_0002622
LIFE4POLL2292	LIFE4POLL2292-a-1001990	LIFE4POLL2292-p-1001990	visits flowers of	http://purl.obolibrary.org/obo/RO_0002622
LIFE4POLL2293	LIFE4POLL2293-a-1001991	LIFE4POLL2293-p-1001991	visits flowers of	http://purl.obolibrary.org/obo/RO_0002622
LIFE4POLL2294	LIFE4POLL2294-a-1001992	LIFE4POLL2294-p-1001992	visits flowers of	http://purl.obolibrary.org/obo/RO_0002622
LIFE4POLL2295	LIFE4POLL2295-a-1001993	LIFE4POLL2295-p-1001993	visits flowers of	http://purl.obolibrary.org/obo/RO_0002622
LIFE4POLL2296	LIFE4POLL2296-a-1001994	LIFE4POLL2296-p-1001994	visits flowers of	http://purl.obolibrary.org/obo/RO_0002622
LIFE4POLL2297	LIFE4POLL2297-a-1001995	LIFE4POLL2297-p-1001995	visits flowers of	http://purl.obolibrary.org/obo/RO_0002622
LIFE4POLL2298	LIFE4POLL2298-a-1001996	LIFE4POLL2298-p-1001996	visits flowers of	http://purl.obolibrary.org/obo/RO_0002622
LIFE4POLL2299	LIFE4POLL2299-a-1001997	LIFE4POLL2299-p-1001997	visits flowers of	http://purl.obolibrary.org/obo/RO_0002622
LIFE4POLL2300	LIFE4POLL2300-a-1001998	LIFE4POLL2300-p-1001998	visits flowers of	http://purl.obolibrary.org/obo/RO_0002622
LIFE4POLL2301	LIFE4POLL2301-a-1001999	LIFE4POLL2301-p-1001999	visits flowers of	http://purl.obolibrary.org/obo/RO_0002622
LIFE4POLL2302	LIFE4POLL2302-a-1002000	LIFE4POLL2302-p-1002000	visits flowers of	http://purl.obolibrary.org/obo/RO_0002622
LIFE4POLL2303	LIFE4POLL2303-a-1002001	LIFE4POLL2303-p-1002001	visits flowers of	http://purl.obolibrary.org/obo/RO_0002622
LIFE4POLL2305	LIFE4POLL2305-a-1002002	LIFE4POLL2305-p-1002002	visits flowers of	http://purl.obolibrary.org/obo/RO_0002622
LIFE4POLL2306	LIFE4POLL2306-a-1002003	LIFE4POLL2306-p-1002003	visits flowers of	http://purl.obolibrary.org/obo/RO_0002622
LIFE4POLL2307	LIFE4POLL2307-a-1002004	LIFE4POLL2307-p-1002004	visits flowers of	http://purl.obolibrary.org/obo/RO_0002622
LIFE4POLL2308	LIFE4POLL2308-a-1002005	LIFE4POLL2308-p-1002005	visits flowers of	http://purl.obolibrary.org/obo/RO_0002622
LIFE4POLL2309	LIFE4POLL2309-a-1002006	LIFE4POLL2309-p-1002006	visits flowers of	http://purl.obolibrary.org/obo/RO_0002622
LIFE4POLL2310	LIFE4POLL2310-a-1002007	LIFE4POLL2310-p-1002007	visits flowers of	http://purl.obolibrary.org/obo/RO_0002622
LIFE4POLL2311	LIFE4POLL2311-a-1002008	LIFE4POLL2311-p-1002008	visits flowers of	http://purl.obolibrary.org/obo/RO_0002622
LIFE4POLL2312	LIFE4POLL2312-a-1002009	LIFE4POLL2312-p-1002009	visits flowers of	http://purl.obolibrary.org/obo/RO_0002622
LIFE4POLL2313	LIFE4POLL2313-a-1002010	LIFE4POLL2313-p-1002010	visits flowers of	http://purl.obolibrary.org/obo/RO_0002622
LIFE4POLL2314	LIFE4POLL2314-a-1002011	LIFE4POLL2314-p-1002011	visits flowers of	http://purl.obolibrary.org/obo/RO_0002622
LIFE4POLL2315	LIFE4POLL2315-a-1002012	LIFE4POLL2315-p-1002012	visits flowers of	http://purl.obolibrary.org/obo/RO_0002622
LIFE4POLL2316	LIFE4POLL2316-a-1002013	LIFE4POLL2316-p-1002013	visits flowers of	http://purl.obolibrary.org/obo/RO_0002622
LIFE4POLL2317	LIFE4POLL2317-a-1002014	LIFE4POLL2317-p-1002014	visits flowers of	http://purl.obolibrary.org/obo/RO_0002622
LIFE4POLL2318	LIFE4POLL2318-a-1002015	LIFE4POLL2318-p-1002015	visits flowers of	http://purl.obolibrary.org/obo/RO_0002622
LIFE4POLL2319	LIFE4POLL2319-a-1002016	LIFE4POLL2319-p-1002016	visits flowers of	http://purl.obolibrary.org/obo/RO_0002622
LIFE4POLL2320	LIFE4POLL2320-a-1002017	LIFE4POLL2320-p-1002017	visits flowers of	http://purl.obolibrary.org/obo/RO_0002622
LIFE4POLL2321	LIFE4POLL2321-a-1002018	LIFE4POLL2321-p-1002018	visits flowers of	http://purl.obolibrary.org/obo/RO_0002622
LIFE4POLL2324	LIFE4POLL2324-a-1002019	LIFE4POLL2324-p-1002019	visits flowers of	http://purl.obolibrary.org/obo/RO_0002622
LIFE4POLL2325	LIFE4POLL2325-a-1002020	LIFE4POLL2325-p-1002020	visits flowers of	http://purl.obolibrary.org/obo/RO_0002622
LIFE4POLL2326	LIFE4POLL2326-a-1002021	LIFE4POLL2326-p-1002021	visits flowers of	http://purl.obolibrary.org/obo/RO_0002622
LIFE4POLL2327	LIFE4POLL2327-a-1002022	LIFE4POLL2327-p-1002022	visits flowers of	http://purl.obolibrary.org/obo/RO_0002622
LIFE4POLL2328	LIFE4POLL2328-a-1002023	LIFE4POLL2328-p-1002023	visits flowers of	http://purl.obolibrary.org/obo/RO_0002622
LIFE4POLL2329	LIFE4POLL2329-a-1002024	LIFE4POLL2329-p-1002024	visits flowers of	http://purl.obolibrary.org/obo/RO_0002622
LIFE4POLL2330	LIFE4POLL2330-a-1002025	LIFE4POLL2330-p-1002025	visits flowers of	http://purl.obolibrary.org/obo/RO_0002622
LIFE4POLL2331	LIFE4POLL2331-a-1002026	LIFE4POLL2331-p-1002026	visits flowers of	http://purl.obolibrary.org/obo/RO_0002622
LIFE4POLL2332	LIFE4POLL2332-a-1002027	LIFE4POLL2332-p-1002027	visits flowers of	http://purl.obolibrary.org/obo/RO_0002622
LIFE4POLL2333	LIFE4POLL2333-a-1002028	LIFE4POLL2333-p-1002028	visits flowers of	http://purl.obolibrary.org/obo/RO_0002622
LIFE4POLL2334	LIFE4POLL2334-a-1002029	LIFE4POLL2334-p-1002029	visits flowers of	http://purl.obolibrary.org/obo/RO_0002622
LIFE4POLL2335	LIFE4POLL2335-a-1002030	LIFE4POLL2335-p-1002030	visits flowers of	http://purl.obolibrary.org/obo/RO_0002622
LIFE4POLL2336	LIFE4POLL2336-a-1002031	LIFE4POLL2336-p-1002031	visits flowers of	http://purl.obolibrary.org/obo/RO_0002622
LIFE4POLL2337	LIFE4POLL2337-a-1002032	LIFE4POLL2337-p-1002032	visits flowers of	http://purl.obolibrary.org/obo/RO_0002622
LIFE4POLL2338	LIFE4POLL2338-a-1002033	LIFE4POLL2338-p-1002033	visits flowers of	http://purl.obolibrary.org/obo/RO_0002622
LIFE4POLL2339	LIFE4POLL2339-a-1002034	LIFE4POLL2339-p-1002034	visits flowers of	http://purl.obolibrary.org/obo/RO_0002622
LIFE4POLL2340	LIFE4POLL2340-a-1002035	LIFE4POLL2340-p-1002035	visits flowers of	http://purl.obolibrary.org/obo/RO_0002622
LIFE4POLL2341	LIFE4POLL2341-a-1002036	LIFE4POLL2341-p-1002036	visits flowers of	http://purl.obolibrary.org/obo/RO_0002622
LIFE4POLL2342	LIFE4POLL2342-a-1002037	LIFE4POLL2342-p-1002037	visits flowers of	http://purl.obolibrary.org/obo/RO_0002622
LIFE4POLL2343	LIFE4POLL2343-a-1002038	LIFE4POLL2343-p-1002038	visits flowers of	http://purl.obolibrary.org/obo/RO_0002622
LIFE4POLL2344	LIFE4POLL2344-a-1002039	LIFE4POLL2344-p-1002039	visits flowers of	http://purl.obolibrary.org/obo/RO_0002622
LIFE4POLL2345	LIFE4POLL2345-a-1002040	LIFE4POLL2345-p-1002040	visits flowers of	http://purl.obolibrary.org/obo/RO_0002622
LIFE4POLL2346	LIFE4POLL2346-a-1002041	LIFE4POLL2346-p-1002041	visits flowers of	http://purl.obolibrary.org/obo/RO_0002622
LIFE4POLL2347	LIFE4POLL2347-a-1002042	LIFE4POLL2347-p-1002042	visits flowers of	http://purl.obolibrary.org/obo/RO_0002622
LIFE4POLL2348	LIFE4POLL2348-a-1002043	LIFE4POLL2348-p-1002043	visits flowers of	http://purl.obolibrary.org/obo/RO_0002622
LIFE4POLL2349	LIFE4POLL2349-a-1002044	LIFE4POLL2349-p-1002044	visits flowers of	http://purl.obolibrary.org/obo/RO_0002622
LIFE4POLL2350	LIFE4POLL2350-a-1002045	LIFE4POLL2350-p-1002045	visits flowers of	http://purl.obolibrary.org/obo/RO_0002622
LIFE4POLL2351	LIFE4POLL2351-a-1002046	LIFE4POLL2351-p-1002046	visits flowers of	http://purl.obolibrary.org/obo/RO_0002622
LIFE4POLL2352	LIFE4POLL2352-a-1002047	LIFE4POLL2352-p-1002047	visits flowers of	http://purl.obolibrary.org/obo/RO_0002622
LIFE4POLL2353	LIFE4POLL2353-a-1002048	LIFE4POLL2353-p-1002048	visits flowers of	http://purl.obolibrary.org/obo/RO_0002622
LIFE4POLL2354	LIFE4POLL2354-a-1002049	LIFE4POLL2354-p-1002049	visits flowers of	http://purl.obolibrary.org/obo/RO_0002622
LIFE4POLL2355	LIFE4POLL2355-a-1002050	LIFE4POLL2355-p-1002050	visits flowers of	http://purl.obolibrary.org/obo/RO_0002622
LIFE4POLL2356	LIFE4POLL2356-a-1002051	LIFE4POLL2356-p-1002051	visits flowers of	http://purl.obolibrary.org/obo/RO_0002622
LIFE4POLL2357	LIFE4POLL2357-a-1002052	LIFE4POLL2357-p-1002052	visits flowers of	http://purl.obolibrary.org/obo/RO_0002622
LIFE4POLL2358	LIFE4POLL2358-a-1002053	LIFE4POLL2358-p-1002053	visits flowers of	http://purl.obolibrary.org/obo/RO_0002622
LIFE4POLL2359	LIFE4POLL2359-a-1002054	LIFE4POLL2359-p-1002054	visits flowers of	http://purl.obolibrary.org/obo/RO_0002622
LIFE4POLL2360	LIFE4POLL2360-a-1002055	LIFE4POLL2360-p-1002055	visits flowers of	http://purl.obolibrary.org/obo/RO_0002622
LIFE4POLL2361	LIFE4POLL2361-a-1002056	LIFE4POLL2361-p-1002056	visits flowers of	http://purl.obolibrary.org/obo/RO_0002622
LIFE4POLL2362	LIFE4POLL2362-a-1002057	LIFE4POLL2362-p-1002057	visits flowers of	http://purl.obolibrary.org/obo/RO_0002622
LIFE4POLL2363	LIFE4POLL2363-a-1002058	LIFE4POLL2363-p-1002058	visits flowers of	http://purl.obolibrary.org/obo/RO_0002622
LIFE4POLL2365	LIFE4POLL2365-a-1002059	LIFE4POLL2365-p-1002059	visits flowers of	http://purl.obolibrary.org/obo/RO_0002622
LIFE4POLL2366	LIFE4POLL2366-a-1002060	LIFE4POLL2366-p-1002060	visits flowers of	http://purl.obolibrary.org/obo/RO_0002622
LIFE4POLL2368	LIFE4POLL2368-a-1002061	LIFE4POLL2368-p-1002061	visits flowers of	http://purl.obolibrary.org/obo/RO_0002622
LIFE4POLL2371	LIFE4POLL2371-a-1002062	LIFE4POLL2371-p-1002062	visits flowers of	http://purl.obolibrary.org/obo/RO_0002622
LIFE4POLL2372	LIFE4POLL2372-a-1002063	LIFE4POLL2372-p-1002063	visits flowers of	http://purl.obolibrary.org/obo/RO_0002622
LIFE4POLL2374	LIFE4POLL2374-a-1002064	LIFE4POLL2374-p-1002064	visits flowers of	http://purl.obolibrary.org/obo/RO_0002622
LIFE4POLL2377	LIFE4POLL2377-a-1002065	LIFE4POLL2377-p-1002065	visits flowers of	http://purl.obolibrary.org/obo/RO_0002622
LIFE4POLL2378	LIFE4POLL2378-a-1002066	LIFE4POLL2378-p-1002066	visits flowers of	http://purl.obolibrary.org/obo/RO_0002622
LIFE4POLL2379	LIFE4POLL2379-a-1002067	LIFE4POLL2379-p-1002067	visits flowers of	http://purl.obolibrary.org/obo/RO_0002622
LIFE4POLL2380	LIFE4POLL2380-a-1002068	LIFE4POLL2380-p-1002068	visits flowers of	http://purl.obolibrary.org/obo/RO_0002622
LIFE4POLL2381	LIFE4POLL2381-a-1002069	LIFE4POLL2381-p-1002069	visits flowers of	http://purl.obolibrary.org/obo/RO_0002622
LIFE4POLL2382	LIFE4POLL2382-a-1002070	LIFE4POLL2382-p-1002070	visits flowers of	http://purl.obolibrary.org/obo/RO_0002622
LIFE4POLL2383	LIFE4POLL2383-a-1002071	LIFE4POLL2383-p-1002071	visits flowers of	http://purl.obolibrary.org/obo/RO_0002622
LIFE4POLL2384	LIFE4POLL2384-a-1002072	LIFE4POLL2384-p-1002072	visits flowers of	http://purl.obolibrary.org/obo/RO_0002622
LIFE4POLL2385	LIFE4POLL2385-a-1002073	LIFE4POLL2385-p-1002073	visits flowers of	http://purl.obolibrary.org/obo/RO_0002622
LIFE4POLL2386	LIFE4POLL2386-a-1002074	LIFE4POLL2386-p-1002074	visits flowers of	http://purl.obolibrary.org/obo/RO_0002622
LIFE4POLL2387	LIFE4POLL2387-a-1002075	LIFE4POLL2387-p-1002075	visits flowers of	http://purl.obolibrary.org/obo/RO_0002622
LIFE4POLL2388	LIFE4POLL2388-a-1002076	LIFE4POLL2388-p-1002076	visits flowers of	http://purl.obolibrary.org/obo/RO_0002622
LIFE4POLL2389	LIFE4POLL2389-a-1002077	LIFE4POLL2389-p-1002077	visits flowers of	http://purl.obolibrary.org/obo/RO_0002622
LIFE4POLL2390	LIFE4POLL2390-a-1002078	LIFE4POLL2390-p-1002078	visits flowers of	http://purl.obolibrary.org/obo/RO_0002622
LIFE4POLL2391	LIFE4POLL2391-a-1002079	LIFE4POLL2391-p-1002079	visits flowers of	http://purl.obolibrary.org/obo/RO_0002622
LIFE4POLL2392	LIFE4POLL2392-a-1002080	LIFE4POLL2392-p-1002080	visits flowers of	http://purl.obolibrary.org/obo/RO_0002622
LIFE4POLL2393	LIFE4POLL2393-a-1002081	LIFE4POLL2393-p-1002081	visits flowers of	http://purl.obolibrary.org/obo/RO_0002622
LIFE4POLL2394	LIFE4POLL2394-a-1002082	LIFE4POLL2394-p-1002082	visits flowers of	http://purl.obolibrary.org/obo/RO_0002622
LIFE4POLL2395	LIFE4POLL2395-a-1002083	LIFE4POLL2395-p-1002083	visits flowers of	http://purl.obolibrary.org/obo/RO_0002622
LIFE4POLL2396	LIFE4POLL2396-a-1002084	LIFE4POLL2396-p-1002084	visits flowers of	http://purl.obolibrary.org/obo/RO_0002622
LIFE4POLL2397	LIFE4POLL2397-a-1002085	LIFE4POLL2397-p-1002085	visits flowers of	http://purl.obolibrary.org/obo/RO_0002622
LIFE4POLL2399	LIFE4POLL2399-a-1002086	LIFE4POLL2399-p-1002086	visits flowers of	http://purl.obolibrary.org/obo/RO_0002622
LIFE4POLL2400	LIFE4POLL2400-a-1002087	LIFE4POLL2400-p-1002087	visits flowers of	http://purl.obolibrary.org/obo/RO_0002622
LIFE4POLL2401	LIFE4POLL2401-a-1002088	LIFE4POLL2401-p-1002088	visits flowers of	http://purl.obolibrary.org/obo/RO_0002622
LIFE4POLL2402	LIFE4POLL2402-a-1002089	LIFE4POLL2402-p-1002089	visits flowers of	http://purl.obolibrary.org/obo/RO_0002622
LIFE4POLL2403	LIFE4POLL2403-a-1002090	LIFE4POLL2403-p-1002090	visits flowers of	http://purl.obolibrary.org/obo/RO_0002622
LIFE4POLL2404	LIFE4POLL2404-a-1002091	LIFE4POLL2404-p-1002091	visits flowers of	http://purl.obolibrary.org/obo/RO_0002622
LIFE4POLL2405	LIFE4POLL2405-a-1002092	LIFE4POLL2405-p-1002092	visits flowers of	http://purl.obolibrary.org/obo/RO_0002622
LIFE4POLL2406	LIFE4POLL2406-a-1002093	LIFE4POLL2406-p-1002093	visits flowers of	http://purl.obolibrary.org/obo/RO_0002622
LIFE4POLL2407	LIFE4POLL2407-a-1002094	LIFE4POLL2407-p-1002094	visits flowers of	http://purl.obolibrary.org/obo/RO_0002622
LIFE4POLL2408	LIFE4POLL2408-a-1002095	LIFE4POLL2408-p-1002095	visits flowers of	http://purl.obolibrary.org/obo/RO_0002622
LIFE4POLL2409	LIFE4POLL2409-a-1002096	LIFE4POLL2409-p-1002096	visits flowers of	http://purl.obolibrary.org/obo/RO_0002622
LIFE4POLL2410	LIFE4POLL2410-a-1002097	LIFE4POLL2410-p-1002097	visits flowers of	http://purl.obolibrary.org/obo/RO_0002622
LIFE4POLL2411	LIFE4POLL2411-a-1002098	LIFE4POLL2411-p-1002098	visits flowers of	http://purl.obolibrary.org/obo/RO_0002622
LIFE4POLL2412	LIFE4POLL2412-a-1002099	LIFE4POLL2412-p-1002099	visits flowers of	http://purl.obolibrary.org/obo/RO_0002622
LIFE4POLL1485	LIFE4POLL1485-a-1002100	LIFE4POLL1485-p-1002100	visits flowers of	http://purl.obolibrary.org/obo/RO_0002622
LIFE4POLL1004	LIFE4POLL1004-a-1002101	LIFE4POLL1004-p-1002101	visits flowers of	http://purl.obolibrary.org/obo/RO_0002622
LIFE4POLL1008	LIFE4POLL1008-a-1002102	LIFE4POLL1008-p-1002102	visits flowers of	http://purl.obolibrary.org/obo/RO_0002622
LIFE4POLL1074	LIFE4POLL1074-a-1002103	LIFE4POLL1074-p-1002103	visits flowers of	http://purl.obolibrary.org/obo/RO_0002622
LIFE4POLL1082	LIFE4POLL1082-a-1002104	LIFE4POLL1082-p-1002104	visits flowers of	http://purl.obolibrary.org/obo/RO_0002622
LIFE4POLL1091	LIFE4POLL1091-a-1002105	LIFE4POLL1091-p-1002105	visits flowers of	http://purl.obolibrary.org/obo/RO_0002622
LIFE4POLL1140	LIFE4POLL1140-a-1002106	LIFE4POLL1140-p-1002106	visits flowers of	http://purl.obolibrary.org/obo/RO_0002622
LIFE4POLL1155	LIFE4POLL1155-a-1002107	LIFE4POLL1155-p-1002107	visits flowers of	http://purl.obolibrary.org/obo/RO_0002622
LIFE4POLL1155	LIFE4POLL1155-a-1002108	LIFE4POLL1155-p-1002108	visits flowers of	http://purl.obolibrary.org/obo/RO_0002622
LIFE4POLL1192	LIFE4POLL1192-a-1002109	LIFE4POLL1192-p-1002109	visits flowers of	http://purl.obolibrary.org/obo/RO_0002622
LIFE4POLL1267	LIFE4POLL1267-a-1002110	LIFE4POLL1267-p-1002110	visits flowers of	http://purl.obolibrary.org/obo/RO_0002622
LIFE4POLL1279	LIFE4POLL1279-a-1002111	LIFE4POLL1279-p-1002111	visits flowers of	http://purl.obolibrary.org/obo/RO_0002622
LIFE4POLL1281	LIFE4POLL1281-a-1002112	LIFE4POLL1281-p-1002112	visits flowers of	http://purl.obolibrary.org/obo/RO_0002622
LIFE4POLL1294	LIFE4POLL1294-a-1002113	LIFE4POLL1294-p-1002113	visits flowers of	http://purl.obolibrary.org/obo/RO_0002622
LIFE4POLL1294	LIFE4POLL1294-a-1002114	LIFE4POLL1294-p-1002114	visits flowers of	http://purl.obolibrary.org/obo/RO_0002622
LIFE4POLL131	LIFE4POLL131-a-1002115	LIFE4POLL131-p-1002115	visits flowers of	http://purl.obolibrary.org/obo/RO_0002622
LIFE4POLL1328	LIFE4POLL1328-a-1002116	LIFE4POLL1328-p-1002116	visits flowers of	http://purl.obolibrary.org/obo/RO_0002622
LIFE4POLL1355	LIFE4POLL1355-a-1002117	LIFE4POLL1355-p-1002117	visits flowers of	http://purl.obolibrary.org/obo/RO_0002622
LIFE4POLL1377	LIFE4POLL1377-a-1002118	LIFE4POLL1377-p-1002118	visits flowers of	http://purl.obolibrary.org/obo/RO_0002622
LIFE4POLL1391	LIFE4POLL1391-a-1002119	LIFE4POLL1391-p-1002119	visits flowers of	http://purl.obolibrary.org/obo/RO_0002622
LIFE4POLL1391	LIFE4POLL1391-a-1002120	LIFE4POLL1391-p-1002120	visits flowers of	http://purl.obolibrary.org/obo/RO_0002622
LIFE4POLL1391	LIFE4POLL1391-a-1002121	LIFE4POLL1391-p-1002121	visits flowers of	http://purl.obolibrary.org/obo/RO_0002622
LIFE4POLL1396	LIFE4POLL1396-a-1002122	LIFE4POLL1396-p-1002122	visits flowers of	http://purl.obolibrary.org/obo/RO_0002622
LIFE4POLL1420	LIFE4POLL1420-a-1002123	LIFE4POLL1420-p-1002123	visits flowers of	http://purl.obolibrary.org/obo/RO_0002622
LIFE4POLL1460	LIFE4POLL1460-a-1002124	LIFE4POLL1460-p-1002124	visits flowers of	http://purl.obolibrary.org/obo/RO_0002622
LIFE4POLL1460	LIFE4POLL1460-a-1002125	LIFE4POLL1460-p-1002125	visits flowers of	http://purl.obolibrary.org/obo/RO_0002622
LIFE4POLL1460	LIFE4POLL1460-a-1002126	LIFE4POLL1460-p-1002126	visits flowers of	http://purl.obolibrary.org/obo/RO_0002622
LIFE4POLL1461	LIFE4POLL1461-a-1002127	LIFE4POLL1461-p-1002127	visits flowers of	http://purl.obolibrary.org/obo/RO_0002622
LIFE4POLL1467	LIFE4POLL1467-a-1002128	LIFE4POLL1467-p-1002128	visits flowers of	http://purl.obolibrary.org/obo/RO_0002622
LIFE4POLL1485	LIFE4POLL1485-a-1002129	LIFE4POLL1485-p-1002129	visits flowers of	http://purl.obolibrary.org/obo/RO_0002622
LIFE4POLL1516	LIFE4POLL1516-a-1002130	LIFE4POLL1516-p-1002130	visits flowers of	http://purl.obolibrary.org/obo/RO_0002622
LIFE4POLL1531	LIFE4POLL1531-a-1002131	LIFE4POLL1531-p-1002131	visits flowers of	http://purl.obolibrary.org/obo/RO_0002622
LIFE4POLL1566	LIFE4POLL1566-a-1002132	LIFE4POLL1566-p-1002132	visits flowers of	http://purl.obolibrary.org/obo/RO_0002622
LIFE4POLL1574	LIFE4POLL1574-a-1002133	LIFE4POLL1574-p-1002133	visits flowers of	http://purl.obolibrary.org/obo/RO_0002622
LIFE4POLL1586	LIFE4POLL1586-a-1002134	LIFE4POLL1586-p-1002134	visits flowers of	http://purl.obolibrary.org/obo/RO_0002622
LIFE4POLL1619	LIFE4POLL1619-a-1002135	LIFE4POLL1619-p-1002135	visits flowers of	http://purl.obolibrary.org/obo/RO_0002622
LIFE4POLL1619	LIFE4POLL1619-a-1002136	LIFE4POLL1619-p-1002136	visits flowers of	http://purl.obolibrary.org/obo/RO_0002622
LIFE4POLL1688	LIFE4POLL1688-a-1002137	LIFE4POLL1688-p-1002137	visits flowers of	http://purl.obolibrary.org/obo/RO_0002622
LIFE4POLL1688	LIFE4POLL1688-a-1002138	LIFE4POLL1688-p-1002138	visits flowers of	http://purl.obolibrary.org/obo/RO_0002622
LIFE4POLL1696	LIFE4POLL1696-a-1002139	LIFE4POLL1696-p-1002139	visits flowers of	http://purl.obolibrary.org/obo/RO_0002622
LIFE4POLL1707	LIFE4POLL1707-a-1002140	LIFE4POLL1707-p-1002140	visits flowers of	http://purl.obolibrary.org/obo/RO_0002622
LIFE4POLL1727	LIFE4POLL1727-a-1002141	LIFE4POLL1727-p-1002141	visits flowers of	http://purl.obolibrary.org/obo/RO_0002622
LIFE4POLL1729	LIFE4POLL1729-a-1002142	LIFE4POLL1729-p-1002142	visits flowers of	http://purl.obolibrary.org/obo/RO_0002622
LIFE4POLL1730	LIFE4POLL1730-a-1002143	LIFE4POLL1730-p-1002143	visits flowers of	http://purl.obolibrary.org/obo/RO_0002622
LIFE4POLL1836	LIFE4POLL1836-a-1002144	LIFE4POLL1836-p-1002144	visits flowers of	http://purl.obolibrary.org/obo/RO_0002622
LIFE4POLL1979	LIFE4POLL1979-a-1002145	LIFE4POLL1979-p-1002145	visits flowers of	http://purl.obolibrary.org/obo/RO_0002622
LIFE4POLL1979	LIFE4POLL1979-a-1002146	LIFE4POLL1979-p-1002146	visits flowers of	http://purl.obolibrary.org/obo/RO_0002622
LIFE4POLL1995	LIFE4POLL1995-a-1002147	LIFE4POLL1995-p-1002147	visits flowers of	http://purl.obolibrary.org/obo/RO_0002622
LIFE4POLL1997	LIFE4POLL1997-a-1002148	LIFE4POLL1997-p-1002148	visits flowers of	http://purl.obolibrary.org/obo/RO_0002622
LIFE4POLL2021	LIFE4POLL2021-a-1002149	LIFE4POLL2021-p-1002149	visits flowers of	http://purl.obolibrary.org/obo/RO_0002622
LIFE4POLL2022	LIFE4POLL2022-a-1002150	LIFE4POLL2022-p-1002150	visits flowers of	http://purl.obolibrary.org/obo/RO_0002622
LIFE4POLL2035	LIFE4POLL2035-a-1002151	LIFE4POLL2035-p-1002151	visits flowers of	http://purl.obolibrary.org/obo/RO_0002622
LIFE4POLL2057	LIFE4POLL2057-a-1002152	LIFE4POLL2057-p-1002152	visits flowers of	http://purl.obolibrary.org/obo/RO_0002622
LIFE4POLL20	LIFE4POLL20-a-1002153	LIFE4POLL20-p-1002153	visits flowers of	http://purl.obolibrary.org/obo/RO_0002622
LIFE4POLL20	LIFE4POLL20-a-1002154	LIFE4POLL20-p-1002154	visits flowers of	http://purl.obolibrary.org/obo/RO_0002622
LIFE4POLL20	LIFE4POLL20-a-1002155	LIFE4POLL20-p-1002155	visits flowers of	http://purl.obolibrary.org/obo/RO_0002622
LIFE4POLL215	LIFE4POLL215-a-1002156	LIFE4POLL215-p-1002156	visits flowers of	http://purl.obolibrary.org/obo/RO_0002622
LIFE4POLL217	LIFE4POLL217-a-1002157	LIFE4POLL217-p-1002157	visits flowers of	http://purl.obolibrary.org/obo/RO_0002622
LIFE4POLL2184	LIFE4POLL2184-a-1002158	LIFE4POLL2184-p-1002158	visits flowers of	http://purl.obolibrary.org/obo/RO_0002622
LIFE4POLL2184	LIFE4POLL2184-a-1002159	LIFE4POLL2184-p-1002159	visits flowers of	http://purl.obolibrary.org/obo/RO_0002622
LIFE4POLL2184	LIFE4POLL2184-a-1002160	LIFE4POLL2184-p-1002160	visits flowers of	http://purl.obolibrary.org/obo/RO_0002622
LIFE4POLL2209	LIFE4POLL2209-a-1002161	LIFE4POLL2209-p-1002161	visits flowers of	http://purl.obolibrary.org/obo/RO_0002622
LIFE4POLL2209	LIFE4POLL2209-a-1002162	LIFE4POLL2209-p-1002162	visits flowers of	http://purl.obolibrary.org/obo/RO_0002622
LIFE4POLL2251	LIFE4POLL2251-a-1002163	LIFE4POLL2251-p-1002163	visits flowers of	http://purl.obolibrary.org/obo/RO_0002622
LIFE4POLL225	LIFE4POLL225-a-1002164	LIFE4POLL225-p-1002164	visits flowers of	http://purl.obolibrary.org/obo/RO_0002622
LIFE4POLL227	LIFE4POLL227-a-1002165	LIFE4POLL227-p-1002165	visits flowers of	http://purl.obolibrary.org/obo/RO_0002622
LIFE4POLL2293	LIFE4POLL2293-a-1002166	LIFE4POLL2293-p-1002166	visits flowers of	http://purl.obolibrary.org/obo/RO_0002622
LIFE4POLL2310	LIFE4POLL2310-a-1002167	LIFE4POLL2310-p-1002167	visits flowers of	http://purl.obolibrary.org/obo/RO_0002622
LIFE4POLL2332	LIFE4POLL2332-a-1002168	LIFE4POLL2332-p-1002168	visits flowers of	http://purl.obolibrary.org/obo/RO_0002622
LIFE4POLL2342	LIFE4POLL2342-a-1002169	LIFE4POLL2342-p-1002169	visits flowers of	http://purl.obolibrary.org/obo/RO_0002622
LIFE4POLL2353	LIFE4POLL2353-a-1002170	LIFE4POLL2353-p-1002170	visits flowers of	http://purl.obolibrary.org/obo/RO_0002622
LIFE4POLL2409	LIFE4POLL2409-a-1002171	LIFE4POLL2409-p-1002171	visits flowers of	http://purl.obolibrary.org/obo/RO_0002622
LIFE4POLL2409	LIFE4POLL2409-a-1002172	LIFE4POLL2409-p-1002172	visits flowers of	http://purl.obolibrary.org/obo/RO_0002622
LIFE4POLL423	LIFE4POLL423-a-1002173	LIFE4POLL423-p-1002173	visits flowers of	http://purl.obolibrary.org/obo/RO_0002622
LIFE4POLL580	LIFE4POLL580-a-1002174	LIFE4POLL580-p-1002174	visits flowers of	http://purl.obolibrary.org/obo/RO_0002622
LIFE4POLL641	LIFE4POLL641-a-1002175	LIFE4POLL641-p-1002175	visits flowers of	http://purl.obolibrary.org/obo/RO_0002622
LIFE4POLL652	LIFE4POLL652-a-1002176	LIFE4POLL652-p-1002176	visits flowers of	http://purl.obolibrary.org/obo/RO_0002622
LIFE4POLL652	LIFE4POLL652-a-1002177	LIFE4POLL652-p-1002177	visits flowers of	http://purl.obolibrary.org/obo/RO_0002622
LIFE4POLL764	LIFE4POLL764-a-1002178	LIFE4POLL764-p-1002178	visits flowers of	http://purl.obolibrary.org/obo/RO_0002622
LIFE4POLL771	LIFE4POLL771-a-1002179	LIFE4POLL771-p-1002179	visits flowers of	http://purl.obolibrary.org/obo/RO_0002622
LIFE4POLL784	LIFE4POLL784-a-1002180	LIFE4POLL784-p-1002180	visits flowers of	http://purl.obolibrary.org/obo/RO_0002622
LIFE4POLL825	LIFE4POLL825-a-1002181	LIFE4POLL825-p-1002181	visits flowers of	http://purl.obolibrary.org/obo/RO_0002622
LIFE4POLL825	LIFE4POLL825-a-1002182	LIFE4POLL825-p-1002182	visits flowers of	http://purl.obolibrary.org/obo/RO_0002622
LIFE4POLL825	LIFE4POLL825-a-1002183	LIFE4POLL825-p-1002183	visits flowers of	http://purl.obolibrary.org/obo/RO_0002622
LIFE4POLL828	LIFE4POLL828-a-1002184	LIFE4POLL828-p-1002184	visits flowers of	http://purl.obolibrary.org/obo/RO_0002622
LIFE4POLL828	LIFE4POLL828-a-1002185	LIFE4POLL828-p-1002185	visits flowers of	http://purl.obolibrary.org/obo/RO_0002622
LIFE4POLL828	LIFE4POLL828-a-1002186	LIFE4POLL828-p-1002186	visits flowers of	http://purl.obolibrary.org/obo/RO_0002622
LIFE4POLL828	LIFE4POLL828-a-1002187	LIFE4POLL828-p-1002187	visits flowers of	http://purl.obolibrary.org/obo/RO_0002622
LIFE4POLL828	LIFE4POLL828-a-1002188	LIFE4POLL828-p-1002188	visits flowers of	http://purl.obolibrary.org/obo/RO_0002622
LIFE4POLL828	LIFE4POLL828-a-1002189	LIFE4POLL828-p-1002189	visits flowers of	http://purl.obolibrary.org/obo/RO_0002622
LIFE4POLL828	LIFE4POLL828-a-1002190	LIFE4POLL828-p-1002190	visits flowers of	http://purl.obolibrary.org/obo/RO_0002622
LIFE4POLL828	LIFE4POLL828-a-1002191	LIFE4POLL828-p-1002191	visits flowers of	http://purl.obolibrary.org/obo/RO_0002622
LIFE4POLL828	LIFE4POLL828-a-1002192	LIFE4POLL828-p-1002192	visits flowers of	http://purl.obolibrary.org/obo/RO_0002622
LIFE4POLL828	LIFE4POLL828-a-1002193	LIFE4POLL828-p-1002193	visits flowers of	http://purl.obolibrary.org/obo/RO_0002622
LIFE4POLL828	LIFE4POLL828-a-1002194	LIFE4POLL828-p-1002194	visits flowers of	http://purl.obolibrary.org/obo/RO_0002622
LIFE4POLL828	LIFE4POLL828-a-1002195	LIFE4POLL828-p-1002195	visits flowers of	http://purl.obolibrary.org/obo/RO_0002622
LIFE4POLL828	LIFE4POLL828-a-1002196	LIFE4POLL828-p-1002196	visits flowers of	http://purl.obolibrary.org/obo/RO_0002622
LIFE4POLL897	LIFE4POLL897-a-1002197	LIFE4POLL897-p-1002197	visits flowers of	http://purl.obolibrary.org/obo/RO_0002622
LIFE4POLL905	LIFE4POLL905-a-1002198	LIFE4POLL905-p-1002198	visits flowers of	http://purl.obolibrary.org/obo/RO_0002622
LIFE4POLL921	LIFE4POLL921-a-1002199	LIFE4POLL921-p-1002199	visits flowers of	http://purl.obolibrary.org/obo/RO_0002622
LIFE4POLL947	LIFE4POLL947-a-1002200	LIFE4POLL947-p-1002200	visits flowers of	http://purl.obolibrary.org/obo/RO_0002622
LIFE4POLL972	LIFE4POLL972-a-1002201	LIFE4POLL972-p-1002201	visits flowers of	http://purl.obolibrary.org/obo/RO_0002622
LIFE4POLL99	LIFE4POLL99-a-1002202	LIFE4POLL99-p-1002202	visits flowers of	http://purl.obolibrary.org/obo/RO_0002622
